Time,v_l2_regional
2025-10-05 16:12:40.947829962,2.778734888541006
2025-10-05 16:12:41.072720051,3.486869059004761
2025-10-05 16:12:41.197809935,4.275175892022397
2025-10-05 16:12:41.322700024,4.175546401874341
2025-10-05 16:12:41.447900057,3.4016070531342972
2025-10-05 16:12:41.572690010,2.4640407977590897
2025-10-05 16:12:41.697779894,1.1291715551254824
2025-10-05 16:12:41.822669983,1.6653755197731686
2025-10-05 16:12:41.947870016,1.596270528684596
2025-10-05 16:12:42.072760105,1.5379834552552085
2025-10-05 16:12:42.197849989,1.1794687168609004
2025-10-05 16:12:42.322639942,0.8961550137321393
2025-10-05 16:12:42.447839975,1.1730625743763627
2025-10-05 16:12:42.572730064,1.538655028370882
2025-10-05 16:12:42.697819948,1.53334191214313
2025-10-05 16:12:42.822710037,1.8156640453880093
2025-10-05 16:12:42.947799921,1.7088805747065818
2025-10-05 16:12:43.072700024,0.6878205154186301
2025-10-05 16:12:43.197890043,0.7467020742859902
2025-10-05 16:12:43.322679996,1.0018371137791062
2025-10-05 16:12:43.447669983,1.370698906179344
2025-10-05 16:12:43.572570086,1.885624921439972
2025-10-05 16:12:43.697659969,2.2324337890803165
2025-10-05 16:12:43.822550058,2.617079582493003
2025-10-05 16:12:43.947740078,2.937617420991159
2025-10-05 16:12:44.072540045,3.7052323011558936
2025-10-05 16:12:44.197629929,4.12635908281511
2025-10-05 16:12:44.322520018,3.9222311907035774
2025-10-05 16:12:44.447710037,3.3778559131794306
2025-10-05 16:12:44.572609901,2.4036890347720727
2025-10-05 16:12:44.697599888,2.097984410008866
2025-10-05 16:12:44.822590113,3.234316661080204
2025-10-05 16:12:44.947580099,3.1629758330734217
2025-10-05 16:12:45.072380066,3.1887387799057785
2025-10-05 16:12:45.197469950,3.050949113246565
2025-10-05 16:12:45.322360039,3.023874442459788
2025-10-05 16:12:45.447449923,2.972010419179078
2025-10-05 16:12:45.572340012,2.3479448607631856
2025-10-05 16:12:45.697439909,1.608747682234617
2025-10-05 16:12:45.822329998,2.3401862977095984
2025-10-05 16:12:45.947419882,4.253586249066926
2025-10-05 16:12:46.072309971,5.651778703075941
2025-10-05 16:12:46.197410107,5.9043395531696
2025-10-05 16:12:46.322299957,4.952792671592488
2025-10-05 16:12:46.447390079,3.6700138513026066
2025-10-05 16:12:46.572279930,3.758931012957476
2025-10-05 16:12:46.697380066,3.0634757334351432
2025-10-05 16:12:46.822269917,3.595728216705414
2025-10-05 16:12:46.947360039,2.6070703152385466
2025-10-05 16:12:47.072249889,2.0745020753953227
2025-10-05 16:12:47.197449923,2.0293122181388816
2025-10-05 16:12:47.322340012,2.03072207914771
2025-10-05 16:12:47.447429895,1.9126918445679508
2025-10-05 16:12:47.572319984,1.7796453291146255
2025-10-05 16:12:47.697319984,2.0937913586853036
2025-10-05 16:12:47.822210073,2.7862369919516894
2025-10-05 16:12:47.947200060,2.4200208716733207
2025-10-05 16:12:48.072089911,2.474634863762279
2025-10-05 16:12:48.197180033,2.2962942077852846
2025-10-05 16:12:48.322180033,2.3326083715273556
2025-10-05 16:12:48.447170019,2.8045982267185345
2025-10-05 16:12:48.572060108,3.328903968222724
2025-10-05 16:12:48.697149992,3.473321114106101
2025-10-05 16:12:48.822050095,3.763525362324067
2025-10-05 16:12:48.947139978,3.5009106444805917
2025-10-05 16:12:49.072030067,3.303866526616125
2025-10-05 16:12:49.197119951,3.0191092500345613
2025-10-05 16:12:49.322020054,2.4443556598199345
2025-10-05 16:12:49.447109938,2.2348577968195764
2025-10-05 16:12:49.572000027,3.2764607040133655
2025-10-05 16:12:49.697089911,4.031973099130127
2025-10-05 16:12:49.821990013,4.644982489834542
2025-10-05 16:12:49.947079897,3.9888879004920033
2025-10-05 16:12:50.072069883,2.7874479251367634
2025-10-05 16:12:50.197060108,1.9496723514560086
2025-10-05 16:12:50.322050095,3.4035568475098215
2025-10-05 16:12:50.447050095,4.645480540016232
2025-10-05 16:12:50.572040081,4.377824149165455
2025-10-05 16:12:50.697129965,3.386181781805838
2025-10-05 16:12:50.822020054,1.8783547100408775
2025-10-05 16:12:50.947119951,1.8715948149703112
2025-10-05 16:12:51.071909904,3.8894463262106465
2025-10-05 16:12:51.197000027,5.2183732646113
2025-10-05 16:12:51.321990013,5.189378006887507
2025-10-05 16:12:51.447190046,4.06388005618719
2025-10-05 16:12:51.572180033,2.5144135593003094
2025-10-05 16:12:51.697069883,1.5485655538717922
2025-10-05 16:12:51.821959972,1.6437431648669298
2025-10-05 16:12:51.947060108,1.9615806875342907
2025-10-05 16:12:52.071850061,2.943099656891268
2025-10-05 16:12:52.196939945,4.399964425886588
2025-10-05 16:12:52.321929932,6.265200968759162
2025-10-05 16:12:52.447030067,7.289808235278637
2025-10-05 16:12:52.571919918,6.606167818673774
2025-10-05 16:12:52.697010040,4.313715047534404
2025-10-05 16:12:52.822099924,4.04595488183355
2025-10-05 16:12:52.947089911,5.031426094648814
2025-10-05 16:12:53.071890116,5.608605076329384
2025-10-05 16:12:53.196980000,5.444785548384526
2025-10-05 16:12:53.321870089,4.507771821752268
2025-10-05 16:12:53.446959972,3.303794674586558
2025-10-05 16:12:53.571860075,2.2756866207435604
2025-10-05 16:12:53.697050095,1.9532093238255974
2025-10-05 16:12:53.821939945,3.5058867368926445
2025-10-05 16:12:53.947030067,1.94783030402869
2025-10-05 16:12:54.071929932,2.0006130837300224
2025-10-05 16:12:54.197020054,2.0420544634601443
2025-10-05 16:12:54.321909904,2.090264097764682
2025-10-05 16:12:54.447000027,2.221066033421508
2025-10-05 16:12:54.571899891,2.0822371541931166
2025-10-05 16:12:54.696890116,1.917801954292205
2025-10-05 16:12:54.821779966,1.99600264449543
2025-10-05 16:12:54.946870089,2.7533249139686085
2025-10-05 16:12:55.071769953,2.8648997164490337
2025-10-05 16:12:55.196860075,2.913534444286012
2025-10-05 16:12:55.321749926,3.206589862415405
2025-10-05 16:12:55.446739912,4.120907761770365
2025-10-05 16:12:55.571630001,4.082972601031661
2025-10-05 16:12:55.696729898,4.335184015060638
2025-10-05 16:12:55.821520090,4.1084528479959435
2025-10-05 16:12:55.946510077,4.702541334499065
2025-10-05 16:12:56.071599960,3.69546076974019
2025-10-05 16:12:56.196599960,4.164807256345424
2025-10-05 16:12:56.321589947,7.520251363303092
2025-10-05 16:12:56.446680069,9.995378975528192
2025-10-05 16:12:56.571569920,9.45122549915556
2025-10-05 16:12:56.696569920,6.139722737740036
2025-10-05 16:12:56.821559906,3.199223688686562
2025-10-05 16:12:56.946650028,4.673801937955866
2025-10-05 16:12:57.071540117,6.929992769550772
2025-10-05 16:12:57.196540117,7.0423596877288945
2025-10-05 16:12:57.321530104,5.141488493202818
2025-10-05 16:12:57.446520090,4.9848769063688
2025-10-05 16:12:57.571510077,6.406125763791835
2025-10-05 16:12:57.696500063,7.183595835254512
2025-10-05 16:12:57.821500063,6.144277258491352
2025-10-05 16:12:57.946490049,4.232471330197289
2025-10-05 16:12:58.071480036,3.4752588218797813
2025-10-05 16:12:58.196470022,3.512128680514924
2025-10-05 16:12:58.321470022,2.9845524162156205
2025-10-05 16:12:58.446559906,2.2958952114134594
2025-10-05 16:12:58.571549892,2.6117338253364375
2025-10-05 16:12:58.696540117,2.908739925723422
2025-10-05 16:12:58.821540117,2.7796609613458254
2025-10-05 16:12:58.946530104,2.197433508057638
2025-10-05 16:12:59.071520090,2.699319740695562
2025-10-05 16:12:59.196510077,4.0564752606987495
2025-10-05 16:12:59.321510077,4.589898242544082
2025-10-05 16:12:59.446399927,3.784076723994507
2025-10-05 16:12:59.571389914,4.701677663751152
2025-10-05 16:12:59.696379900,3.635312692800787
2025-10-05 16:12:59.821379900,2.5544002755898982
2025-10-05 16:12:59.946369886,2.0169718540715316
2025-10-05 16:13:00.071460009,3.052987864422121
2025-10-05 16:13:00.196549892,4.093882775176764
2025-10-05 16:13:00.321439981,4.873195473511555
2025-10-05 16:13:00.446439981,4.4185632951094815
2025-10-05 16:13:00.571429968,5.053276045878727
2025-10-05 16:13:00.696419954,4.504426340871971
2025-10-05 16:13:00.821409941,3.8594483973042695
2025-10-05 16:13:00.946409941,4.902236278619357
2025-10-05 16:13:01.071300030,7.450665366956329
2025-10-05 16:13:01.196290016,8.232195143957217
2025-10-05 16:13:01.321280003,7.59540760600894
2025-10-05 16:13:01.446280003,5.775665054614537
2025-10-05 16:13:01.571269989,2.3927308812466768
2025-10-05 16:13:01.696259975,3.17464456055241
2025-10-05 16:13:01.821150064,5.311569751419512
2025-10-05 16:13:01.946150064,5.585921277444213
2025-10-05 16:13:02.071039915,4.623632719868872
2025-10-05 16:13:02.196029902,2.2393071125306254
2025-10-05 16:13:02.321120024,2.082102012624803
2025-10-05 16:13:02.446219921,4.09595855318114
2025-10-05 16:13:02.571110010,4.140858837579288
2025-10-05 16:13:02.696099997,3.4600160310332018
2025-10-05 16:13:02.821089983,3.667650246871831
2025-10-05 16:13:02.946079969,4.940990783856133
2025-10-05 16:13:03.071180105,5.071618549727173
2025-10-05 16:13:03.196170092,3.7993344358557386
2025-10-05 16:13:03.321160078,2.6433098902456567
2025-10-05 16:13:03.446150064,3.128590556664773
2025-10-05 16:13:03.571150064,4.7548068900637
2025-10-05 16:13:03.696140051,5.856370930072312
2025-10-05 16:13:03.821130037,5.83886466170633
2025-10-05 16:13:03.946219921,4.729331027814982
2025-10-05 16:13:04.071120024,3.684552492402875
2025-10-05 16:13:04.196110010,4.774117003193076
2025-10-05 16:13:04.320899963,6.285070499748731
2025-10-05 16:13:04.445889950,6.1936084824026265
2025-10-05 16:13:04.571089983,6.006005846447515
2025-10-05 16:13:04.696079969,5.458845352802849
2025-10-05 16:13:04.821170092,5.287516556336349
2025-10-05 16:13:04.946160078,5.6916877136831285
2025-10-05 16:13:05.070950031,5.880520677409805
2025-10-05 16:13:05.195950031,5.13788748607268
2025-10-05 16:13:05.321039915,3.397906550033416
2025-10-05 16:13:05.446130037,3.369139031260286
2025-10-05 16:13:05.571019888,2.636991286992195
2025-10-05 16:13:05.696019888,3.4578927613160584
2025-10-05 16:13:05.820909977,3.977774008645414
2025-10-05 16:13:05.945899963,3.193493744268884
2025-10-05 16:13:06.070990086,1.9210446720882106
2025-10-05 16:13:06.195990086,2.4042791731662003
2025-10-05 16:13:06.320980072,3.8941864674586086
2025-10-05 16:13:06.445970058,4.876656288538873
2025-10-05 16:13:06.570960045,5.570444327339114
2025-10-05 16:13:06.695960045,5.760098343053397
2025-10-05 16:13:06.821049929,5.074011493073552
2025-10-05 16:13:06.946039915,3.914714389624676
2025-10-05 16:13:07.071029902,4.242355925569158
2025-10-05 16:13:07.196019888,5.96866643509421
2025-10-05 16:13:07.320919991,7.245968460148894
2025-10-05 16:13:07.445909977,7.010432836301068
2025-10-05 16:13:07.570899963,5.3117305770251795
2025-10-05 16:13:07.695889950,3.366117892624789
2025-10-05 16:13:07.820990086,3.477409406068223
2025-10-05 16:13:07.946079969,4.577738711918066
2025-10-05 16:13:08.070869923,4.430810330051065
2025-10-05 16:13:08.195859909,2.753158923332842
2025-10-05 16:13:08.320859909,1.2437014283559986
2025-10-05 16:13:08.445849895,3.1483567395619656
2025-10-05 16:13:08.570839882,4.80001496232668
2025-10-05 16:13:08.695830107,5.0713594334592385
2025-10-05 16:13:08.820830107,4.013886672947244
2025-10-05 16:13:08.945719957,2.478877845723595
2025-10-05 16:13:09.070709944,1.3648191319075027
2025-10-05 16:13:09.195600033,1.3627144532877205
2025-10-05 16:13:09.320600033,1.3051397560066125
2025-10-05 16:13:09.445489883,0.995738678626325
2025-10-05 16:13:09.570480108,1.0059664028870448
2025-10-05 16:13:09.695569992,1.5377752065212582
2025-10-05 16:13:09.820569992,2.3936830388288675
2025-10-05 16:13:09.945559978,3.447411583083712
2025-10-05 16:13:10.070549965,4.503284740478277
2025-10-05 16:13:10.195440054,5.079335804431151
2025-10-05 16:13:10.320630074,4.278619311713505
2025-10-05 16:13:10.445529938,2.403078396821304
2025-10-05 16:13:10.570519924,1.1665940429391006
2025-10-05 16:13:10.695410013,3.0833630709794786
2025-10-05 16:13:10.820400000,4.629353973120277
2025-10-05 16:13:10.945499897,5.075160402283483
2025-10-05 16:13:11.070489883,4.668419932260673
2025-10-05 16:13:11.195379972,3.8017946055626144
2025-10-05 16:13:11.320369959,2.7523199430362837
2025-10-05 16:13:11.445470095,1.8567034433900582
2025-10-05 16:13:11.570460081,1.1372289754655835
2025-10-05 16:13:11.695450068,1.28361448626671
2025-10-05 16:13:11.820539951,1.5230802713435692
2025-10-05 16:13:11.945440054,1.5212143165492824
2025-10-05 16:13:12.070430040,1.1149956741434022
2025-10-05 16:13:12.195420027,0.716526280193895
2025-10-05 16:13:12.320410013,0.6079930301197951
2025-10-05 16:13:12.445400000,1.1168390267977295
2025-10-05 16:13:12.570400000,1.119193199128618
2025-10-05 16:13:12.695389986,1.513796160071593
2025-10-05 16:13:12.820480108,1.9909896266371536
2025-10-05 16:13:12.945470095,1.7497815901989733
2025-10-05 16:13:13.070470095,1.2158206276673797
2025-10-05 16:13:13.195359945,0.8026642785014478
2025-10-05 16:13:13.320349932,1.4412027667990548
2025-10-05 16:13:13.445339918,1.9855267177060976
2025-10-05 16:13:13.570339918,1.8202329006412887
2025-10-05 16:13:13.695329905,1.943098732215826
2025-10-05 16:13:13.820319891,3.8386927087352922
2025-10-05 16:13:13.945310116,5.811963912732468
2025-10-05 16:13:14.070310116,6.643983178861721
2025-10-05 16:13:14.195300102,6.016446909850136
2025-10-05 16:13:14.320290089,3.409179383054044
2025-10-05 16:13:14.445280075,2.0941159968064706
2025-10-05 16:13:14.570280075,1.6597689846379973
2025-10-05 16:13:14.695169926,1.5869733032622981
2025-10-05 16:13:14.820159912,2.0852758275987733
2025-10-05 16:13:14.945250034,3.0062055305886854
2025-10-05 16:13:15.070240021,3.261434271937502
2025-10-05 16:13:15.195240021,2.5827210616675207
2025-10-05 16:13:15.320230007,3.0552297479897486
2025-10-05 16:13:15.445219994,4.83945738287819
2025-10-05 16:13:15.570310116,3.944645987657547
2025-10-05 16:13:15.695209980,3.2236204714008645
2025-10-05 16:13:15.820300102,1.9201816859234961
2025-10-05 16:13:15.945290089,1.6855427790338795
2025-10-05 16:13:16.070280075,4.238358988420814
2025-10-05 16:13:16.195179939,6.0532942137652
2025-10-05 16:13:16.320169926,6.809852532186158
2025-10-05 16:13:16.445159912,6.570062846559858
2025-10-05 16:13:16.570250034,6.291928900356849
2025-10-05 16:13:16.695149899,6.084626766858322
2025-10-05 16:13:16.820139885,4.835836730573107
2025-10-05 16:13:16.945130110,2.8239827821117283
2025-10-05 16:13:17.070120096,2.4366119748094897
2025-10-05 16:13:17.195110083,3.8558224079209413
2025-10-05 16:13:17.320110083,4.516038590888036
2025-10-05 16:13:17.444999933,3.913298350460261
2025-10-05 16:13:17.569989920,4.204004253858517
2025-10-05 16:13:17.694979906,2.945970168687686
2025-10-05 16:13:17.820080042,3.937646378422394
2025-10-05 16:13:17.945070028,5.665269305686689
2025-10-05 16:13:18.070060015,6.096162497665933
2025-10-05 16:13:18.195050001,6.080474576112478
2025-10-05 16:13:18.320050001,4.4420632566241105
2025-10-05 16:13:18.445039988,2.908738711896447
2025-10-05 16:13:18.570130110,2.1225609009001367
2025-10-05 16:13:18.695019960,2.4546473889014586
2025-10-05 16:13:18.820019960,2.610665159103902
2025-10-05 16:13:18.945009947,2.685670075998166
2025-10-05 16:13:19.069999933,2.201247183263617
2025-10-05 16:13:19.194989920,3.3870996162583884
2025-10-05 16:13:19.319989920,5.103823385599224
2025-10-05 16:13:19.444979906,6.670633928957537
2025-10-05 16:13:19.569969893,6.976352692061986
2025-10-05 16:13:19.694960117,6.125583464406249
2025-10-05 16:13:19.819950104,3.9567225269310313
2025-10-05 16:13:19.944950104,2.6342143532394537
2025-10-05 16:13:20.069839954,2.6470643832925567
2025-10-05 16:13:20.194829941,3.6739905487378772
2025-10-05 16:13:20.319819927,4.44340574733191
2025-10-05 16:13:20.444920063,4.450587508249893
2025-10-05 16:13:20.569809914,4.907897389209762
2025-10-05 16:13:20.694799900,5.239786100924707
2025-10-05 16:13:20.819689989,6.188567664279474
2025-10-05 16:13:20.944689989,6.169724233222767
2025-10-05 16:13:21.069679976,5.099078872938622
2025-10-05 16:13:21.194669962,3.493080249512456
2025-10-05 16:13:21.319659948,2.6823597457642574
2025-10-05 16:13:21.444659948,1.6196296093021545
2025-10-05 16:13:21.569849968,2.355512123644877
2025-10-05 16:13:21.694839954,3.3823335984849257
2025-10-05 16:13:21.819730043,3.417320505562545
2025-10-05 16:13:21.944730043,4.345900715710411
2025-10-05 16:13:22.069619894,3.280727324658282
2025-10-05 16:13:22.194610119,2.06173664819631
2025-10-05 16:13:22.319499969,2.6255574130183272
2025-10-05 16:13:22.444489956,3.25693103331096
2025-10-05 16:13:22.569489956,4.706223749972241
2025-10-05 16:13:22.694479942,4.326767052003003
2025-10-05 16:13:22.819570065,2.3806762418845393
2025-10-05 16:13:22.944560051,2.7965973984917807
2025-10-05 16:13:23.069560051,2.841874806996519
2025-10-05 16:13:23.194550037,5.269970564650123
2025-10-05 16:13:23.319540024,7.986105915785337
2025-10-05 16:13:23.444530010,4.200337694591202
2025-10-05 16:13:23.569530010,5.5519831350555044
2025-10-05 16:13:23.694519997,6.95428389737689
2025-10-05 16:13:23.819509983,2.4246137917477197
2025-10-05 16:13:23.944499969,4.2339447307112765
2025-10-05 16:13:24.069499969,8.7297337098743
2025-10-05 16:13:24.194489956,10.752355271407938
2025-10-05 16:13:24.319580078,10.345565127237233
2025-10-05 16:13:24.444469929,7.981412499983525
2025-10-05 16:13:24.569560051,5.122042279444524
2025-10-05 16:13:24.694560051,3.3738920747679155
2025-10-05 16:13:24.819550037,4.583774476179075
2025-10-05 16:13:24.944540024,1.6571654053339098
2025-10-05 16:13:25.069430113,1.550153910784507
2025-10-05 16:13:25.194430113,2.688030298612814
2025-10-05 16:13:25.319420099,3.456328114133951
2025-10-05 16:13:25.444410086,3.5669231546790776
2025-10-05 16:13:25.569400072,2.8163480257005706
2025-10-05 16:13:25.694499969,1.6623235160264382
2025-10-05 16:13:25.819489956,1.6585085052332413
2025-10-05 16:13:25.944479942,2.118385175215251
2025-10-05 16:13:26.069370031,2.9541875574406236
2025-10-05 16:13:26.194370031,3.3946745532504665
2025-10-05 16:13:26.319459915,3.059286810318215
2025-10-05 16:13:26.444449902,1.7701072072010207
2025-10-05 16:13:26.569339991,0.7291634520147038
2025-10-05 16:13:26.694339991,2.447353891064848
2025-10-05 16:13:26.819329977,3.780409766387732
2025-10-05 16:13:26.944319963,3.933738192575702
2025-10-05 16:13:27.069309950,2.825980535763516
2025-10-05 16:13:27.194299936,1.6584774585013962
2025-10-05 16:13:27.319299936,2.260836515492883
2025-10-05 16:13:27.444289923,2.822396328362877
2025-10-05 16:13:27.569279909,2.419203382383859
2025-10-05 16:13:27.694269896,1.4735299146386536
2025-10-05 16:13:27.819269896,1.2255459418807
2025-10-05 16:13:27.944259882,2.1531355493228936
2025-10-05 16:13:28.069149971,4.3655968838720085
2025-10-05 16:13:28.194139957,6.957581286993332
2025-10-05 16:13:28.319240093,8.592443401994263
2025-10-05 16:13:28.444230080,8.467900609279022
2025-10-05 16:13:28.569220066,4.4549729652036305
2025-10-05 16:13:28.694210052,1.8938703422062706
2025-10-05 16:13:28.819210052,6.237178451979328
2025-10-05 16:13:28.944200039,9.016972643636416
2025-10-05 16:13:29.069190025,9.265935115499717
2025-10-05 16:13:29.194180012,7.7461913743522866
2025-10-05 16:13:29.319180012,5.2373637969367515
2025-10-05 16:13:29.444169998,2.8679486656890756
2025-10-05 16:13:29.569259882,1.4416527335370157
2025-10-05 16:13:29.694250107,1.6979759733357547
2025-10-05 16:13:29.819240093,1.895171516319235
2025-10-05 16:13:29.944240093,1.6514973104598143
2025-10-05 16:13:30.069230080,1.2506601100575845
2025-10-05 16:13:30.194119930,1.4677905609935475
2025-10-05 16:13:30.319109917,1.5215800117828167
2025-10-05 16:13:30.444010019,1.672061478527106
2025-10-05 16:13:30.569000006,2.2196073531789913
2025-10-05 16:13:30.693890095,2.538693586632996
2025-10-05 16:13:30.818880081,2.0166800455828384
2025-10-05 16:13:30.943880081,0.9962319857515619
2025-10-05 16:13:31.068870068,1.1503004942061876
2025-10-05 16:13:31.193860054,2.273164425483559
2025-10-05 16:13:31.318949938,2.9261595580998754
2025-10-05 16:13:31.443850040,3.0933915577989386
2025-10-05 16:13:31.568939924,2.869652241977284
2025-10-05 16:13:31.693830013,2.844237439043021
2025-10-05 16:13:31.818820000,3.021504102830987
2025-10-05 16:13:31.943820000,3.8526192529926306
2025-10-05 16:13:32.068909883,3.3701297618202717
2025-10-05 16:13:32.193900108,3.593282962782049
2025-10-05 16:13:32.318789959,2.944602891420803
2025-10-05 16:13:32.443779945,1.5883253711987826
2025-10-05 16:13:32.568979979,3.0039484758727553
2025-10-05 16:13:32.694070101,5.2032450952512335
2025-10-05 16:13:32.818959951,6.37129538546772
2025-10-05 16:13:32.944050074,6.302424353321089
2025-10-05 16:13:33.068949938,5.491745222349586
2025-10-05 16:13:33.193939924,4.215282564822434
2025-10-05 16:13:33.318830013,2.7808610913481906
2025-10-05 16:13:33.443720102,1.6250444600575549
2025-10-05 16:13:33.568820000,0.9312168448127429
2025-10-05 16:13:33.693710089,0.953061501040594
2025-10-05 16:13:33.818799973,1.0430385196023446
2025-10-05 16:13:33.943690062,1.0223661853673074
2025-10-05 16:13:34.068789959,0.8117530199737479
2025-10-05 16:13:34.193579912,0.5870475341201087
2025-10-05 16:13:34.318670034,0.6305712337079767
2025-10-05 16:13:34.443660021,1.2996267120178202
2025-10-05 16:13:34.568749905,2.0149535245719687
2025-10-05 16:13:34.693650007,2.1474849528329645
2025-10-05 16:13:34.818739891,1.6232129734403309
2025-10-05 16:13:34.943629980,0.6716456107907649
2025-10-05 16:13:35.068720102,0.9911637685585816
2025-10-05 16:13:35.193720102,1.8196607902607838
2025-10-05 16:13:35.318809986,2.15879478462544
2025-10-05 16:13:35.443700075,1.897827001348977
2025-10-05 16:13:35.568690062,1.309142134768605
2025-10-05 16:13:35.693589926,0.8462123846743499
2025-10-05 16:13:35.818680048,0.6274441714848025
2025-10-05 16:13:35.943670034,0.6400341848225765
2025-10-05 16:13:36.068660021,1.2228244494591203
2025-10-05 16:13:36.193559885,1.950054330032948
2025-10-05 16:13:36.318449974,2.744852407941864
2025-10-05 16:13:36.443439960,3.051369542965748
2025-10-05 16:13:36.568429947,2.661540970456025
2025-10-05 16:13:36.693330050,1.7203049684422964
2025-10-05 16:13:36.818419933,1.0935520301063641
2025-10-05 16:13:36.943409920,1.4526694399735263
2025-10-05 16:13:37.068399906,2.0058413766836725
2025-10-05 16:13:37.193289995,3.033769114262199
2025-10-05 16:13:37.318389893,4.933856787767786
2025-10-05 16:13:37.443279982,8.45257215030589
2025-10-05 16:13:37.568370104,10.327251538541573
2025-10-05 16:13:37.693360090,9.402702605199249
2025-10-05 16:13:37.818459988,7.810856067934567
2025-10-05 16:13:37.943249941,4.794028823314765
2025-10-05 16:13:38.068439960,2.2500051115295276
2025-10-05 16:13:38.193229914,5.235104584123538
2025-10-05 16:13:38.318330050,7.173043841051838
2025-10-05 16:13:38.443320036,8.264479180137656
2025-10-05 16:13:38.568409920,6.407940583985057
2025-10-05 16:13:38.693399906,4.76374940776068
2025-10-05 16:13:38.818500042,3.1421618324227065
2025-10-05 16:13:38.943289995,2.4599076124465014
2025-10-05 16:13:39.068380117,2.790779760926683
2025-10-05 16:13:39.193370104,3.686249729638173
2025-10-05 16:13:39.318360090,4.0835060260966625
2025-10-05 16:13:39.443360090,3.8988031324183643
2025-10-05 16:13:39.568350077,3.413597320251616
2025-10-05 16:13:39.693239927,2.7570136916382455
2025-10-05 16:13:39.818330050,2.626153039082451
2025-10-05 16:13:39.943330050,3.0515854752374647
2025-10-05 16:13:40.068419933,3.3421131390594034
2025-10-05 16:13:40.193310022,3.438253227375166
2025-10-05 16:13:40.318500042,3.6269935753452542
2025-10-05 16:13:40.443399906,2.383703104955554
2025-10-05 16:13:40.568389893,2.4340908016212643
2025-10-05 16:13:40.693380117,6.238434039645728
2025-10-05 16:13:40.818470001,9.464689940756973
2025-10-05 16:13:40.943470001,11.289318519215543
2025-10-05 16:13:41.068559885,10.850578724145754
2025-10-05 16:13:41.193550110,7.091839700877519
2025-10-05 16:13:41.318439960,3.3090526067962025
2025-10-05 16:13:41.443340063,5.378746909046102
2025-10-05 16:13:41.568429947,7.937635667893602
2025-10-05 16:13:41.693219900,7.101107354112756
2025-10-05 16:13:41.818310022,4.51455258490465
2025-10-05 16:13:41.943099976,5.073411841800596
2025-10-05 16:13:42.068200111,6.828897095452566
2025-10-05 16:13:42.192990065,4.684975334711858
2025-10-05 16:13:42.318079948,2.542288585984045
2025-10-05 16:13:42.442869902,3.999629269092948
2025-10-05 16:13:42.567970037,7.1775454383790755
2025-10-05 16:13:42.692859888,9.039796487111252
2025-10-05 16:13:42.817950010,8.908895772030938
2025-10-05 16:13:42.942840099,7.269992199208694
2025-10-05 16:13:43.067939997,4.700557196818293
2025-10-05 16:13:43.193030119,2.9091507958995093
2025-10-05 16:13:43.318020105,2.922022728457807
2025-10-05 16:13:43.443010092,4.728223340716732
2025-10-05 16:13:43.568109989,5.536319507260735
2025-10-05 16:13:43.693000078,6.659053170520379
2025-10-05 16:13:43.817889929,6.328444738217419
2025-10-05 16:13:43.942679882,6.119944182715275
2025-10-05 16:13:44.067879915,4.7410291380308704
2025-10-05 16:13:44.192770004,3.355088405431443
2025-10-05 16:13:44.317960024,3.5903605832925405
2025-10-05 16:13:44.442749977,5.169145910306923
2025-10-05 16:13:44.567939997,7.2661883378546355
2025-10-05 16:13:44.692840099,7.828437464703717
2025-10-05 16:13:44.817929983,7.845174109205623
2025-10-05 16:13:44.942820072,6.203245187330218
2025-10-05 16:13:45.067909956,3.550594215381314
2025-10-05 16:13:45.192810059,3.018827702402624
2025-10-05 16:13:45.317899942,3.363886932311414
2025-10-05 16:13:45.442790031,4.422003206234817
2025-10-05 16:13:45.567879915,4.846599670719487
2025-10-05 16:13:45.692780018,3.919214971438605
2025-10-05 16:13:45.817970037,3.721873464429575
2025-10-05 16:13:45.942759991,3.257962550868564
2025-10-05 16:13:46.067749977,2.5932125613437957
2025-10-05 16:13:46.192850113,1.7928734153702124
2025-10-05 16:13:46.317939997,2.3400802285300504
2025-10-05 16:13:46.442729950,3.6100107120290175
2025-10-05 16:13:46.567919970,3.5395936556120735
2025-10-05 16:13:46.692810059,3.3691590021538755
2025-10-05 16:13:46.817810059,2.6382850415854433
2025-10-05 16:13:46.942800045,2.5199886658947506
2025-10-05 16:13:47.067790031,3.68626006619124
2025-10-05 16:13:47.192879915,4.409856195854492
2025-10-05 16:13:47.317780018,4.087528863742034
2025-10-05 16:13:47.442670107,3.4370487805811685
2025-10-05 16:13:47.567660093,2.7219872501001006
2025-10-05 16:13:47.692549944,2.2272179856688363
2025-10-05 16:13:47.817749977,2.944196869062258
2025-10-05 16:13:47.942640066,3.2360509060152705
2025-10-05 16:13:48.067630053,3.6803110337294864
2025-10-05 16:13:48.192519903,2.5732416028201186
2025-10-05 16:13:48.317719936,2.4271114036561023
2025-10-05 16:13:48.442610025,1.9515837045914144
2025-10-05 16:13:48.567699909,2.575395935293397
2025-10-05 16:13:48.692589998,3.3392715118095744
2025-10-05 16:13:48.817589998,3.4913878131847875
2025-10-05 16:13:48.942280054,2.477516679295722
2025-10-05 16:13:49.067470074,2.19661644542897
2025-10-05 16:13:49.192460060,2.7095027340738644
2025-10-05 16:13:49.317549944,3.512207121971276
2025-10-05 16:13:49.442450047,4.641989822139775
2025-10-05 16:13:49.567640066,4.331320243885027
2025-10-05 16:13:49.692529917,3.093725298869674
2025-10-05 16:13:49.817620039,1.4072746955278488
2025-10-05 16:13:49.942620039,3.3269900780352493
2025-10-05 16:13:50.067709923,5.932538880253315
2025-10-05 16:13:50.192600012,7.200978302573147
2025-10-05 16:13:50.317589998,6.187471562210974
2025-10-05 16:13:50.442490101,3.243978646121263
2025-10-05 16:13:50.567579985,1.4541443005924475
2025-10-05 16:13:50.692470074,4.341048755664522
2025-10-05 16:13:50.817559958,6.423482547417464
2025-10-05 16:13:50.942460060,6.780368247119824
2025-10-05 16:13:51.067549944,5.585190342955019
2025-10-05 16:13:51.192539930,3.107144615819804
2025-10-05 16:13:51.317529917,1.9124261063796038
2025-10-05 16:13:51.442430019,2.100986969560496
2025-10-05 16:13:51.567620039,2.2606290213319498
2025-10-05 16:13:51.692509890,1.6914209288922586
2025-10-05 16:13:51.817600012,0.8332980838922525
2025-10-05 16:13:51.942490101,1.152038940665853
2025-10-05 16:13:52.067589998,1.905891566568583
2025-10-05 16:13:52.192480087,1.549703122659224
2025-10-05 16:13:52.317569971,1.4135007348127737
2025-10-05 16:13:52.442559958,2.840174096460022
2025-10-05 16:13:52.567559958,4.118892242235373
2025-10-05 16:13:52.692450047,4.540682111279731
2025-10-05 16:13:52.817539930,3.9810534225325984
2025-10-05 16:13:52.942430019,2.78300114975798
2025-10-05 16:13:53.067430019,1.7400223999313922
2025-10-05 16:13:53.192320108,1.990264414860875
2025-10-05 16:13:53.317409992,2.4018178192349446
2025-10-05 16:13:53.442300081,1.9999874002752487
2025-10-05 16:13:53.567399979,3.8401972432181792
2025-10-05 16:13:53.692290068,6.836294725873161
2025-10-05 16:13:53.817480087,8.683610490370638
2025-10-05 16:13:53.942369938,7.248304133807805
2025-10-05 16:13:54.067359924,3.5611022200968194
2025-10-05 16:13:54.192260027,3.7172793048225476
2025-10-05 16:13:54.317349911,8.235431210504826
2025-10-05 16:13:54.442240000,10.816277781797732
2025-10-05 16:13:54.567329884,10.783938563804284
2025-10-05 16:13:54.692229986,8.486153328098236
2025-10-05 16:13:54.817219973,5.04514095906829
2025-10-05 16:13:54.942110062,2.7526099747609085
2025-10-05 16:13:55.067199945,1.9865977266816
2025-10-05 16:13:55.192100048,3.2057917794528548
2025-10-05 16:13:55.317189932,5.206611333792642
2025-10-05 16:13:55.442080021,6.294925676699171
2025-10-05 16:13:55.567070007,5.403840551466752
2025-10-05 16:13:55.692070007,3.66544489797954
2025-10-05 16:13:55.816960096,1.9765702322669938
2025-10-05 16:13:55.941849947,4.892352486930675
2025-10-05 16:13:56.066839933,6.938149690215378
2025-10-05 16:13:56.191740036,7.210925514160214
2025-10-05 16:13:56.316829920,4.083634750374811
2025-10-05 16:13:56.441720009,2.180994876695036
2025-10-05 16:13:56.566809893,2.517208375858265
2025-10-05 16:13:56.691800117,3.2893320250837785
2025-10-05 16:13:56.816800117,3.462437521892308
2025-10-05 16:13:56.941790104,4.040347623229777
2025-10-05 16:13:57.066780090,4.593776104435707
2025-10-05 16:13:57.191669941,4.764852569379036
2025-10-05 16:13:57.316669941,3.945942307252223
2025-10-05 16:13:57.441659927,2.5285541963458575
2025-10-05 16:13:57.566649914,3.462597332139199
2025-10-05 16:13:57.691639900,5.18246526602709
2025-10-05 16:13:57.816639900,5.636308958030891
2025-10-05 16:13:57.941629887,4.620258333656085
2025-10-05 16:13:58.066720009,3.002391892872164
2025-10-05 16:13:58.191610098,3.131566353839321
2025-10-05 16:13:58.316709995,3.9674580020482573
2025-10-05 16:13:58.441699982,3.8806970639284306
2025-10-05 16:13:58.566689968,2.8292390875357727
2025-10-05 16:13:58.691679955,3.1122932953945317
2025-10-05 16:13:58.816679955,4.424463530515169
2025-10-05 16:13:58.941669941,5.049485685689187
2025-10-05 16:13:59.066760062,5.136035494355325
2025-10-05 16:13:59.191750050,6.253920087319494
2025-10-05 16:13:59.316740036,8.603020568357776
2025-10-05 16:13:59.441639900,10.47583014151596
2025-10-05 16:13:59.566730022,10.791925980060604
2025-10-05 16:13:59.691720009,8.456264648172278
2025-10-05 16:13:59.816709995,3.8763657416036312
2025-10-05 16:13:59.941610098,3.1236901630539085
2025-10-05 16:14:00.066699982,7.915425115522128
2025-10-05 16:14:00.191689968,10.903024820500606
2025-10-05 16:14:00.316580057,11.36081580808336
2025-10-05 16:14:00.441580057,9.274626540482126
2025-10-05 16:14:00.566669941,7.188585328713068
2025-10-05 16:14:00.691659927,5.421907271380938
2025-10-05 16:14:00.816550016,3.9498587830811425
2025-10-05 16:14:00.941550016,3.4977725376576805
2025-10-05 16:14:01.066639900,2.683944694037491
2025-10-05 16:14:01.191529989,1.9709044831245626
2025-10-05 16:14:01.316620111,1.169392736681415
2025-10-05 16:14:01.441420078,1.5994147219846546
2025-10-05 16:14:01.566509962,1.5555700482513635
2025-10-05 16:14:01.691600084,3.708869364629334
2025-10-05 16:14:01.816590071,4.342056552532969
2025-10-05 16:14:01.941580057,6.226638562455127
2025-10-05 16:14:02.066580057,8.595981954571567
2025-10-05 16:14:02.191370010,9.803321944432764
2025-10-05 16:14:02.316459894,8.162408602614459
2025-10-05 16:14:02.441349983,3.8769530099956393
2025-10-05 16:14:02.566550016,5.051494235160375
2025-10-05 16:14:02.691440105,4.803565569901541
2025-10-05 16:14:02.816629887,3.5223876491495782
2025-10-05 16:14:02.941519976,3.3219186406229166
2025-10-05 16:14:03.066620110,3.872643904654997
2025-10-05 16:14:03.191410065,8.86133420395369
2025-10-05 16:14:03.316600084,10.727042101242095
2025-10-05 16:14:03.441790104,10.030695501815602
2025-10-05 16:14:03.566590071,7.328390799277322
2025-10-05 16:14:03.691380024,4.663611330335831
2025-10-05 16:14:03.816469908,2.8524212671042304
2025-10-05 16:14:03.941359997,1.4638774362130684
2025-10-05 16:14:04.066550016,1.2312402150427428
2025-10-05 16:14:04.191450119,1.6309574349933231
2025-10-05 16:14:04.316639900,1.7754638825828735
2025-10-05 16:14:04.441529989,3.6772028960788257
2025-10-05 16:14:04.566620111,5.302351691779318
2025-10-05 16:14:04.691420078,6.176734075959356
2025-10-05 16:14:04.816509962,5.796637664264453
2025-10-05 16:14:04.941400051,4.487669229635582
2025-10-05 16:14:05.066489935,3.0478908709583084
2025-10-05 16:14:05.191390038,3.483165066883029
2025-10-05 16:14:05.316479921,3.7441988546763243
2025-10-05 16:14:05.441370010,3.8435147617184
2025-10-05 16:14:05.566459894,5.09084981214205
2025-10-05 16:14:05.691359997,6.6642083936800764
2025-10-05 16:14:05.816450119,8.51661948244296
2025-10-05 16:14:05.941440105,8.201152167678272
2025-10-05 16:14:06.066430091,6.664453363632646
2025-10-05 16:14:06.191329956,5.253902755464885
2025-10-05 16:14:06.316519976,3.526076245339215
2025-10-05 16:14:06.441410065,3.9595156947635965
2025-10-05 16:14:06.566400051,4.470744449751014
2025-10-05 16:14:06.691289902,3.911623743926364
2025-10-05 16:14:06.816289902,3.50569163080554
2025-10-05 16:14:06.941179991,3.3894480544555083
2025-10-05 16:14:07.066169977,3.61558508904033
2025-10-05 16:14:07.191060066,4.550173470826715
2025-10-05 16:14:07.316159964,6.120397695470023
2025-10-05 16:14:07.441050053,5.746779384515078
2025-10-05 16:14:07.566040039,4.37636691517179
2025-10-05 16:14:07.691030025,3.188507083092533
2025-10-05 16:14:07.816030025,2.7191167165092875
2025-10-05 16:14:07.940920115,2.4259313934946194
2025-10-05 16:14:08.066009998,2.658003251516352
2025-10-05 16:14:08.190999985,3.2736857269687247
2025-10-05 16:14:08.315999985,3.8144694132057215
2025-10-05 16:14:08.440989971,3.190790504360166
2025-10-05 16:14:08.566179991,1.8798692241568966
2025-10-05 16:14:08.691070080,2.080718815944624
2025-10-05 16:14:08.816060066,3.0294539855127343
2025-10-05 16:14:08.940959930,3.181445446452684
2025-10-05 16:14:09.066149950,1.8637696274578157
2025-10-05 16:14:09.191040039,1.0098860265385148
2025-10-05 16:14:09.316129923,1.8702011470961493
2025-10-05 16:14:09.440929890,3.753929928058061
2025-10-05 16:14:09.566020012,4.945094215747614
2025-10-05 16:14:09.691009998,4.24993440504683
2025-10-05 16:14:09.815999985,2.378121815612847
2025-10-05 16:14:09.940999985,2.7825311126352217
2025-10-05 16:14:10.065989970,3.718693248233376
2025-10-05 16:14:10.190979958,4.251430895779267
2025-10-05 16:14:10.315969944,4.265733645225902
2025-10-05 16:14:10.440969944,3.5649032377680316
2025-10-05 16:14:10.566159964,3.679879257992611
2025-10-05 16:14:10.691050053,2.9814955707064628
2025-10-05 16:14:10.816040039,2.7069633061773746
2025-10-05 16:14:10.941040039,3.687288499081405
2025-10-05 16:14:11.066030025,4.291408326679745
2025-10-05 16:14:11.191020012,4.061120422377057
2025-10-05 16:14:11.315910101,3.5686928561945126
2025-10-05 16:14:11.440999985,3.6066241427590575
2025-10-05 16:14:11.565999985,3.2868949733505324
2025-10-05 16:14:11.690989971,2.2974473673428304
2025-10-05 16:14:11.815979958,1.2182426337969379
2025-10-05 16:14:11.940969944,1.837003334757928
2025-10-05 16:14:12.065969944,2.063097781027416
2025-10-05 16:14:12.190959930,1.8960552960176955
2025-10-05 16:14:12.315949917,2.548071348747666
2025-10-05 16:14:12.440939903,3.8841648593293185
2025-10-05 16:14:12.565939903,3.8924431602709046
2025-10-05 16:14:12.691030025,3.2719482699954936
2025-10-05 16:14:12.815920115,2.2343131199024575
2025-10-05 16:14:12.940910101,1.8314936623461875
2025-10-05 16:14:13.065910101,2.6361687807932075
2025-10-05 16:14:13.190900087,3.319391629316922
2025-10-05 16:14:13.315989971,3.2385839250667487
2025-10-05 16:14:13.440880060,1.9339658570347105
2025-10-05 16:14:13.565870047,1.1352834591027257
2025-10-05 16:14:13.690769911,1.7579196564123034
2025-10-05 16:14:13.815759897,2.0372377494922507
2025-10-05 16:14:13.940649986,1.7700842890860444
2025-10-05 16:14:14.065639973,2.08069558712231
2025-10-05 16:14:14.190540075,2.5368722284838765
2025-10-05 16:14:14.315530062,2.127438076336242
2025-10-05 16:14:14.440419912,1.9913718549365031
2025-10-05 16:14:14.565409899,3.3975467718231265
2025-10-05 16:14:14.690510035,3.9674299380479927
2025-10-05 16:14:14.815500021,3.1650966382370145
2025-10-05 16:14:14.940589905,1.6312229788379646
2025-10-05 16:14:15.065579891,2.3294317020115116
2025-10-05 16:14:15.190479994,4.102822284551026
2025-10-05 16:14:15.315570116,5.293787405176421
2025-10-05 16:14:15.440459967,5.39373334121877
2025-10-05 16:14:15.565550089,4.3269338073421
2025-10-05 16:14:15.690449953,3.128615067060823
2025-10-05 16:14:15.815439939,2.140139425429334
2025-10-05 16:14:15.940429926,1.6103554131200368
2025-10-05 16:14:16.065419912,2.275836816723958
2025-10-05 16:14:16.190609932,1.9435374565294596
2025-10-05 16:14:16.315609932,1.4471196688093906
2025-10-05 16:14:16.440399885,1.517664410420251
2025-10-05 16:14:16.565390110,1.8219906933150751
2025-10-05 16:14:16.690380096,2.3853935242771276
2025-10-05 16:14:16.815380096,2.2901102553571513
2025-10-05 16:14:16.940469980,1.5036199165685125
2025-10-05 16:14:17.065459966,1.9915913922917923
2025-10-05 16:14:17.190449953,3.526860533985146
2025-10-05 16:14:17.315449953,4.544851452577878
2025-10-05 16:14:17.440439939,3.6705885656502693
2025-10-05 16:14:17.565429926,2.5322560492279416
2025-10-05 16:14:17.690419912,3.0699118741705744
2025-10-05 16:14:17.815419912,3.88578268395934
2025-10-05 16:14:17.940310001,3.3587744530502137
2025-10-05 16:14:18.065299988,3.734616186014968
2025-10-05 16:14:18.190390110,4.274702833019683
2025-10-05 16:14:18.315390110,3.3465308179178637
2025-10-05 16:14:18.440279961,5.814148644441313
2025-10-05 16:14:18.565269947,7.945965923319266
2025-10-05 16:14:18.690360069,9.423927923831403
2025-10-05 16:14:18.815350056,9.755921002722104
2025-10-05 16:14:18.940350056,8.227116517136686
2025-10-05 16:14:19.065340042,6.415620127782698
2025-10-05 16:14:19.190330029,3.6843003686560354
2025-10-05 16:14:19.315320015,2.217242066347347
2025-10-05 16:14:19.440320015,4.136369038135895
2025-10-05 16:14:19.565310001,5.67545557269044
2025-10-05 16:14:19.690399885,6.803215052064611
2025-10-05 16:14:19.815390110,8.08014096653864
2025-10-05 16:14:19.940390110,7.312053880652432
2025-10-05 16:14:20.065380096,6.328581876408311
2025-10-05 16:14:20.190370083,4.312521124811737
2025-10-05 16:14:20.315360069,2.6132807414325963
2025-10-05 16:14:20.440360069,1.9015028917036247
2025-10-05 16:14:20.565449953,1.624214716179483
2025-10-05 16:14:20.690439939,2.639518030767217
2025-10-05 16:14:20.815429926,3.0536447738620898
2025-10-05 16:14:20.940419912,2.789737172414365
2025-10-05 16:14:21.065320014,2.2900678847666294
2025-10-05 16:14:21.190310001,2.8922475209192857
2025-10-05 16:14:21.315099955,2.88858668125863
2025-10-05 16:14:21.440089941,3.2573051132194
2025-10-05 16:14:21.565190077,3.373071185395811
2025-10-05 16:14:21.690180063,2.9273704299215355
2025-10-05 16:14:21.814970016,2.219874497933386
2025-10-05 16:14:21.939960003,2.1785754176515777
2025-10-05 16:14:22.064960003,2.2340036433268753
2025-10-05 16:14:22.190049887,3.0013757877367255
2025-10-05 16:14:22.315040112,2.774269315613798
2025-10-05 16:14:22.440030098,3.566339831737506
2025-10-05 16:14:22.565129995,3.926221275271937
2025-10-05 16:14:22.690220118,3.8896926634057802
2025-10-05 16:14:22.815010071,3.682724213476418
2025-10-05 16:14:22.940000057,4.198345458019534
2025-10-05 16:14:23.064899921,5.77763321564133
2025-10-05 16:14:23.189889908,5.697018329557028
2025-10-05 16:14:23.314980030,4.8435239487678805
2025-10-05 16:14:23.439970016,4.491714768653281
2025-10-05 16:14:23.564860106,3.0714213869664233
2025-10-05 16:14:23.689860106,2.11145358246594
2025-10-05 16:14:23.814949989,1.6524403413255953
2025-10-05 16:14:23.939939976,1.339225740803805
2025-10-05 16:14:24.064830065,1.6704067905478892
2025-10-05 16:14:24.189830065,2.257270684326096
2025-10-05 16:14:24.314919949,2.7538706883641066
2025-10-05 16:14:24.439909935,2.5927756952682968
2025-10-05 16:14:24.564899921,1.8297248467059202
2025-10-05 16:14:24.689899921,1.2764983292344139
2025-10-05 16:14:24.814790010,1.9220582464225036
2025-10-05 16:14:24.939779997,2.5803172811524067
2025-10-05 16:14:25.064769983,2.696960986027885
2025-10-05 16:14:25.189769983,2.3715371574308084
2025-10-05 16:14:25.314759970,1.8660975765973493
2025-10-05 16:14:25.439749956,1.4137858915133685
2025-10-05 16:14:25.564840078,1.1950139183884012
2025-10-05 16:14:25.689840078,1.0062110002228657
2025-10-05 16:14:25.814830065,0.6833391798790336
2025-10-05 16:14:25.939820051,0.5842802843796374
2025-10-05 16:14:26.064909935,0.7678613570891231
2025-10-05 16:14:26.189899921,1.064897657074965
2025-10-05 16:14:26.314800024,1.4020202614346378
2025-10-05 16:14:26.439790010,1.867239948985467
2025-10-05 16:14:26.564879894,2.2755915559145277
2025-10-05 16:14:26.689870119,2.641431888234675
2025-10-05 16:14:26.814670086,2.8374798508866546
2025-10-05 16:14:26.939660072,2.6180003003335863
2025-10-05 16:14:27.064650058,2.0837729611226843
2025-10-05 16:14:27.189640045,1.4023963465693283
2025-10-05 16:14:27.314640045,1.2324760679289068
2025-10-05 16:14:27.439630032,1.5749844235498018
2025-10-05 16:14:27.564620018,1.6954698819148186
2025-10-05 16:14:27.689610004,1.2561035218208527
2025-10-05 16:14:27.814610004,1.219131706816884
2025-10-05 16:14:27.939599991,2.099862874186254
2025-10-05 16:14:28.064589977,3.1985634231981392
2025-10-05 16:14:28.189579964,3.852325566624917
2025-10-05 16:14:28.314579964,3.711476225347268
2025-10-05 16:14:28.439569950,2.763835322396082
2025-10-05 16:14:28.564559937,1.7796949278190906
2025-10-05 16:14:28.689549923,2.4432256115252122
2025-10-05 16:14:28.814640045,3.526726489603142
2025-10-05 16:14:28.939640045,3.969922935396227
2025-10-05 16:14:29.064630032,3.487729621989784
2025-10-05 16:14:29.189719915,3.3834543584266803
2025-10-05 16:14:29.314510107,4.753006186054201
2025-10-05 16:14:29.439610004,6.0135916473023
2025-10-05 16:14:29.564599991,5.905298321033535
2025-10-05 16:14:29.689490080,4.582969855400509
2025-10-05 16:14:29.814579964,3.7128497358412913
2025-10-05 16:14:29.939480066,4.5764303957972805
2025-10-05 16:14:30.064470053,5.626564522961814
2025-10-05 16:14:30.189460039,5.8568772396559154
2025-10-05 16:14:30.314450026,4.921079075830345
2025-10-05 16:14:30.439349890,3.9939773895745834
2025-10-05 16:14:30.564340115,3.7136856670765437
2025-10-05 16:14:30.689330101,2.8872498624667906
2025-10-05 16:14:30.814320087,2.329889357925447
2025-10-05 16:14:30.939219952,2.044985132838072
2025-10-05 16:14:31.064209937,2.3898264482263674
2025-10-05 16:14:31.189100027,2.5351677806065402
2025-10-05 16:14:31.314090014,2.130281532525045
2025-10-05 16:14:31.439080000,1.7599364942570364
2025-10-05 16:14:31.564080000,1.898199167074547
2025-10-05 16:14:31.689069986,2.159333592148513
2025-10-05 16:14:31.814059973,2.9319025831397
2025-10-05 16:14:31.939150095,3.3961014140848333
2025-10-05 16:14:32.064150095,2.9699129011135166
2025-10-05 16:14:32.189140081,1.9558082197718798
2025-10-05 16:14:32.314229965,1.5557254026420433
2025-10-05 16:14:32.439219952,2.8342736119969096
2025-10-05 16:14:32.564219952,3.0420296631690245
2025-10-05 16:14:32.689110041,2.569439449938692
2025-10-05 16:14:32.814100027,2.181476661923065
2025-10-05 16:14:32.939090014,3.066029597924367
2025-10-05 16:14:33.064090014,3.972661808521806
2025-10-05 16:14:33.189179897,4.127513570412338
2025-10-05 16:14:33.314169884,3.514096237971898
2025-10-05 16:14:33.439260006,2.550425144286144
2025-10-05 16:14:33.564249992,1.791788275126068
2025-10-05 16:14:33.689249992,1.207408687286641
2025-10-05 16:14:33.814239979,1.109367392696847
2025-10-05 16:14:33.939130068,1.0688945839486463
2025-10-05 16:14:34.064120053,0.901256448417292
2025-10-05 16:14:34.189120054,1.0868300079559363
2025-10-05 16:14:34.314110041,1.2266006621100238
2025-10-05 16:14:34.439100027,1.1646921026304553
2025-10-05 16:14:34.564090014,2.0929410634950405
2025-10-05 16:14:34.689090014,0.7953258596771827
2025-10-05 16:14:34.814080000,0.9363527054219476
2025-10-05 16:14:34.939169884,1.5378426481100882
2025-10-05 16:14:35.064160109,2.011422811114747
2025-10-05 16:14:35.189160109,2.3479127593648466
2025-10-05 16:14:35.314150095,2.386743759756952
2025-10-05 16:14:35.439140081,3.255584308355798
2025-10-05 16:14:35.564130068,4.50926107773441
2025-10-05 16:14:35.689120054,5.513340227294749
2025-10-05 16:14:35.814120054,6.6345403154843545
2025-10-05 16:14:35.939009905,6.4740391067443355
2025-10-05 16:14:36.063999891,4.944795355458555
2025-10-05 16:14:36.188990116,3.307971588923113
2025-10-05 16:14:36.313990116,3.3894835879288823
2025-10-05 16:14:36.438980103,3.947813912285604
2025-10-05 16:14:36.563970089,3.2512987232540627
2025-10-05 16:14:36.689059973,2.7578913134616543
2025-10-05 16:14:36.814059973,3.805795245436097
2025-10-05 16:14:36.939049959,5.03341211859336
2025-10-05 16:14:37.063940048,4.449209441296567
2025-10-05 16:14:37.188930035,2.346871258655339
2025-10-05 16:14:37.313829899,2.0922723179619807
2025-10-05 16:14:37.438819885,3.715051843722876
2025-10-05 16:14:37.563709974,3.775947604414453
2025-10-05 16:14:37.688800097,2.70883560891885
2025-10-05 16:14:37.813699961,2.8235002696161104
2025-10-05 16:14:37.938689947,4.236117019765094
2025-10-05 16:14:38.063679933,4.694529838019031
2025-10-05 16:14:38.188869953,4.90412917716418
2025-10-05 16:14:38.313669920,4.401089927720603
2025-10-05 16:14:38.438760042,4.163477953560762
2025-10-05 16:14:38.563750029,4.242754738909999
2025-10-05 16:14:38.688740015,4.180441409125776
2025-10-05 16:14:38.813730001,4.8201606365200895
2025-10-05 16:14:38.938829899,5.590130184866673
2025-10-05 16:14:39.063620090,5.9520457815792
2025-10-05 16:14:39.188709974,4.86502095590114
2025-10-05 16:14:39.313699961,2.5552252277315985
2025-10-05 16:14:39.438600063,1.5147370652043035
2025-10-05 16:14:39.563689947,4.410957761022061
2025-10-05 16:14:39.688679934,5.4109369428438185
2025-10-05 16:14:39.813669920,5.406361870127822
2025-10-05 16:14:39.938669920,5.703628323916827
2025-10-05 16:14:40.063659906,6.0969884399750365
2025-10-05 16:14:40.188649893,5.357097818793213
2025-10-05 16:14:40.313640118,3.717674466417548
2025-10-05 16:14:40.438640118,1.7226534052342766
2025-10-05 16:14:40.563630104,1.1577516015087173
2025-10-05 16:14:40.688620090,1.559429887702634
2025-10-05 16:14:40.813610077,1.2818744092094205
2025-10-05 16:14:40.938600063,1.3944765399080763
2025-10-05 16:14:41.063699961,2.0554659401785274
2025-10-05 16:14:41.188590050,2.3391295215962815
2025-10-05 16:14:41.313479900,2.6129138438708135
2025-10-05 16:14:41.438570023,4.4453063822319665
2025-10-05 16:14:41.563570023,6.116931887718221
2025-10-05 16:14:41.688760042,6.5949407474820605
2025-10-05 16:14:41.813549995,6.960489940854236
2025-10-05 16:14:41.938740015,3.5462839449541033
2025-10-05 16:14:42.063640117,3.8071331337604932
2025-10-05 16:14:42.188730001,2.733819092720749
2025-10-05 16:14:42.313620090,3.305487247623564
2025-10-05 16:14:42.438709974,3.668439882516918
2025-10-05 16:14:42.563610077,3.3742420733592913
2025-10-05 16:14:42.688600063,2.4788863627526365
2025-10-05 16:14:42.813689947,2.727582488190412
2025-10-05 16:14:42.938580036,3.84283802506237
2025-10-05 16:14:43.063469887,4.742000935163129
2025-10-05 16:14:43.188469887,4.559151078165649
2025-10-05 16:14:43.313359976,3.1877912204556305
2025-10-05 16:14:43.438450098,2.2415245343650048
2025-10-05 16:14:43.563339949,2.145973230037772
2025-10-05 16:14:43.688440084,2.437520900384036
2025-10-05 16:14:43.813329935,2.944738536002474
2025-10-05 16:14:43.938319921,1.8840629479970936
2025-10-05 16:14:44.063210011,2.805601640132914
2025-10-05 16:14:44.188210011,5.043681763894631
2025-10-05 16:14:44.313100100,7.599055203986069
2025-10-05 16:14:44.438189983,9.169864029393048
2025-10-05 16:14:44.563179970,9.033860592683078
2025-10-05 16:14:44.688179970,7.388729856120092
2025-10-05 16:14:44.813070059,4.095638293174489
2025-10-05 16:14:44.938060045,4.620062012164178
2025-10-05 16:14:45.063050032,6.398291507342976
2025-10-05 16:14:45.188050032,7.144122641492411
2025-10-05 16:14:45.313040018,5.071326861364342
2025-10-05 16:14:45.438129902,5.753586536551877
2025-10-05 16:14:45.563119888,8.360236676547443
2025-10-05 16:14:45.688110113,10.379996380215543
2025-10-05 16:14:45.813009977,9.99638414971225
2025-10-05 16:14:45.938100100,8.326880081540892
2025-10-05 16:14:46.063189983,4.824968509263013
2025-10-05 16:14:46.188080072,2.821874740474097
2025-10-05 16:14:46.312979937,6.672631832672434
2025-10-05 16:14:46.438070059,9.16620312149056
2025-10-05 16:14:46.563159943,7.653192485111409
2025-10-05 16:14:46.688250065,5.75817822490256
2025-10-05 16:14:46.813050032,6.423430762675659
2025-10-05 16:14:46.938040018,8.340756408616066
2025-10-05 16:14:47.063030005,8.309722969784207
2025-10-05 16:14:47.188119888,6.191568600458852
2025-10-05 16:14:47.313119888,4.220034424487643
2025-10-05 16:14:47.438210011,7.03989585534225
2025-10-05 16:14:47.563100100,9.432688125711524
2025-10-05 16:14:47.688189983,9.095813218953129
2025-10-05 16:14:47.813090086,7.888306069602904
2025-10-05 16:14:47.938179970,6.4358421362010185
2025-10-05 16:14:48.062969923,6.580598975723146
2025-10-05 16:14:48.188060045,6.981181847615219
2025-10-05 16:14:48.312849998,5.484127151457877
2025-10-05 16:14:48.437949896,6.109808320843318
2025-10-05 16:14:48.562839985,6.531114495016337
2025-10-05 16:14:48.687930107,5.500410553331495
2025-10-05 16:14:48.812920094,4.091710258462041
2025-10-05 16:14:48.938119888,3.8351883442836288
2025-10-05 16:14:49.062809944,6.001150599433869
2025-10-05 16:14:49.187900066,6.793147937112182
2025-10-05 16:14:49.312890053,6.2079113454351535
2025-10-05 16:14:49.437989950,4.102204746918357
2025-10-05 16:14:49.562880039,3.507090080625674
2025-10-05 16:14:49.687969923,4.619709878485958
2025-10-05 16:14:49.812860012,3.371436933574689
2025-10-05 16:14:49.937959909,2.4108717266106257
2025-10-05 16:14:50.062849998,2.68006380569148
2025-10-05 16:14:50.188040018,3.8930065357855157
2025-10-05 16:14:50.312930107,4.908721414461231
2025-10-05 16:14:50.438019991,5.138598171577561
2025-10-05 16:14:50.562920094,4.81692974573911
2025-10-05 16:14:50.688009977,4.9075311988077575
2025-10-05 16:14:50.812900066,4.327590027047703
2025-10-05 16:14:50.937989950,4.613601357482083
2025-10-05 16:14:51.062890053,6.387005273838612
2025-10-05 16:14:51.187979937,4.053476728835721
2025-10-05 16:14:51.312969923,5.222458691404367
2025-10-05 16:14:51.438060045,4.052970395200724
2025-10-05 16:14:51.562860012,2.398132720123201
2025-10-05 16:14:51.687949896,3.1217499305879706
2025-10-05 16:14:51.812740088,4.331624520240443
2025-10-05 16:14:51.937829971,5.490956569842657
2025-10-05 16:14:52.062629937,5.3795398285639395
2025-10-05 16:14:52.187819958,4.6408029732474905
2025-10-05 16:14:52.312609911,3.481907001640194
2025-10-05 16:14:52.437700033,3.232688110573535
2025-10-05 16:14:52.562500000,3.750514631182234
2025-10-05 16:14:52.687589884,3.6857885008492746
2025-10-05 16:14:52.812380075,4.67905116801
2025-10-05 16:14:52.937469959,5.570307979390144
2025-10-05 16:14:53.062469959,5.489630476131588
2025-10-05 16:14:53.187560081,4.933126078200694
2025-10-05 16:14:53.312350035,4.230602417550927
2025-10-05 16:14:53.437540054,3.0438783833445116
2025-10-05 16:14:53.562330008,2.264793064917687
2025-10-05 16:14:53.687530041,1.6887148996520258
2025-10-05 16:14:53.812319994,2.368870871213171
2025-10-05 16:14:53.937410116,3.347427902032283
2025-10-05 16:14:54.062299967,3.235817017178699
2025-10-05 16:14:54.187500000,2.2396878782129455
2025-10-05 16:14:54.312289953,1.7035593092953185
2025-10-05 16:14:54.437479973,1.187831854376389
2025-10-05 16:14:54.562269926,1.695949860261795
2025-10-05 16:14:54.687370062,2.1276525759132983
2025-10-05 16:14:54.812259912,2.2767846570115067
2025-10-05 16:14:54.937150002,2.0651681326545788
2025-10-05 16:14:55.062040091,1.687094189213291
2025-10-05 16:14:55.187439919,1.596333202799308
2025-10-05 16:14:55.312330008,1.808764478228095
2025-10-05 16:14:55.437419891,2.3687131347756107
2025-10-05 16:14:55.562210083,2.9019153064525334
2025-10-05 16:14:55.687400103,3.16968421423728
2025-10-05 16:14:55.812299967,2.8613388985153
2025-10-05 16:14:55.937489986,1.9249653281186652
2025-10-05 16:14:56.062380075,1.4723347491690706
2025-10-05 16:14:56.187370062,0.8718450871436391
2025-10-05 16:14:56.312469959,0.7413832731403173
2025-10-05 16:14:56.437259912,0.7626295775845243
2025-10-05 16:14:56.562150002,0.9708511587379137
2025-10-05 16:14:56.687340021,1.0881233488602062
2025-10-05 16:14:56.812340021,1.2496982767359288
2025-10-05 16:14:56.937330008,1.3028791501160037
2025-10-05 16:14:57.062220097,1.1066971769610237
2025-10-05 16:14:57.187410116,1.1656599725522447
2025-10-05 16:14:57.312309980,1.4046033348960123
2025-10-05 16:14:57.437400103,1.4453036869126328
2025-10-05 16:14:57.562489986,1.225873214853906
2025-10-05 16:14:57.687380075,1.4084051945378677
2025-10-05 16:14:57.812279940,2.537639569855716
2025-10-05 16:14:57.937370062,3.521480037079651
2025-10-05 16:14:58.062259912,4.444762074247704
2025-10-05 16:14:58.187350035,4.14751916326917
2025-10-05 16:14:58.312239885,3.5222138952575337
2025-10-05 16:14:58.437340021,2.354429847115698
2025-10-05 16:14:58.562230110,2.4562988678167814
2025-10-05 16:14:58.687319994,3.488083378459652
2025-10-05 16:14:58.812210083,5.247775372415606
2025-10-05 16:14:58.937309980,6.875406767597553
2025-10-05 16:14:59.062200069,7.248967554837086
2025-10-05 16:14:59.187289953,5.12907931986151
2025-10-05 16:14:59.312180042,2.1064366227875206
2025-10-05 16:14:59.437279940,3.1635601305564736
2025-10-05 16:14:59.562170029,5.79751653468621
2025-10-05 16:14:59.687259912,6.518948620706812
2025-10-05 16:14:59.812249899,5.576045929941576
2025-10-05 16:14:59.937249899,3.476292665203154
2025-10-05 16:15:00.062139988,2.8899143648150707
2025-10-05 16:15:00.187129974,3.8950412248157598
2025-10-05 16:15:00.312020063,4.7469627613614955
2025-10-05 16:15:00.437109947,4.967236180206202
2025-10-05 16:15:00.562010050,5.227925103456365
2025-10-05 16:15:00.687099934,6.7436955470911135
2025-10-05 16:15:00.811990023,8.286313818631507
2025-10-05 16:15:00.936980009,8.861876606271547
2025-10-05 16:15:01.061880112,7.8236911168343735
