Time,v_cos_regional
2025-10-31 17:27:31.501529931,0.0013267058602031145
2025-10-31 17:27:31.626620054,0.00326232624004974
2025-10-31 17:27:31.751509905,0.007812006311716746
2025-10-31 17:27:31.876600027,0.018103764663000343
2025-10-31 17:27:32.001499891,0.019352045546153773
2025-10-31 17:27:32.126490116,0.006441941158250586
2025-10-31 17:27:32.251379966,0.0030377853775641617
2025-10-31 17:27:32.376369953,0.009918017682160718
2025-10-31 17:27:32.501270055,0.011706437461008856
2025-10-31 17:27:32.626359940,0.007714138439615437
2025-10-31 17:27:32.751250029,0.0037595432990737976
2025-10-31 17:27:32.876240015,0.0017900626135800568
2025-10-31 17:27:33.001140118,0.0005556041424783498
2025-10-31 17:27:33.126230001,0.0015321741082815477
2025-10-31 17:27:33.251120090,0.0037697509543993535
2025-10-31 17:27:33.376209974,0.007208746316169745
2025-10-31 17:27:33.501110077,0.009673910366241989
2025-10-31 17:27:33.626199961,0.005500687158961903
2025-10-31 17:27:33.751090050,0.012645092770403044
2025-10-31 17:27:33.876179934,0.007361399566635174
2025-10-31 17:27:34.001080036,0.004018289682594656
2025-10-31 17:27:34.126169919,0.0031159584896993664
2025-10-31 17:27:34.251060008,0.0012267029867403245
2025-10-31 17:27:34.376149893,0.0016270506651111516
2025-10-31 17:27:34.500940084,0.005026349933418661
2025-10-31 17:27:34.626039982,0.015759984478537326
2025-10-31 17:27:34.751029968,0.01791112493471625
2025-10-31 17:27:34.876120090,0.008992228550102954
2025-10-31 17:27:35.001110077,0.0019263072158641759
2025-10-31 17:27:35.126209974,0.003194101080318368
2025-10-31 17:27:35.251100062,0.007561902872855186
2025-10-31 17:27:35.376189947,0.004361121982637828
2025-10-31 17:27:35.500979900,0.0042705631758888085
2025-10-31 17:27:35.626080036,0.002526552570652041
2025-10-31 17:27:35.751070023,0.0014690157879960752
2025-10-31 17:27:35.876159906,0.00186811517456964
2025-10-31 17:27:36.001149893,0.0039343276925124515
2025-10-31 17:27:36.126250029,0.0062852044920871375
2025-10-31 17:27:36.251140118,0.0072533450911344
2025-10-31 17:27:36.376230001,0.013249215605301345
2025-10-31 17:27:36.501019954,0.015157340645828632
2025-10-31 17:27:36.626110077,0.008280602201768739
2025-10-31 17:27:36.751009941,0.005657512129093378
2025-10-31 17:27:36.876100063,0.005096358275586965
2025-10-31 17:27:37.000989913,0.004085328456284065
2025-10-31 17:27:37.126080036,0.003233132133560801
2025-10-31 17:27:37.251080036,0.0022325100927973462
2025-10-31 17:27:37.376169920,0.0031845670385575175
2025-10-31 17:27:37.501060009,0.004942806078675699
2025-10-31 17:27:37.626149893,0.0029600012004947773
2025-10-31 17:27:37.751049995,0.0038492371931599934
2025-10-31 17:27:37.876140118,0.005337663305624352
2025-10-31 17:27:38.001029968,0.011721379711375879
2025-10-31 17:27:38.126120089,0.024575682141630084
2025-10-31 17:27:38.251019955,0.012701931149295409
2025-10-31 17:27:38.376110077,0.015893112947768184
2025-10-31 17:27:38.500900030,0.00912489891965318
2025-10-31 17:27:38.625989914,0.0033632416369883122
2025-10-31 17:27:38.750790119,0.0016276076229774228
2025-10-31 17:27:38.875880003,0.0019910591542475764
2025-10-31 17:27:39.000669956,0.003956713114421029
2025-10-31 17:27:39.125760078,0.005669316104577327
2025-10-31 17:27:39.250560045,0.007167417095875539
2025-10-31 17:27:39.375750065,0.00728314910539829
2025-10-31 17:27:39.500540018,0.010336293173175859
2025-10-31 17:27:39.625730038,0.010155659490087232
2025-10-31 17:27:39.750619888,0.004285624235027652
2025-10-31 17:27:39.875720024,0.001350710169460645
2025-10-31 17:27:40.000509977,0.0011866477618031057
2025-10-31 17:27:40.125799894,0.0013730874097275247
2025-10-31 17:27:40.250590086,0.0016944451014315742
2025-10-31 17:27:40.375689983,0.0034108537737513878
2025-10-31 17:27:40.500580072,0.003465494595660479
2025-10-31 17:27:40.625770092,0.0035660031220314803
2025-10-31 17:27:40.750659943,0.0030317807312025824
2025-10-31 17:27:40.875760078,0.0019925908265062686
2025-10-31 17:27:41.000750065,0.004369753812320298
2025-10-31 17:27:41.125839949,0.0035036272148106784
2025-10-31 17:27:41.250629902,0.0035617184005442004
2025-10-31 17:27:41.375829935,0.0018341220334138209
2025-10-31 17:27:41.500619888,0.004964513036118556
2025-10-31 17:27:41.625610113,0.0050514517150411775
2025-10-31 17:27:41.750499964,0.0045729882316074555
2025-10-31 17:27:41.875689983,0.006690307446338806
2025-10-31 17:27:42.000489949,0.0032678939164709764
2025-10-31 17:27:42.125780106,0.003929972706202767
2025-10-31 17:27:42.250469922,0.0032780520004366265
2025-10-31 17:27:42.375659943,0.0022606031570292506
2025-10-31 17:27:42.500560044,0.007179884224559285
2025-10-31 17:27:42.625649929,0.010078599033431335
2025-10-31 17:27:42.750439882,0.00733390350334151
2025-10-31 17:27:42.875530005,0.003924550026519147
2025-10-31 17:27:43.000430107,0.0019665004929861896
2025-10-31 17:27:43.125619888,0.001156145138469289
2025-10-31 17:27:43.250509977,0.00245156762546328
2025-10-31 17:27:43.375499964,0.005060569048489061
2025-10-31 17:27:43.500400066,0.007892948212664619
2025-10-31 17:27:43.625890017,0.01321074816258172
2025-10-31 17:27:43.750580072,0.012039075826912327
2025-10-31 17:27:43.875669956,0.008389050545906107
2025-10-31 17:27:44.000560045,0.0019033894275425345
2025-10-31 17:27:44.125760078,0.0013787829054000555
2025-10-31 17:27:44.250449896,0.0045905898412382795
2025-10-31 17:27:44.375639915,0.009234596462055489
2025-10-31 17:27:44.500730038,0.006354660160679204
2025-10-31 17:27:44.625829935,0.005495026828826077
2025-10-31 17:27:44.750519991,0.005548632873130788
2025-10-31 17:27:44.875610113,0.008358706965849061
2025-10-31 17:27:45.000299931,0.006128964554841909
2025-10-31 17:27:45.125400066,0.005097202828142966
2025-10-31 17:27:45.250289916,0.006816808603901214
2025-10-31 17:27:45.375380039,0.00353123646100606
2025-10-31 17:27:45.500469923,0.004664712405244242
2025-10-31 17:27:45.625469923,0.005600816117980023
2025-10-31 17:27:45.750360012,0.003562712168907689
2025-10-31 17:27:45.875349998,0.0012568318190315786
2025-10-31 17:27:46.000240088,0.0020354835888962697
2025-10-31 17:27:46.125339984,0.00288744047351408
2025-10-31 17:27:46.250230074,0.004920529066099744
2025-10-31 17:27:46.375420094,0.0033315693613691355
2025-10-31 17:27:46.500109911,0.004079947487294344
2025-10-31 17:27:46.625299931,0.004616425540057922
2025-10-31 17:27:46.750200033,0.005989723882561249
2025-10-31 17:27:46.875289917,0.008216395574746516
2025-10-31 17:27:47.000180006,0.01028360903689085
2025-10-31 17:27:47.125269890,0.00589168685968211
2025-10-31 17:27:47.250169992,0.004346487108384589
2025-10-31 17:27:47.375260115,0.0048912924621176135
2025-10-31 17:27:47.500050067,0.007407871205645011
2025-10-31 17:27:47.625139952,0.008224981636371531
2025-10-31 17:27:47.750040054,0.0060135485017046575
2025-10-31 17:27:47.875129938,0.003269229678365182
2025-10-31 17:27:48.000020027,0.004406094614964107
2025-10-31 17:27:48.125309944,0.0049919175653900805
2025-10-31 17:27:48.250109911,0.0035582211608721215
2025-10-31 17:27:48.375099897,0.0061079295374857345
2025-10-31 17:27:48.499989986,0.008590207513432424
2025-10-31 17:27:48.625180006,0.00470898124141228
2025-10-31 17:27:48.750269890,0.005629009799322238
2025-10-31 17:27:48.875469923,0.0022523847483523207
2025-10-31 17:27:49.000459909,0.003029569156637102
2025-10-31 17:27:49.125550032,0.0051978130708763
2025-10-31 17:27:49.250240088,0.012529358553717396
2025-10-31 17:27:49.375540018,0.0030830572961157987
2025-10-31 17:27:49.500230073,0.013020333428671593
2025-10-31 17:27:49.625319958,0.008309401324796295
2025-10-31 17:27:49.750010014,0.006802693423455408
2025-10-31 17:27:49.875109911,0.005442964418777563
2025-10-31 17:27:49.999900103,0.0010787273181364077
2025-10-31 17:27:50.125089884,0.0021585224557062466
2025-10-31 17:27:50.249979973,0.0027022638280901345
2025-10-31 17:27:50.375080109,0.0012106463831821346
2025-10-31 17:27:50.499969959,0.0013158600946455712
2025-10-31 17:27:50.624759912,0.0017390155867893498
2025-10-31 17:27:50.749850035,0.0027218894466679577
2025-10-31 17:27:50.874949932,0.0041767879838148225
2025-10-31 17:27:51.000040054,0.007111730995189913
2025-10-31 17:27:51.125030041,0.008172014744128875
2025-10-31 17:27:51.249919891,0.00810541635968487
2025-10-31 17:27:51.374910116,0.006387190118996355
2025-10-31 17:27:51.499809980,0.005030222276656282
2025-10-31 17:27:51.624900103,0.0031948884348844686
2025-10-31 17:27:51.749789953,0.0026467843577892003
2025-10-31 17:27:51.874880075,0.003113798433193038
2025-10-31 17:27:51.999880075,0.004368214968303752
2025-10-31 17:27:52.124870062,0.008407892328111566
2025-10-31 17:27:52.249759912,0.01422855375473897
2025-10-31 17:27:52.374850035,0.01408796335872442
2025-10-31 17:27:52.499749899,0.005928016153347926
2025-10-31 17:27:52.624840021,0.0015382941898240965
2025-10-31 17:27:52.749730110,0.006335658497845453
2025-10-31 17:27:52.874819994,0.014755172489321122
2025-10-31 17:27:52.999819994,0.013595774794852855
2025-10-31 17:27:53.124809980,0.0070447462190801335
2025-10-31 17:27:53.249700069,0.0021132291094487776
2025-10-31 17:27:53.374890089,0.0011042280055095777
2025-10-31 17:27:53.499690056,0.0013791617386852417
2025-10-31 17:27:53.624779940,0.014266651829646482
2025-10-31 17:27:53.749670029,0.012737933495302611
2025-10-31 17:27:53.874759912,0.01127924430967675
2025-10-31 17:27:53.999650002,0.0024280027977606755
2025-10-31 17:27:54.124650002,0.0024706187987794115
2025-10-31 17:27:54.249540091,0.005766701118172013
2025-10-31 17:27:54.374730110,0.007317570260375161
2025-10-31 17:27:54.499619961,0.007160764228250516
2025-10-31 17:27:54.624619961,0.004992078819154866
2025-10-31 17:27:54.749510050,0.004416817928081684
2025-10-31 17:27:54.874599934,0.0018224415272777295
2025-10-31 17:27:54.999490023,0.0014477065323558191
2025-10-31 17:27:55.124589920,0.0019040200560206388
2025-10-31 17:27:55.249480009,0.002157983464221358
2025-10-31 17:27:55.374670029,0.0015136759094016572
2025-10-31 17:27:55.499560118,0.0037119526591776753
2025-10-31 17:27:55.624660015,0.008264359158356882
2025-10-31 17:27:55.749550104,0.009596167128785749
2025-10-31 17:27:55.874540091,0.008881912283341786
2025-10-31 17:27:55.999429941,0.012093972156952737
2025-10-31 17:27:56.124629974,0.009099721096060276
2025-10-31 17:27:56.249520063,0.004367690297128468
2025-10-31 17:27:56.374510050,0.00797495810304183
2025-10-31 17:27:56.499399900,0.006634419054940888
2025-10-31 17:27:56.624490023,0.004498934022266199
2025-10-31 17:27:56.749389887,0.003387376208421111
2025-10-31 17:27:56.874480009,0.0030587588711279423
2025-10-31 17:27:56.999370098,0.003867417390728045
2025-10-31 17:27:57.124459982,0.0074340548247882055
2025-10-31 17:27:57.249360085,0.010034942976566485
2025-10-31 17:27:57.374449968,0.017640232183976368
2025-10-31 17:27:57.499340057,0.009063320112539963
2025-10-31 17:27:57.624429941,0.007349139029698359
2025-10-31 17:27:57.749330044,0.005593276915008882
2025-10-31 17:27:57.874419928,0.0072109153098155465
2025-10-31 17:27:57.999310017,0.010476567436970674
2025-10-31 17:27:58.124399900,0.014110802724612959
2025-10-31 17:27:58.249300003,0.006188609831844327
2025-10-31 17:27:58.374589920,0.0013827860828028449
2025-10-31 17:27:58.499380112,0.002127238975881518
2025-10-31 17:27:58.624370098,0.0029161299671973673
2025-10-31 17:27:58.749269962,0.0051212095328483365
2025-10-31 17:27:58.874459982,0.006214811653316832
2025-10-31 17:27:58.999350071,0.006811390639518189
2025-10-31 17:27:59.124439955,0.005068945910729705
2025-10-31 17:27:59.249330044,0.003340415732088209
2025-10-31 17:27:59.374530077,0.004335322063724223
2025-10-31 17:27:59.499419928,0.004764219949120352
2025-10-31 17:27:59.624409914,0.0038560919551784423
2025-10-31 17:27:59.749300003,0.0017211234143899024
2025-10-31 17:27:59.874300003,0.0009949758347669313
2025-10-31 17:27:59.999190092,0.0016385987802733926
2025-10-31 17:28:00.124279976,0.002570882946230979
2025-10-31 17:28:00.249269962,0.0036137735596888376
2025-10-31 17:28:00.374269962,0.005669303370511636
2025-10-31 17:28:00.499160051,0.00549298612282656
2025-10-31 17:28:00.624249935,0.004072782454315305
2025-10-31 17:28:00.749140024,0.0041072078070522045
2025-10-31 17:28:00.874239922,0.004166512108746301
2025-10-31 17:28:00.999130011,0.008081995436689526
2025-10-31 17:28:01.124219894,0.010230607006467496
2025-10-31 17:28:01.249109983,0.007676236493759592
2025-10-31 17:28:01.374200106,0.004490234591597808
2025-10-31 17:28:01.499099970,0.009414252607365725
2025-10-31 17:28:01.624190092,0.005864137312755369
2025-10-31 17:28:01.749079943,0.0021180821960147256
2025-10-31 17:28:01.874170065,0.0020664356666539874
2025-10-31 17:28:01.999069929,0.002326000319867405
2025-10-31 17:28:02.124160051,0.002391451470186823
2025-10-31 17:28:02.249049902,0.0029286850775585016
2025-10-31 17:28:02.374140024,0.005306279053992724
2025-10-31 17:28:02.499039888,0.0039937415463334736
2025-10-31 17:28:02.624130011,0.007767960988679046
2025-10-31 17:28:02.749119997,0.006907140656325805
2025-10-31 17:28:02.874109983,0.005010530910922517
2025-10-31 17:28:02.999010086,0.0025836338145904802
2025-10-31 17:28:03.124099970,0.0015105044348214802
2025-10-31 17:28:03.248990059,0.0027284488708890775
2025-10-31 17:28:03.374079943,0.004806878398113668
2025-10-31 17:28:03.498980045,0.007386993693396238
2025-10-31 17:28:03.624069929,0.006913928068027597
2025-10-31 17:28:03.748960018,0.0059030151375633055
2025-10-31 17:28:03.874049902,0.00323912257551906
2025-10-31 17:28:03.998939991,0.0022827656675865615
2025-10-31 17:28:04.124039888,0.004713774923175373
2025-10-31 17:28:04.248929977,0.007008433561209726
2025-10-31 17:28:04.374020100,0.0075432046432653
2025-10-31 17:28:04.498909950,0.0039868583625223275
2025-10-31 17:28:04.624010086,0.0018322218786859246
2025-10-31 17:28:04.749000072,0.002687133790654994
2025-10-31 17:28:04.874089956,0.005579801259180228
2025-10-31 17:28:04.998980045,0.006848350932971647
2025-10-31 17:28:05.124079943,0.004604006306289654
2025-10-31 17:28:05.248970032,0.0049531635181198075
2025-10-31 17:28:05.374059916,0.011726027515346238
2025-10-31 17:28:05.498950005,0.018497303286601374
2025-10-31 17:28:05.623950005,0.0113482177641816
2025-10-31 17:28:05.748840094,0.0041110044855109384
2025-10-31 17:28:05.873830080,0.0034703287242940917
2025-10-31 17:28:05.998719931,0.0021740976516984034
2025-10-31 17:28:06.123810053,0.004373256485550647
2025-10-31 17:28:06.248709917,0.006132795256875712
2025-10-31 17:28:06.373800039,0.0066849439670454425
2025-10-31 17:28:06.498689890,0.008124655909911516
2025-10-31 17:28:06.623780012,0.010533342521822475
2025-10-31 17:28:06.748680115,0.015668165507676246
2025-10-31 17:28:06.873769999,0.009132098305959846
2025-10-31 17:28:06.998759985,0.0015942544998912567
2025-10-31 17:28:07.123749971,0.0011752008209212628
2025-10-31 17:28:07.248650074,0.0019640480269795813
2025-10-31 17:28:07.373739958,0.002469109572436512
2025-10-31 17:28:07.498630047,0.002816150672411033
2025-10-31 17:28:07.623719931,0.002956423363427274
2025-10-31 17:28:07.748519897,0.0031502576843374097
2025-10-31 17:28:07.873709917,0.0044648288184462315
2025-10-31 17:28:07.998600006,0.011156393323154878
2025-10-31 17:28:08.123689890,0.011168731156118938
2025-10-31 17:28:08.248589993,0.007662746181713254
2025-10-31 17:28:08.373680115,0.0029622481961986136
2025-10-31 17:28:08.498569965,0.004960415884035063
2025-10-31 17:28:08.623660088,0.012949377812160434
2025-10-31 17:28:08.748549938,0.00558042745214915
2025-10-31 17:28:08.873650074,0.005749597498897585
2025-10-31 17:28:08.998539925,0.00405472539072349
2025-10-31 17:28:09.123630047,0.006392433437167555
2025-10-31 17:28:09.248519897,0.0066021264426788795
2025-10-31 17:28:09.373620033,0.0036913172246257897
2025-10-31 17:28:09.498509884,0.013749694267792822
2025-10-31 17:28:09.623600006,0.005978737236162601
2025-10-31 17:28:09.748490095,0.006237962611946313
2025-10-31 17:28:09.873589993,0.007263259887497653
2025-10-31 17:28:09.998480082,0.006537053352939082
2025-10-31 17:28:10.123569965,0.004354166109909241
2025-10-31 17:28:10.248460054,0.005300378280891582
2025-10-31 17:28:10.373559952,0.007396574371651754
2025-10-31 17:28:10.498450041,0.008815117723372956
2025-10-31 17:28:10.623539925,0.007261789165747601
2025-10-31 17:28:10.748529911,0.003922338268080083
2025-10-31 17:28:10.873620033,0.0026379415926154337
2025-10-31 17:28:10.998519897,0.0033733928936783286
2025-10-31 17:28:11.123610020,0.0022482526470362085
2025-10-31 17:28:11.248500109,0.0033852535131947414
2025-10-31 17:28:11.373589993,0.0012946567345152316
2025-10-31 17:28:11.498490095,0.004646021744417528
2025-10-31 17:28:11.623379946,0.005815448205832241
2025-10-31 17:28:11.748270035,0.007907410693738237
2025-10-31 17:28:11.873460054,0.008880622365627033
2025-10-31 17:28:11.998359919,0.01042374112143818
2025-10-31 17:28:12.123549938,0.005368581526119631
2025-10-31 17:28:12.248440027,0.004856996376628064
2025-10-31 17:28:12.373430014,0.005339492937050827
2025-10-31 17:28:12.498330116,0.00669485465349462
2025-10-31 17:28:12.623320103,0.006153313871743449
2025-10-31 17:28:12.748209953,0.0056695809756868165
2025-10-31 17:28:12.873300076,0.0037260544854776922
2025-10-31 17:28:12.998199940,0.0032672199798560175
2025-10-31 17:28:13.123290062,0.0033146536809822713
2025-10-31 17:28:13.248179913,0.0043638126111031905
2025-10-31 17:28:13.373169899,0.005568897908218462
2025-10-31 17:28:13.498070002,0.008573911767262299
2025-10-31 17:28:13.623059988,0.011685916864222712
2025-10-31 17:28:13.748049974,0.011726420301295448
2025-10-31 17:28:13.873039961,0.008875145009447416
2025-10-31 17:28:13.997930050,0.007495918500941667
2025-10-31 17:28:14.123029947,0.011172454694647227
2025-10-31 17:28:14.248019934,0.010091018337592628
2025-10-31 17:28:14.373110056,0.007014211612254351
2025-10-31 17:28:14.497999907,0.002649376018561189
2025-10-31 17:28:14.622999907,0.0016241325328922862
2025-10-31 17:28:14.747889996,0.004347039464999591
2025-10-31 17:28:14.872980118,0.003538257223408392
2025-10-31 17:28:14.997970104,0.0030165122269836253
2025-10-31 17:28:15.122970104,0.002228404695395647
2025-10-31 17:28:15.247859955,0.002680108213598986
2025-10-31 17:28:15.372950077,0.004850838789033474
2025-10-31 17:28:15.498039961,0.005580963326072275
2025-10-31 17:28:15.623039961,0.0036570643191804475
2025-10-31 17:28:15.748029947,0.00112585472542992
2025-10-31 17:28:15.873019934,0.0009539630335153593
2025-10-31 17:28:15.997910023,0.0018772968493055986
2025-10-31 17:28:16.122999907,0.0036086326556526993
2025-10-31 17:28:16.247800112,0.006882726788538407
2025-10-31 17:28:16.372889996,0.013006674649248318
2025-10-31 17:28:16.497879982,0.02593443930729744
2025-10-31 17:28:16.623070002,0.026344995428205675
2025-10-31 17:28:16.747869968,0.013554183154372845
2025-10-31 17:28:16.872960091,0.004762717821547802
2025-10-31 17:28:16.997950077,0.0010972349308904228
2025-10-31 17:28:17.123039961,0.0009308796208773451
2025-10-31 17:28:17.247940063,0.0031738989450902366
2025-10-31 17:28:17.373029947,0.007323183367182184
2025-10-31 17:28:17.497819901,0.010800141712796751
2025-10-31 17:28:17.622910023,0.013099346645820575
2025-10-31 17:28:17.747910023,0.005409072673487114
2025-10-31 17:28:17.872999907,0.0035139296836814715
2025-10-31 17:28:17.997790098,0.010618473062624645
2025-10-31 17:28:18.122980118,0.019034683184396273
2025-10-31 17:28:18.247780085,0.011290243547636525
2025-10-31 17:28:18.372869968,0.004664369918802036
2025-10-31 17:28:18.497859955,0.0022169308329663684
2025-10-31 17:28:18.622849941,0.004618360500040053
2025-10-31 17:28:18.747740030,0.008196574953821645
2025-10-31 17:28:18.872839928,0.009529888514952733
2025-10-31 17:28:18.997829914,0.009934559048575542
2025-10-31 17:28:19.122920036,0.00562853251439388
2025-10-31 17:28:19.247910023,0.004456144801863182
2025-10-31 17:28:19.373009920,0.003485721189596558
2025-10-31 17:28:19.497900009,0.003273475017034122
2025-10-31 17:28:19.622989893,0.00394448467399211
2025-10-31 17:28:19.747879982,0.0064048316636848845
2025-10-31 17:28:19.872879982,0.00648733785651423
2025-10-31 17:28:19.997770071,0.005368690272518406
2025-10-31 17:28:20.122859955,0.002491162176538997
2025-10-31 17:28:20.248049974,0.0009079189112313202
2025-10-31 17:28:20.373049974,0.0007676488454071428
2025-10-31 17:28:20.497940063,0.0021603833633454528
2025-10-31 17:28:20.622930050,0.0033689924450307496
2025-10-31 17:28:20.747819901,0.006889920453558074
2025-10-31 17:28:20.872809887,0.009764616224274159
2025-10-31 17:28:20.997709990,0.011264642425473204
2025-10-31 17:28:21.122800112,0.009768805716584672
2025-10-31 17:28:21.247590065,0.006080309655181471
2025-10-31 17:28:21.372580051,0.002023926860615255
2025-10-31 17:28:21.497479916,0.0010571387343671912
2025-10-31 17:28:21.622570038,0.0013446527141754983
2025-10-31 17:28:21.747560024,0.004455764676763674
2025-10-31 17:28:21.872550011,0.007812260294296269
2025-10-31 17:28:21.997450113,0.010237303913114948
2025-10-31 17:28:22.122539997,0.009695623753378846
2025-10-31 17:28:22.247529984,0.006448804227596749
2025-10-31 17:28:22.372420073,0.003024103728667016
2025-10-31 17:28:22.497420073,0.002910109081953105
2025-10-31 17:28:22.622509956,0.0009261806176380505
2025-10-31 17:28:22.747499943,0.000764123966728425
2025-10-31 17:28:22.872590065,0.0015634381897542404
2025-10-31 17:28:22.997590065,0.0017697371160795283
2025-10-31 17:28:23.122580051,0.002296689645398864
2025-10-31 17:28:23.247570038,0.0019264707379480495
2025-10-31 17:28:23.372560024,0.005595770854081694
2025-10-31 17:28:23.497550011,0.0045577980654200045
2025-10-31 17:28:23.622649908,0.0052284640330606535
2025-10-31 17:28:23.747639894,0.003841999448549127
2025-10-31 17:28:23.872529984,0.0020476883068972773
2025-10-31 17:28:23.997519970,0.0015660078154866586
2025-10-31 17:28:24.122519970,0.0029206389924391063
2025-10-31 17:28:24.247509956,0.004293179203620268
2025-10-31 17:28:24.372499943,0.004674867891213297
2025-10-31 17:28:24.497590065,0.004046530211234578
2025-10-31 17:28:24.622590065,0.002867645780157968
2025-10-31 17:28:24.747580051,0.003006674935461584
2025-10-31 17:28:24.872570038,0.0021889156582036717
2025-10-31 17:28:24.997560024,0.013083104472080165
2025-10-31 17:28:25.122459888,0.019153510883751945
2025-10-31 17:28:25.247349977,0.01706620598254971
2025-10-31 17:28:25.372339964,0.008788296037449128
2025-10-31 17:28:25.497230053,0.00226908364682632
2025-10-31 17:28:25.622230053,0.0010712660677369978
2025-10-31 17:28:25.747220039,0.006504822982817515
2025-10-31 17:28:25.872210026,0.013384371429450814
2025-10-31 17:28:25.997200012,0.015628595844738746
2025-10-31 17:28:26.122189999,0.008929423099145462
2025-10-31 17:28:26.247289896,0.003140662259784488
2025-10-31 17:28:26.372279882,0.0032130396727398924
2025-10-31 17:28:26.497270107,0.002210811477556085
2025-10-31 17:28:26.622260094,0.002282336971061838
2025-10-31 17:28:26.747159958,0.0030337371952628978
2025-10-31 17:28:26.872149944,0.0023774536025068516
2025-10-31 17:28:26.997240067,0.0025327269865764723
2025-10-31 17:28:27.122230053,0.002437861486898285
2025-10-31 17:28:27.247230053,0.0016959822294410065
2025-10-31 17:28:27.372220039,0.0016237612662619583
2025-10-31 17:28:27.497309923,0.0012051168885763852
2025-10-31 17:28:27.622400045,0.0008076457490016065
2025-10-31 17:28:27.747299910,0.0013246197267766657
2025-10-31 17:28:27.872289896,0.004050260410024098
2025-10-31 17:28:27.997279882,0.008226193682158267
2025-10-31 17:28:28.122370005,0.00908020539415566
2025-10-31 17:28:28.247159958,0.005367314260154354
2025-10-31 17:28:28.372260094,0.002851705001457816
2025-10-31 17:28:28.497250080,0.004770886813745268
2025-10-31 17:28:28.622240067,0.004800030800330424
2025-10-31 17:28:28.747329950,0.00556451410119696
2025-10-31 17:28:28.872329950,0.0052946667094618816
2025-10-31 17:28:28.997319937,0.0045768352233716
2025-10-31 17:28:29.122309923,0.003310596772668317
2025-10-31 17:28:29.247299910,0.0022500353858911915
2025-10-31 17:28:29.372299910,0.002507537480218258
2025-10-31 17:28:29.497289896,0.0022585893614286423
2025-10-31 17:28:29.622279882,0.001348690323834223
2025-10-31 17:28:29.747270107,0.0019442813242441792
2025-10-31 17:28:29.872169971,0.001212413378953947
2025-10-31 17:28:29.997159958,0.0029407947151108838
2025-10-31 17:28:30.122050047,0.009111442828131922
2025-10-31 17:28:30.247040033,0.006993679550024723
2025-10-31 17:28:30.372139931,0.01232340862945036
2025-10-31 17:28:30.497129917,0.010812617241087619
2025-10-31 17:28:30.622020006,0.005274896158490527
2025-10-31 17:28:30.747009993,0.0020166410392312706
2025-10-31 17:28:30.871799946,0.002524019258237864
2025-10-31 17:28:30.996799946,0.0033207120736085116
2025-10-31 17:28:31.121789932,0.004566236959052339
2025-10-31 17:28:31.246779919,0.00662763364070329
2025-10-31 17:28:31.371870041,0.0050277468899966316
2025-10-31 17:28:31.496870041,0.0077172038305725055
2025-10-31 17:28:31.621860027,0.0038644423914580006
2025-10-31 17:28:31.746850014,0.002191174747745883
2025-10-31 17:28:31.871740103,0.0020108236360846243
2025-10-31 17:28:31.996740103,0.0029295817599384044
2025-10-31 17:28:32.121829987,0.005795456008751643
2025-10-31 17:28:32.246819973,0.003111567541718485
2025-10-31 17:28:32.371809959,0.005097073067244606
2025-10-31 17:28:32.496809959,0.002954605215418571
2025-10-31 17:28:32.621900082,0.0030413785202256793
2025-10-31 17:28:32.746890068,0.003098409642986022
2025-10-31 17:28:32.871779919,0.0036573586822344906
2025-10-31 17:28:32.996779919,0.004317545978716697
2025-10-31 17:28:33.121670008,0.003431159041348053
2025-10-31 17:28:33.246659994,0.0048486913221079675
2025-10-31 17:28:33.371750116,0.009872193681015662
2025-10-31 17:28:33.496840000,0.010451470232537452
2025-10-31 17:28:33.621740103,0.004187544593917236
2025-10-31 17:28:33.746730089,0.001694989217275733
2025-10-31 17:28:33.871720076,0.002911515288662403
2025-10-31 17:28:33.996710062,0.009105056725857708
2025-10-31 17:28:34.121710062,0.0163061448760915
2025-10-31 17:28:34.246700048,0.01772865959613068
2025-10-31 17:28:34.371690035,0.006236791513734241
2025-10-31 17:28:34.496680021,0.0018403584670917406
2025-10-31 17:28:34.621680021,0.0028804861538125337
2025-10-31 17:28:34.746670008,0.003157984430849803
2025-10-31 17:28:34.871659994,0.0017824991189461237
2025-10-31 17:28:34.996649981,0.0016640715071765122
2025-10-31 17:28:35.121649981,0.0027542663922125454
2025-10-31 17:28:35.246740103,0.002621300466956189
2025-10-31 17:28:35.371730089,0.0023254496037714567
2025-10-31 17:28:35.496720076,0.0017211374270099666
2025-10-31 17:28:35.621809959,0.002219035303603456
2025-10-31 17:28:35.746710062,0.00601803611601448
2025-10-31 17:28:35.871700048,0.00957185171599595
2025-10-31 17:28:35.996690035,0.008840556680726919
2025-10-31 17:28:36.121680021,0.002590244775377837
2025-10-31 17:28:36.246579885,0.0023984745450761347
2025-10-31 17:28:36.371570110,0.0031440021875071
2025-10-31 17:28:36.496459961,0.001895496839684041
2025-10-31 17:28:36.621449947,0.0012253795974017656
2025-10-31 17:28:36.746449947,0.004734795443780859
2025-10-31 17:28:36.871540070,0.005403907871766034
2025-10-31 17:28:36.996629953,0.009193607582255736
2025-10-31 17:28:37.121619940,0.017770677813250257
2025-10-31 17:28:37.246619940,0.01294391073407175
2025-10-31 17:28:37.371710062,0.007841694937233745
2025-10-31 17:28:37.496599913,0.0036039853837758207
2025-10-31 17:28:37.621589899,0.0017512757564889236
2025-10-31 17:28:37.746390104,0.0014955973072452444
2025-10-31 17:28:37.871380091,0.003246408104647047
2025-10-31 17:28:37.996370077,0.008534958796386105
2025-10-31 17:28:38.121360064,0.016318634821111844
2025-10-31 17:28:38.246350050,0.01799296786413407
2025-10-31 17:28:38.371350050,0.009335966607754376
2025-10-31 17:28:38.496239901,0.002976603833206193
2025-10-31 17:28:38.621229887,0.005469323480901012
2025-10-31 17:28:38.746419907,0.014900546374526091
2025-10-31 17:28:38.871419907,0.01881592936029086
2025-10-31 17:28:38.996309996,0.010146542097717148
2025-10-31 17:28:39.121299982,0.00290044891808261
2025-10-31 17:28:39.246390104,0.0013438140109779395
2025-10-31 17:28:39.371390104,0.003588885034894407
2025-10-31 17:28:39.496279955,0.0069539409768990534
2025-10-31 17:28:39.621269941,0.013274376966115331
2025-10-31 17:28:39.746259928,0.017132253643659556
2025-10-31 17:28:39.871360064,0.01374925711258812
2025-10-31 17:28:39.996350050,0.006765675273909366
2025-10-31 17:28:40.121340036,0.0050230901847082565
2025-10-31 17:28:40.246330023,0.0047575075050677595
2025-10-31 17:28:40.371419907,0.004447587010332432
2025-10-31 17:28:40.496419907,0.011051613898547918
2025-10-31 17:28:40.621409893,0.01912248546947426
2025-10-31 17:28:40.746299982,0.016211034593282214
2025-10-31 17:28:40.871289968,0.009220894035570248
2025-10-31 17:28:40.996289968,0.0028904702289747064
2025-10-31 17:28:41.121380091,0.00062064068312917
2025-10-31 17:28:41.246370077,0.002336021530106702
2025-10-31 17:28:41.371360064,0.002934644883808457
2025-10-31 17:28:41.496259928,0.001247814808385761
2025-10-31 17:28:41.621249914,0.003936834058864025
2025-10-31 17:28:41.746239901,0.002199768078224751
2025-10-31 17:28:41.871229887,0.001650123459520536
2025-10-31 17:28:41.996229887,0.002802848336235342
2025-10-31 17:28:42.121119976,0.002436890561407723
2025-10-31 17:28:42.246109962,0.0032682870976935563
2025-10-31 17:28:42.371000051,0.0038825594922122786
2025-10-31 17:28:42.496000051,0.0036655939622465272
2025-10-31 17:28:42.620889902,0.006096964008396211
2025-10-31 17:28:42.745879889,0.00398834229828815
2025-10-31 17:28:42.870870113,0.0019348248557274905
2025-10-31 17:28:42.995860100,0.004871050516640829
2025-10-31 17:28:43.120759964,0.008692575586903839
2025-10-31 17:28:43.245850086,0.006282214273369613
2025-10-31 17:28:43.370739937,0.0043080437637437186
2025-10-31 17:28:43.495830059,0.002771847096280755
2025-10-31 17:28:43.620729923,0.004101294111102716
2025-10-31 17:28:43.745719910,0.0036757363602302195
2025-10-31 17:28:43.870709896,0.0015545705990003267
2025-10-31 17:28:43.995800018,0.0015904036173741698
2025-10-31 17:28:44.120800018,0.0031335611324172508
2025-10-31 17:28:44.245889902,0.004321225063232181
2025-10-31 17:28:44.370680094,0.003418203160879374
2025-10-31 17:28:44.495670080,0.002855692086116024
2025-10-31 17:28:44.620670080,0.006875667750662062
2025-10-31 17:28:44.745860100,0.003492679990424463
2025-10-31 17:28:44.870749950,0.006630286026669707
2025-10-31 17:28:44.995939970,0.0021727049564039813
2025-10-31 17:28:45.120739937,0.004864511485132117
2025-10-31 17:28:45.245830059,0.004894362916337713
2025-10-31 17:28:45.370719910,0.004500665274629001
2025-10-31 17:28:45.495709896,0.008520563466399511
2025-10-31 17:28:45.620699883,0.00824146189213626
2025-10-31 17:28:45.745699883,0.0015036690168473976
2025-10-31 17:28:45.870690107,0.0010633992392949931
2025-10-31 17:28:45.995779991,0.0012744815145341315
2025-10-31 17:28:46.120769978,0.002447338999904236
2025-10-31 17:28:46.245769978,0.0045154738458984545
2025-10-31 17:28:46.370759964,0.0058076303700267395
2025-10-31 17:28:46.495749950,0.004224738107550419
2025-10-31 17:28:46.620739937,0.003775229030930527
2025-10-31 17:28:46.745739937,0.002122478472124656
2025-10-31 17:28:46.870729923,0.002440069037097592
2025-10-31 17:28:46.995820045,0.007344740328549482
2025-10-31 17:28:47.120810032,0.008664040395887529
2025-10-31 17:28:47.245709896,0.00472460081477033
2025-10-31 17:28:47.370599985,0.0027000329086134256
2025-10-31 17:28:47.495690107,0.0026706010285802995
2025-10-31 17:28:47.620579958,0.006025043399364938
2025-10-31 17:28:47.745670080,0.005218815556503387
2025-10-31 17:28:47.870569944,0.0031321721569596006
2025-10-31 17:28:47.995660067,0.003041984648315843
2025-10-31 17:28:48.120650053,0.0025254090102786453
2025-10-31 17:28:48.245840073,0.002432354927113245
2025-10-31 17:28:48.370840073,0.0027009218794891154
2025-10-31 17:28:48.495830059,0.004533391897006189
2025-10-31 17:28:48.620719910,0.00816871534496233
2025-10-31 17:28:48.745810032,0.016582345532775045
2025-10-31 17:28:48.870709896,0.011785989935757413
2025-10-31 17:28:48.995699883,0.00625038510805398
2025-10-31 17:28:49.120589972,0.0069809923811838814
2025-10-31 17:28:49.245579958,0.005824613013551416
2025-10-31 17:28:49.370480061,0.002048007842712196
2025-10-31 17:28:49.495470047,0.0011673370942858474
2025-10-31 17:28:49.620460033,0.0009393713661041136
2025-10-31 17:28:49.745450020,0.003075945024239024
2025-10-31 17:28:49.870349884,0.005634715053682071
2025-10-31 17:28:49.995340109,0.012807736595855435
2025-10-31 17:28:50.120330095,0.016343232145284436
2025-10-31 17:28:50.245320082,0.011047494002754621
2025-10-31 17:28:50.370310068,0.00293796221453535
2025-10-31 17:28:50.495209932,0.0008176756204781865
2025-10-31 17:28:50.620199919,0.0018181436333931655
2025-10-31 17:28:50.745290041,0.003099712777745789
2025-10-31 17:28:50.870179892,0.0049630926943166065
2025-10-31 17:28:50.995280027,0.006084309653934916
2025-10-31 17:28:51.120270014,0.007503499305298811
2025-10-31 17:28:51.245260000,0.007173744880930588
2025-10-31 17:28:51.370249987,0.005852029397973468
2025-10-31 17:28:51.495249987,0.00306836764465912
2025-10-31 17:28:51.620239973,0.005927951401579534
2025-10-31 17:28:51.745229959,0.0032832636624084977
2025-10-31 17:28:51.870120049,0.0019563838842049375
2025-10-31 17:28:51.995219946,0.0020250135808548286
2025-10-31 17:28:52.120110035,0.002666364275649924
2025-10-31 17:28:52.245199919,0.014366919974481807
2025-10-31 17:28:52.370189905,0.009967408500500152
2025-10-31 17:28:52.495189905,0.004194223262767638
2025-10-31 17:28:52.620179892,0.0050267477776321234
2025-10-31 17:28:52.745270014,0.002818360312074941
2025-10-31 17:28:52.870160103,0.0030973623805649053
2025-10-31 17:28:52.995249987,0.004546319608404348
2025-10-31 17:28:53.120150089,0.006520740057149976
2025-10-31 17:28:53.245239973,0.005727602738921589
2025-10-31 17:28:53.370130062,0.006331157417217459
2025-10-31 17:28:53.495219946,0.004460841911826607
2025-10-31 17:28:53.620120049,0.002546368429326429
2025-10-31 17:28:53.745209932,0.0038761176657226004
2025-10-31 17:28:53.870100021,0.0071454273623530185
2025-10-31 17:28:53.995189905,0.010284861848477322
2025-10-31 17:28:54.120090008,0.00862463903492694
2025-10-31 17:28:54.245179892,0.007684377417179644
2025-10-31 17:28:54.370069981,0.008642579231992076
2025-10-31 17:28:54.495160103,0.003277319350934893
2025-10-31 17:28:54.620059967,0.0026323450136306326
2025-10-31 17:28:54.745150089,0.002949545108134277
2025-10-31 17:28:54.870039940,0.002893759844972643
2025-10-31 17:28:54.995130062,0.0026058543853433314
2025-10-31 17:28:55.119930029,0.00400369719775262
2025-10-31 17:28:55.245019913,0.005619031487190451
2025-10-31 17:28:55.370209932,0.006421261499403252
2025-10-31 17:28:55.495100021,0.003979458860747687
2025-10-31 17:28:55.619889975,0.007324076479676145
2025-10-31 17:28:55.744990110,0.009769056205103821
2025-10-31 17:28:55.869879961,0.009950391301631778
2025-10-31 17:28:55.995069981,0.002712413356677823
2025-10-31 17:28:56.119960070,0.0020394645955791324
2025-10-31 17:28:56.245059967,0.002343406724747976
2025-10-31 17:28:56.369950056,0.003123405354057529
2025-10-31 17:28:56.495039940,0.006732245505937762
2025-10-31 17:28:56.619729996,0.008613781239112606
2025-10-31 17:28:56.744829893,0.005425263260292579
2025-10-31 17:28:56.869820118,0.002095969082425153
2025-10-31 17:28:56.994910002,0.0007937220212778096
2025-10-31 17:28:57.119899988,0.0022423756755314272
2025-10-31 17:28:57.244999886,0.0014473350555187503
2025-10-31 17:28:57.369990110,0.002699517439633814
2025-10-31 17:28:57.494980097,0.002540931958263326
2025-10-31 17:28:57.619770050,0.00394992220388668
2025-10-31 17:28:57.744859934,0.003956835548201143
2025-10-31 17:28:57.869859934,0.002490001553462462
2025-10-31 17:28:57.994950056,0.002240212519570739
2025-10-31 17:28:58.119740009,0.002768222654742414
2025-10-31 17:28:58.244829893,0.005424125564942317
2025-10-31 17:28:58.369630098,0.010387789795193725
2025-10-31 17:28:58.494719982,0.010044133669601107
2025-10-31 17:28:58.619810104,0.0044376289974265015
2025-10-31 17:28:58.744899988,0.00165885355619666
2025-10-31 17:28:58.869699955,0.004336294406816266
2025-10-31 17:28:58.994790077,0.00962612985686484
2025-10-31 17:28:59.119580030,0.008828034411924257
2025-10-31 17:28:59.244669914,0.005472427370372457
2025-10-31 17:28:59.369570017,0.0023446489850648122
2025-10-31 17:28:59.494659901,0.0008934404838782939
2025-10-31 17:28:59.619549990,0.001236334761999358
2025-10-31 17:28:59.744640112,0.002268665986789764
2025-10-31 17:28:59.869640112,0.005418116891990232
2025-10-31 17:28:59.994729996,0.004936786085872336
2025-10-31 17:29:00.119519949,0.0023577610389130532
2025-10-31 17:29:00.244610071,0.0033352928933340076
2025-10-31 17:29:00.369600058,0.0021127140922090337
2025-10-31 17:29:00.494600058,0.002420490282451393
2025-10-31 17:29:00.619489908,0.0023067810773195196
2025-10-31 17:29:00.744580030,0.0025490224615279944
2025-10-31 17:29:00.869570017,0.004515450714057123
2025-10-31 17:29:00.994570017,0.009831953152330208
2025-10-31 17:29:01.119460106,0.0237157086536246
2025-10-31 17:29:01.244549990,0.02549582848729537
2025-10-31 17:29:01.369539976,0.00668198476386217
2025-10-31 17:29:01.494640112,0.0031217834781169795
2025-10-31 17:29:01.619430065,0.009086103548343938
2025-10-31 17:29:01.744519949,0.012267181078328582
2025-10-31 17:29:01.869309902,0.010399729133562241
2025-10-31 17:29:01.994509935,0.005142074782340633
2025-10-31 17:29:02.119400024,0.0016998447534823935
2025-10-31 17:29:02.244489908,0.0028636314109600214
2025-10-31 17:29:02.369479895,0.005738128879972604
2025-10-31 17:29:02.494570017,0.005573662443009719
2025-10-31 17:29:02.619369984,0.005715363130349371
2025-10-31 17:29:02.744460106,0.008082207561358024
2025-10-31 17:29:02.869450092,0.004404743262763522
2025-10-31 17:29:02.994539976,0.002016267757411927
2025-10-31 17:29:03.119440079,0.0007383975321536562
2025-10-31 17:29:03.244529963,0.0031155112636294113
2025-10-31 17:29:03.369420052,0.001796810719852382
2025-10-31 17:29:03.494509935,0.0019614677239041534
2025-10-31 17:29:03.619509935,0.0034848045265623018
2025-10-31 17:29:03.744800091,0.005643942118693568
2025-10-31 17:29:03.869489908,0.007874680439030946
2025-10-31 17:29:03.994580030,0.0036829536403881757
2025-10-31 17:29:04.119479895,0.009720592631015212
2025-10-31 17:29:04.244570017,0.0066259668369530456
2025-10-31 17:29:04.369460106,0.0020415611003410383
2025-10-31 17:29:04.494549990,0.001469267088356263
2025-10-31 17:29:04.619450092,0.005642688406482299
2025-10-31 17:29:04.744539976,0.007560912693741817
2025-10-31 17:29:04.869329929,0.004554873052667441
2025-10-31 17:29:04.994420052,0.010222833946587406
2025-10-31 17:29:05.119309902,0.007283669465652065
2025-10-31 17:29:05.244410038,0.003792331682034189
2025-10-31 17:29:05.369199991,0.00558201170055217
2025-10-31 17:29:05.494290113,0.003698386287179334
2025-10-31 17:29:05.619080067,0.0015448034371001729
2025-10-31 17:29:05.744179964,0.004914468694952379
2025-10-31 17:29:05.868969917,0.0056363201340559055
2025-10-31 17:29:05.994060040,0.010415258278047457
2025-10-31 17:29:06.119050026,0.017780416102927465
2025-10-31 17:29:06.244050026,0.012318186452438429
2025-10-31 17:29:06.368940115,0.010352957247311667
2025-10-31 17:29:06.494029999,0.008573973053523365
2025-10-31 17:29:06.618920088,0.012133784272825188
2025-10-31 17:29:06.744019985,0.006461470120706525
2025-10-31 17:29:06.868910074,0.008163605688733977
2025-10-31 17:29:06.994100094,0.007630026758149944
2025-10-31 17:29:07.118989944,0.0056268110132629
2025-10-31 17:29:07.244090080,0.0037454524190514427
2025-10-31 17:29:07.368979931,0.0032554392869473814
2025-10-31 17:29:07.493969917,0.003996241061603678
2025-10-31 17:29:07.618860006,0.004452291395135699
2025-10-31 17:29:07.744050026,0.004794660936857653
2025-10-31 17:29:07.868949890,0.00480524857225495
2025-10-31 17:29:07.994139910,0.003728519278892617
2025-10-31 17:29:08.118930101,0.002939691856917892
2025-10-31 17:29:08.244019985,0.00294439079704345
2025-10-31 17:29:08.368920088,0.0018766880309682987
2025-10-31 17:29:08.494110107,0.0024236920549353114
2025-10-31 17:29:08.618999958,0.006699898574867746
2025-10-31 17:29:08.744090080,0.008915490620226896
2025-10-31 17:29:08.868989944,0.009187183344819383
2025-10-31 17:29:08.994080067,0.006591625911378851
2025-10-31 17:29:09.118969917,0.003565622809843627
2025-10-31 17:29:09.244060040,0.003029932076267783
2025-10-31 17:29:09.368959904,0.00281882444429149
2025-10-31 17:29:09.494050026,0.0026892850161324144
2025-10-31 17:29:09.618940115,0.002453655982739944
2025-10-31 17:29:09.744230032,0.0040645757133651594
2025-10-31 17:29:09.869119883,0.006308179947577153
2025-10-31 17:29:09.994119883,0.006642720929804002
2025-10-31 17:29:10.119009972,0.007045578159797561
2025-10-31 17:29:10.244100094,0.004459569933438323
2025-10-31 17:29:10.368989944,0.00441072489724359
2025-10-31 17:29:10.494090080,0.003896569456199206
2025-10-31 17:29:10.618979931,0.004470179142945785
2025-10-31 17:29:10.743969917,0.005921626949862313
2025-10-31 17:29:10.868860006,0.005741552450427623
2025-10-31 17:29:10.993860006,0.005288607271398904
2025-10-31 17:29:11.118849993,0.0044429793769811265
2025-10-31 17:29:11.243839979,0.002352086301816936
2025-10-31 17:29:11.368829966,0.002032396407101511
2025-10-31 17:29:11.493930101,0.004208871870852393
2025-10-31 17:29:11.618819952,0.007466748773416687
2025-10-31 17:29:11.743710041,0.01090638821889156
2025-10-31 17:29:11.868700027,0.010648365158264061
2025-10-31 17:29:11.993700027,0.006763238451439446
2025-10-31 17:29:12.118590117,0.002893191263758532
2025-10-31 17:29:12.243779898,0.0038892339073522963
2025-10-31 17:29:12.368669987,0.004085506058907562
2025-10-31 17:29:12.493760109,0.004852605035522539
2025-10-31 17:29:12.618659973,0.009687286971705067
2025-10-31 17:29:12.743750095,0.013200439009382836
2025-10-31 17:29:12.868639946,0.00712687536719625
2025-10-31 17:29:12.993730068,0.008965180810999618
2025-10-31 17:29:13.118730068,0.0073041125475592494
2025-10-31 17:29:13.243619919,0.004311295308452312
2025-10-31 17:29:13.368410110,0.0015242960681047801
2025-10-31 17:29:13.493499994,0.0025724398032710427
2025-10-31 17:29:13.618499994,0.00410955555071868
2025-10-31 17:29:13.743590117,0.008100961665901352
2025-10-31 17:29:13.868580103,0.006774568708636908
2025-10-31 17:29:13.993570089,0.004532566269159766
2025-10-31 17:29:14.118469954,0.00740448592954801
2025-10-31 17:29:14.243560076,0.004236174406903936
2025-10-31 17:29:14.368649960,0.0020164644885775074
2025-10-31 17:29:14.493639946,0.0016690710244552376
2025-10-31 17:29:14.618540049,0.0021876100887441297
2025-10-31 17:29:14.743629932,0.0031867278284284373
2025-10-31 17:29:14.868520021,0.005572219452661398
2025-10-31 17:29:14.993609905,0.009299916862413604
2025-10-31 17:29:15.118499994,0.005797453337097358
2025-10-31 17:29:15.243599892,0.0019887075319969805
2025-10-31 17:29:15.368489981,0.003752392827262807
2025-10-31 17:29:15.493479967,0.006845577788471835
2025-10-31 17:29:15.618370056,0.0017426938745893628
2025-10-31 17:29:15.743570089,0.0026304191916350916
2025-10-31 17:29:15.868459940,0.0029165267788840987
2025-10-31 17:29:15.993449926,0.003222587032651103
2025-10-31 17:29:16.118340015,0.0027496742715390488
2025-10-31 17:29:16.243340015,0.0020717635800203693
2025-10-31 17:29:16.368330002,0.0036620679999060934
2025-10-31 17:29:16.493319988,0.0042111654651932895
2025-10-31 17:29:16.618309975,0.00547168856870528
2025-10-31 17:29:16.743309975,0.0031416002802036047
2025-10-31 17:29:16.868299961,0.0016245331803702578
2025-10-31 17:29:16.993390083,0.0016568446924182245
2025-10-31 17:29:17.118279934,0.0038685452934719144
2025-10-31 17:29:17.243370056,0.008088080695917044
2025-10-31 17:29:17.368370056,0.012734301329495046
2025-10-31 17:29:17.493259907,0.022087663543829072
2025-10-31 17:29:17.618249893,0.009611855710092265
2025-10-31 17:29:17.743340015,0.0048016673726878345
2025-10-31 17:29:17.868240118,0.002360340126472793
2025-10-31 17:29:17.993330002,0.0028447558430101383
2025-10-31 17:29:18.118319988,0.005929456856105242
2025-10-31 17:29:18.243210077,0.005845788666303364
2025-10-31 17:29:18.368210077,0.003837147044684852
2025-10-31 17:29:18.493299961,0.002140244642905298
2025-10-31 17:29:18.618289948,0.0057498640398048195
2025-10-31 17:29:18.743279934,0.008567812163772892
2025-10-31 17:29:18.868279934,0.007083234110828673
2025-10-31 17:29:18.993269920,0.005050521694512589
2025-10-31 17:29:19.118259907,0.004942655371245497
2025-10-31 17:29:19.243249893,0.0060432329303640175
2025-10-31 17:29:19.368249893,0.006171397316624416
2025-10-31 17:29:19.493240118,0.007162540344650248
2025-10-31 17:29:19.618330002,0.009828007396030958
2025-10-31 17:29:19.743319988,0.007761637302501789
2025-10-31 17:29:19.868309975,0.010779960527998678
2025-10-31 17:29:19.993309975,0.004827252049359743
2025-10-31 17:29:20.118400097,0.0042197913206361015
2025-10-31 17:29:20.243390083,0.002018658639146631
2025-10-31 17:29:20.368380070,0.0055801180892350866
2025-10-31 17:29:20.493279934,0.003114294928064587
2025-10-31 17:29:20.618269920,0.0013510288094416012
2025-10-31 17:29:20.743360043,0.0007302062194693981
2025-10-31 17:29:20.868149996,0.0006882315026950359
2025-10-31 17:29:20.993149996,0.0033888481734288822
2025-10-31 17:29:21.118040085,0.012411969660148792
2025-10-31 17:29:21.243030071,0.02518222678253179
2025-10-31 17:29:21.367919922,0.018758102612910332
2025-10-31 17:29:21.492919922,0.006703361857541723
2025-10-31 17:29:21.617810011,0.003294892940868155
2025-10-31 17:29:21.742799997,0.003148194361345058
2025-10-31 17:29:21.867889881,0.005050991470267108
2025-10-31 17:29:21.992889881,0.0063926156563186565
2025-10-31 17:29:22.117880106,0.005621188897879548
2025-10-31 17:29:22.242870092,0.009599565505436503
2025-10-31 17:29:22.367860079,0.009174704732030081
2025-10-31 17:29:22.492850065,0.006327503708839721
2025-10-31 17:29:22.617949963,0.006093490696594817
2025-10-31 17:29:22.742939949,0.005817393139341709
2025-10-31 17:29:22.867729902,0.005362734112534073
2025-10-31 17:29:22.992719889,0.004910008037342539
2025-10-31 17:29:23.117919922,0.0023171081957853445
2025-10-31 17:29:23.242909908,0.001725222988048336
2025-10-31 17:29:23.367899895,0.004665050018462735
2025-10-31 17:29:23.492889881,0.004542117690743086
2025-10-31 17:29:23.617990017,0.0018087277322151873
2025-10-31 17:29:23.742980003,0.0010914975685077932
2025-10-31 17:29:23.867870092,0.0011460018772567748
2025-10-31 17:29:23.992860079,0.002155468629488455
2025-10-31 17:29:24.117759943,0.0031864233087419702
2025-10-31 17:29:24.242749929,0.00436080519382509
2025-10-31 17:29:24.367840052,0.00368589135347297
2025-10-31 17:29:24.492830038,0.0033468149360355026
2025-10-31 17:29:24.617820024,0.005584666096985269
2025-10-31 17:29:24.742820024,0.011075814400079986
2025-10-31 17:29:24.867810011,0.022593630725796787
2025-10-31 17:29:24.992799997,0.009282164942395088
2025-10-31 17:29:25.117789984,0.0036174777169259986
2025-10-31 17:29:25.242789984,0.0015392705280252716
2025-10-31 17:29:25.367779970,0.0008420050892424813
2025-10-31 17:29:25.492870092,0.0015742684628917702
2025-10-31 17:29:25.617860079,0.004288254789595047
2025-10-31 17:29:25.742759943,0.009355203357428454
2025-10-31 17:29:25.867749929,0.013463265113247469
2025-10-31 17:29:25.992539883,0.01155643613063706
2025-10-31 17:29:26.117530107,0.005547735369561546
2025-10-31 17:29:26.242530107,0.001301209125765146
2025-10-31 17:29:26.367520094,0.0010345162081097925
2025-10-31 17:29:26.492510080,0.004010171290480091
2025-10-31 17:29:26.617500067,0.004806175687199654
2025-10-31 17:29:26.742500067,0.0056767273069949775
2025-10-31 17:29:26.867490053,0.004113445425879325
2025-10-31 17:29:26.992480040,0.004583147502831952
2025-10-31 17:29:27.117470026,0.004439359903975704
2025-10-31 17:29:27.242460012,0.00704601276217709
2025-10-31 17:29:27.367460012,0.007076255947953358
2025-10-31 17:29:27.492449999,0.00219854511065809
2025-10-31 17:29:27.617539883,0.007353791428455936
2025-10-31 17:29:27.742429972,0.009222185975792385
2025-10-31 17:29:27.867429972,0.012419675611453185
2025-10-31 17:29:27.992520094,0.008053540293127659
2025-10-31 17:29:28.117510080,0.0029837433618711273
2025-10-31 17:29:28.242500067,0.001177742887435107
2025-10-31 17:29:28.367500067,0.0015436335975257398
2025-10-31 17:29:28.492490053,0.004183939110118495
2025-10-31 17:29:28.617579937,0.00438751934427517
2025-10-31 17:29:28.742470026,0.00359584930377721
2025-10-31 17:29:28.867470026,0.005269126742962871
2025-10-31 17:29:28.992460012,0.007253626343855513
2025-10-31 17:29:29.117449999,0.00565322975580318
2025-10-31 17:29:29.242439985,0.0016946266796458165
2025-10-31 17:29:29.367439985,0.0006332422575088259
2025-10-31 17:29:29.492330074,0.0003517064268585557
2025-10-31 17:29:29.617320061,0.0014669121076557046
2025-10-31 17:29:29.742310047,0.005857934076991644
2025-10-31 17:29:29.867300034,0.0120442465467685
2025-10-31 17:29:29.992300034,0.014967905325116382
2025-10-31 17:29:30.117290020,0.010270320671674105
2025-10-31 17:29:30.242280006,0.004389777638602044
2025-10-31 17:29:30.367269993,0.0025212779996954815
2025-10-31 17:29:30.492369890,0.002384335704097018
2025-10-31 17:29:30.617460012,0.003014868958218342
2025-10-31 17:29:30.742350101,0.004054615243390125
2025-10-31 17:29:30.867340088,0.004910254416827242
2025-10-31 17:29:30.992340088,0.007537597686312791
2025-10-31 17:29:31.117330074,0.00497266543854924
2025-10-31 17:29:31.242320061,0.0036057825709152613
2025-10-31 17:29:31.367209911,0.0023889208363478964
2025-10-31 17:29:31.492209911,0.003173246302961119
2025-10-31 17:29:31.617199898,0.003253539112087589
2025-10-31 17:29:31.742290020,0.0017090460250326345
2025-10-31 17:29:31.867379904,0.0009184507046479107
2025-10-31 17:29:31.992369890,0.000801305616332626
2025-10-31 17:29:32.117369890,0.0007680083519999714
2025-10-31 17:29:32.242360115,0.0013859095094509444
2025-10-31 17:29:32.367350101,0.002124853367247437
2025-10-31 17:29:32.492340088,0.005306400545506906
2025-10-31 17:29:32.617340088,0.009014593643082769
2025-10-31 17:29:32.742330074,0.016796163487025617
2025-10-31 17:29:32.867219925,0.007291356600341525
2025-10-31 17:29:32.992209911,0.006844606079346893
2025-10-31 17:29:33.117110014,0.0030977702741282753
2025-10-31 17:29:33.242100000,0.0016370675453343253
2025-10-31 17:29:33.366990089,0.0020944602988511862
2025-10-31 17:29:33.491980076,0.0035998850968693707
2025-10-31 17:29:33.616879940,0.011933429166359533
2025-10-31 17:29:33.741869926,0.008403472044682503
2025-10-31 17:29:33.867059946,0.012247020164381506
2025-10-31 17:29:33.992049932,0.009421333523532804
2025-10-31 17:29:34.117249966,0.0027254464434137704
2025-10-31 17:29:34.242239952,0.002960240708411055
2025-10-31 17:29:34.367130041,0.004958402693378106
2025-10-31 17:29:34.492320061,0.0021584428685125223
2025-10-31 17:29:34.617110014,0.0020832167294412285
2025-10-31 17:29:34.742110014,0.0014601881224783897
2025-10-31 17:29:34.866899967,0.002352195651969091
2025-10-31 17:29:34.991889954,0.004006743280830283
2025-10-31 17:29:35.116879940,0.005598339042227063
2025-10-31 17:29:35.241980076,0.005518894788446249
2025-10-31 17:29:35.366869926,0.0048100961959154365
2025-10-31 17:29:35.491859913,0.0036771266342465747
2025-10-31 17:29:35.616750002,0.004076862832264494
2025-10-31 17:29:35.741750002,0.005761202967496382
2025-10-31 17:29:35.866839886,0.010788681895781527
2025-10-31 17:29:35.991830111,0.02310859190620418
2025-10-31 17:29:36.116919994,0.01607966749846701
2025-10-31 17:29:36.241919994,0.005382570875428927
2025-10-31 17:29:36.366810083,0.006042081118961207
2025-10-31 17:29:36.491800070,0.005482452001739135
2025-10-31 17:29:36.616689920,0.003648710144874112
2025-10-31 17:29:36.741689920,0.002664817074590431
2025-10-31 17:29:36.866780043,0.0015518074072846666
2025-10-31 17:29:36.991770029,0.0045121181250756814
2025-10-31 17:29:37.116760015,0.011047512071085008
2025-10-31 17:29:37.241750002,0.013940549424374282
2025-10-31 17:29:37.366750002,0.01537437530255148
2025-10-31 17:29:37.491739988,0.008456002505719318
2025-10-31 17:29:37.616630077,0.004443646260915757
2025-10-31 17:29:37.741620064,0.00592516030687118
2025-10-31 17:29:37.866620064,0.0027670345010026853
2025-10-31 17:29:37.991610050,0.00436170356316079
2025-10-31 17:29:38.116699934,0.004630427927152514
2025-10-31 17:29:38.241790056,0.0035052422350384527
2025-10-31 17:29:38.366790056,0.002131020425917729
2025-10-31 17:29:38.491780043,0.003827067603748402
2025-10-31 17:29:38.616669893,0.0025103640824907236
2025-10-31 17:29:38.741660118,0.0019022471055579748
2025-10-31 17:29:38.866660118,0.0008774182393260777
2025-10-31 17:29:38.991650105,0.0016086745449853668
2025-10-31 17:29:39.116539955,0.0014843205644005097
2025-10-31 17:29:39.241529942,0.004653724899149281
2025-10-31 17:29:39.366529942,0.008142162132909525
2025-10-31 17:29:39.491620064,0.002459116896472713
2025-10-31 17:29:39.616509914,0.008199778431588811
2025-10-31 17:29:39.741499901,0.01583051998925855
2025-10-31 17:29:39.866590023,0.003144052536923403
2025-10-31 17:29:39.991590023,0.004429266245454144
2025-10-31 17:29:40.116679907,0.005707723167500567
2025-10-31 17:29:40.241669893,0.00533812324920524
2025-10-31 17:29:40.366559982,0.00356553339851462
2025-10-31 17:29:40.491559982,0.001933498434741887
2025-10-31 17:29:40.616549969,0.0010834153620753462
2025-10-31 17:29:40.741539955,0.0016014645750282996
2025-10-31 17:29:40.866430044,0.002514630371892479
2025-10-31 17:29:40.991430044,0.004483520376610484
2025-10-31 17:29:41.116319895,0.0033133386239090346
2025-10-31 17:29:41.241209984,0.004157516372274572
2025-10-31 17:29:41.366400003,0.0072437382655973215
2025-10-31 17:29:41.491300106,0.0022614043791693295
2025-10-31 17:29:41.616290092,0.0016490023751456473
2025-10-31 17:29:41.741280079,0.0022877776835041885
2025-10-31 17:29:41.866369963,0.005094632953798195
2025-10-31 17:29:41.991359949,0.006702973718256455
2025-10-31 17:29:42.116359949,0.0052784770139102655
2025-10-31 17:29:42.241349936,0.006068099728107956
2025-10-31 17:29:42.366339922,0.003939418410281115
2025-10-31 17:29:42.491329908,0.0018957211495082005
2025-10-31 17:29:42.616430044,0.00217783106049374
2025-10-31 17:29:42.741420031,0.005788001514955288
2025-10-31 17:29:42.866410017,0.010528588529811866
2025-10-31 17:29:42.991400003,0.010155882462239973
2025-10-31 17:29:43.116400003,0.008906830995550119
2025-10-31 17:29:43.241389990,0.006988405754877802
2025-10-31 17:29:43.366379976,0.0033225126565606944
2025-10-31 17:29:43.491369963,0.003178491123368099
2025-10-31 17:29:43.616270065,0.0052869531767092415
2025-10-31 17:29:43.741260052,0.0073090044727969206
2025-10-31 17:29:43.866349936,0.005229830323501328
2025-10-31 17:29:43.991339922,0.006960160933246917
2025-10-31 17:29:44.116240025,0.006067630820482228
2025-10-31 17:29:44.241230011,0.0039802636129376845
2025-10-31 17:29:44.366219997,0.0008138655454166255
2025-10-31 17:29:44.491209984,0.003112011195936293
2025-10-31 17:29:44.616199970,0.003285026527913293
2025-10-31 17:29:44.741199970,0.002074718666265518
2025-10-31 17:29:44.866290092,0.0023619111201080845
2025-10-31 17:29:44.991280079,0.003173647162226678
2025-10-31 17:29:45.116270065,0.0029906457564896627
2025-10-31 17:29:45.241270065,0.0022638397487270145
2025-10-31 17:29:45.366260052,0.0018551000592195166
2025-10-31 17:29:45.491250038,0.002090834404555042
2025-10-31 17:29:45.616339922,0.0049503343751482465
2025-10-31 17:29:45.741339922,0.005722393913874413
2025-10-31 17:29:45.866329908,0.005489115376639209
2025-10-31 17:29:45.991319895,0.002991254838579205
2025-10-31 17:29:46.116309881,0.0034224097341066795
2025-10-31 17:29:46.241410017,0.003616375019982576
2025-10-31 17:29:46.366300106,0.0019351934490724476
2025-10-31 17:29:46.491189957,0.0020078423981991778
2025-10-31 17:29:46.616179943,0.002714336446288268
2025-10-31 17:29:46.741270065,0.007211477433279989
2025-10-31 17:29:46.866369963,0.006928959195471096
2025-10-31 17:29:46.991260052,0.005697812823848847
2025-10-31 17:29:47.116250038,0.0031494673208537494
2025-10-31 17:29:47.241139889,0.003988210307253159
2025-10-31 17:29:47.366139889,0.006132629292965874
2025-10-31 17:29:47.490930080,0.004411718801489828
2025-10-31 17:29:47.615920067,0.006162663336405361
2025-10-31 17:29:47.740809917,0.005300211742553795
2025-10-31 17:29:47.865910053,0.005999527405978755
2025-10-31 17:29:47.990900040,0.004438776678274858
2025-10-31 17:29:48.115890026,0.00830910600341983
2025-10-31 17:29:48.240880013,0.005469731300905445
2025-10-31 17:29:48.365880013,0.005574372904316838
2025-10-31 17:29:48.490869999,0.004242537910968958
2025-10-31 17:29:48.615959883,0.0031052064671438506
2025-10-31 17:29:48.740849972,0.0035093646655263155
2025-10-31 17:29:48.865849972,0.004642974229533636
2025-10-31 17:29:48.990839958,0.004108591401306483
2025-10-31 17:29:49.116029978,0.00561958489327663
2025-10-31 17:29:49.240819931,0.0038093778572281245
2025-10-31 17:29:49.365910053,0.0026461563831226
2025-10-31 17:29:49.490910053,0.004494249557942975
2025-10-31 17:29:49.615799904,0.007826965353292858
2025-10-31 17:29:49.740789890,0.00928078265283272
2025-10-31 17:29:49.865780115,0.006336301015979373
2025-10-31 17:29:49.990880013,0.00466369544766565
2025-10-31 17:29:50.115969896,0.0032897504046643933
2025-10-31 17:29:50.240760088,0.0043618141166703595
2025-10-31 17:29:50.365849972,0.008901215569648624
2025-10-31 17:29:50.490750074,0.014260031547828733
2025-10-31 17:29:50.615940094,0.010439164222657005
2025-10-31 17:29:50.740829945,0.004723281948200597
2025-10-31 17:29:50.865920067,0.0027448590079858226
2025-10-31 17:29:50.990819931,0.002930938974299746
2025-10-31 17:29:51.115910053,0.0031655264430775487
2025-10-31 17:29:51.240900040,0.0030495004912477475
2025-10-31 17:29:51.365890026,0.003113239098165743
2025-10-31 17:29:51.490780115,0.0042609540299953785
2025-10-31 17:29:51.615880013,0.003964116310070764
