Session,Epoch,T0_sec,T1_sec,Channel,Exponent,Offset
PLANT_KINGDOM_OUTDOOR,0,0.0,4.0,Cz,0.7280153933112162,1.1930732082898232
PLANT_KINGDOM_OUTDOOR,0,0.0,4.0,Fz,0.7573829917235517,1.1457401839212626
PLANT_KINGDOM_OUTDOOR,0,0.0,4.0,Fp1,1.0007030816017497,1.608048189421167
PLANT_KINGDOM_OUTDOOR,0,0.0,4.0,F7,0.8150094402801048,1.2127673094312896
PLANT_KINGDOM_OUTDOOR,0,0.0,4.0,F3,0.705601518712705,1.0281549201865487
PLANT_KINGDOM_OUTDOOR,0,0.0,4.0,FC1,0.5652258555052571,0.7332340683250033
PLANT_KINGDOM_OUTDOOR,0,0.0,4.0,C3,0.3866115262125608,0.650297922136451
PLANT_KINGDOM_OUTDOOR,0,0.0,4.0,FC5,0.6932268223938529,1.023032008061586
PLANT_KINGDOM_OUTDOOR,0,0.0,4.0,FT9,0.5078028940143715,0.6356708256993998
PLANT_KINGDOM_OUTDOOR,0,0.0,4.0,T7,0.2600619184626402,0.49580975146100487
PLANT_KINGDOM_OUTDOOR,0,0.0,4.0,CP5,0.11067400748065122,0.3956098614512869
PLANT_KINGDOM_OUTDOOR,0,0.0,4.0,CP1,0.27617229745568045,0.4862192121523194
PLANT_KINGDOM_OUTDOOR,0,0.0,4.0,P3,0.031917159579334504,0.33887761359186913
PLANT_KINGDOM_OUTDOOR,0,0.0,4.0,P7,-0.1442544884659142,0.10210430578734876
PLANT_KINGDOM_OUTDOOR,0,0.0,4.0,PO9,0.06159318193388094,0.46997181324118187
PLANT_KINGDOM_OUTDOOR,0,0.0,4.0,O1,-0.0026697364062616496,0.5569651946189926
PLANT_KINGDOM_OUTDOOR,0,0.0,4.0,Pz,0.19804797974743368,0.33026355714020955
PLANT_KINGDOM_OUTDOOR,0,0.0,4.0,Oz,0.23671910255995895,0.7643270922951796
PLANT_KINGDOM_OUTDOOR,0,0.0,4.0,O2,0.33906561890580494,0.8761700946519406
PLANT_KINGDOM_OUTDOOR,0,0.0,4.0,PO10,0.3443864754678815,0.7451217874245792
PLANT_KINGDOM_OUTDOOR,0,0.0,4.0,P8,0.035460410344446774,0.5866167397936095
PLANT_KINGDOM_OUTDOOR,0,0.0,4.0,P4,0.3489129178755314,0.8584946603196203
PLANT_KINGDOM_OUTDOOR,0,0.0,4.0,CP2,0.4296442949021988,0.6109989084999721
PLANT_KINGDOM_OUTDOOR,0,0.0,4.0,CP6,0.2138439346934544,0.6980564370778543
PLANT_KINGDOM_OUTDOOR,0,0.0,4.0,T8,-0.35910876049997426,0.11999468904118452
PLANT_KINGDOM_OUTDOOR,0,0.0,4.0,FT10,0.6040516185651759,1.039846794947241
PLANT_KINGDOM_OUTDOOR,0,0.0,4.0,FC6,0.39628023500516657,0.8701450220820434
PLANT_KINGDOM_OUTDOOR,0,0.0,4.0,C4,0.39218929866974656,0.8699493106481428
PLANT_KINGDOM_OUTDOOR,0,0.0,4.0,FC2,0.8016941758221948,1.1328723234155278
PLANT_KINGDOM_OUTDOOR,0,0.0,4.0,F4,0.7176861969015433,1.2017399055271276
PLANT_KINGDOM_OUTDOOR,0,0.0,4.0,F8,0.6526379147485568,1.0840512035506793
PLANT_KINGDOM_OUTDOOR,0,0.0,4.0,Fp2,0.9165448085122507,1.4937188063071878
PLANT_KINGDOM_OUTDOOR,1,4.0,8.0,Cz,0.6762119620904646,1.3290715342510881
PLANT_KINGDOM_OUTDOOR,1,4.0,8.0,Fz,0.5466489972668761,1.0683745295417435
PLANT_KINGDOM_OUTDOOR,1,4.0,8.0,Fp1,0.37022934974680766,0.9478009594880793
PLANT_KINGDOM_OUTDOOR,1,4.0,8.0,F7,0.17568604329729975,0.5995352087428504
PLANT_KINGDOM_OUTDOOR,1,4.0,8.0,F3,0.27386498726720754,0.7681647293322853
PLANT_KINGDOM_OUTDOOR,1,4.0,8.0,FC1,0.2650224322613114,0.5056946893350408
PLANT_KINGDOM_OUTDOOR,1,4.0,8.0,C3,0.3563227183315312,0.7984348527102599
PLANT_KINGDOM_OUTDOOR,1,4.0,8.0,FC5,0.2793752054795469,0.7272214331160002
PLANT_KINGDOM_OUTDOOR,1,4.0,8.0,FT9,0.11940665312259838,0.3197687688801644
PLANT_KINGDOM_OUTDOOR,1,4.0,8.0,T7,-0.16378557684125997,0.14266791727610859
PLANT_KINGDOM_OUTDOOR,1,4.0,8.0,CP5,0.0717951235782743,0.40642591806188033
PLANT_KINGDOM_OUTDOOR,1,4.0,8.0,CP1,0.2693977274210948,0.7147024850551142
PLANT_KINGDOM_OUTDOOR,1,4.0,8.0,P3,0.5232765315207925,1.2005664046213291
PLANT_KINGDOM_OUTDOOR,1,4.0,8.0,P7,-0.06428115691599302,0.29342477365962855
PLANT_KINGDOM_OUTDOOR,1,4.0,8.0,PO9,-0.05543308750841883,0.46536178382188226
PLANT_KINGDOM_OUTDOOR,1,4.0,8.0,O1,-0.12352270055679661,0.4514650920040511
PLANT_KINGDOM_OUTDOOR,1,4.0,8.0,Pz,0.2793841244671447,0.6425879989429052
PLANT_KINGDOM_OUTDOOR,1,4.0,8.0,Oz,0.17863754502094406,0.7742271295191824
PLANT_KINGDOM_OUTDOOR,1,4.0,8.0,O2,0.16321431877767814,0.84479433681123
PLANT_KINGDOM_OUTDOOR,1,4.0,8.0,PO10,0.3812789726903152,0.9896849850131709
PLANT_KINGDOM_OUTDOOR,1,4.0,8.0,P8,0.26945434477992175,1.0399215482306456
PLANT_KINGDOM_OUTDOOR,1,4.0,8.0,P4,0.5121086193668968,1.175018885487863
PLANT_KINGDOM_OUTDOOR,1,4.0,8.0,CP2,0.633980241634466,0.9452590300725369
PLANT_KINGDOM_OUTDOOR,1,4.0,8.0,CP6,0.49588721709766503,1.1516820257234612
PLANT_KINGDOM_OUTDOOR,1,4.0,8.0,T8,0.12015954001115588,0.7945531916290565
PLANT_KINGDOM_OUTDOOR,1,4.0,8.0,FT10,0.5064821149807057,1.0031411405500874
PLANT_KINGDOM_OUTDOOR,1,4.0,8.0,FC6,0.1686651420079162,0.6364949456942021
PLANT_KINGDOM_OUTDOOR,1,4.0,8.0,C4,0.6971556804521042,1.2770046154239463
PLANT_KINGDOM_OUTDOOR,1,4.0,8.0,FC2,0.5149985236743486,0.9388066952755477
PLANT_KINGDOM_OUTDOOR,1,4.0,8.0,F4,0.47798784483266626,0.9388436571869161
PLANT_KINGDOM_OUTDOOR,1,4.0,8.0,F8,0.38500942052979675,0.909034704849405
PLANT_KINGDOM_OUTDOOR,1,4.0,8.0,Fp2,0.27149778430381105,0.8275453213056306
PLANT_KINGDOM_OUTDOOR,2,8.0,12.0,Cz,0.5133805791202313,1.1025818840711605
PLANT_KINGDOM_OUTDOOR,2,8.0,12.0,Fz,0.4835444991857675,1.040726811735598
PLANT_KINGDOM_OUTDOOR,2,8.0,12.0,Fp1,0.03215804985476511,0.5448819271039083
PLANT_KINGDOM_OUTDOOR,2,8.0,12.0,F7,0.28107666056778224,0.7248999637140441
PLANT_KINGDOM_OUTDOOR,2,8.0,12.0,F3,0.3317057282940084,0.8410813741631429
PLANT_KINGDOM_OUTDOOR,2,8.0,12.0,FC1,0.3741975592987193,0.6515440349349804
PLANT_KINGDOM_OUTDOOR,2,8.0,12.0,C3,0.4481668034924317,0.8905607188858362
PLANT_KINGDOM_OUTDOOR,2,8.0,12.0,FC5,0.26500374184290826,0.7456210220258832
PLANT_KINGDOM_OUTDOOR,2,8.0,12.0,FT9,0.02290698694823783,0.19851721707793624
PLANT_KINGDOM_OUTDOOR,2,8.0,12.0,T7,-0.15235610764213917,0.22876569460380758
PLANT_KINGDOM_OUTDOOR,2,8.0,12.0,CP5,0.11951442109748021,0.47908166220206727
PLANT_KINGDOM_OUTDOOR,2,8.0,12.0,CP1,0.2545961061598049,0.6475747016989065
PLANT_KINGDOM_OUTDOOR,2,8.0,12.0,P3,0.14303287078503496,0.6428643579383844
PLANT_KINGDOM_OUTDOOR,2,8.0,12.0,P7,-0.30944309398825776,0.020502166756222566
PLANT_KINGDOM_OUTDOOR,2,8.0,12.0,PO9,-0.3550205177996006,-0.09023561821109458
PLANT_KINGDOM_OUTDOOR,2,8.0,12.0,O1,-0.19175963802826287,0.2412691318300428
PLANT_KINGDOM_OUTDOOR,2,8.0,12.0,Pz,0.18810262439045894,0.48925635455460503
PLANT_KINGDOM_OUTDOOR,2,8.0,12.0,Oz,0.034367017172040416,0.4845786945217542
PLANT_KINGDOM_OUTDOOR,2,8.0,12.0,O2,-0.09192841982622599,0.3681541697230028
PLANT_KINGDOM_OUTDOOR,2,8.0,12.0,PO10,-0.012868318258520441,0.40871145519919916
PLANT_KINGDOM_OUTDOOR,2,8.0,12.0,P8,0.07472402037038832,0.6802915369279736
PLANT_KINGDOM_OUTDOOR,2,8.0,12.0,P4,0.22507591566888352,0.8007996672386324
PLANT_KINGDOM_OUTDOOR,2,8.0,12.0,CP2,0.4615637070936473,0.7888349740107886
PLANT_KINGDOM_OUTDOOR,2,8.0,12.0,CP6,0.11078653646581103,0.6837075224914047
PLANT_KINGDOM_OUTDOOR,2,8.0,12.0,T8,-0.1478764788753944,0.5367824520578072
PLANT_KINGDOM_OUTDOOR,2,8.0,12.0,FT10,0.3928372209918401,0.9186531674431456
PLANT_KINGDOM_OUTDOOR,2,8.0,12.0,FC6,0.07029846124870985,0.5204400585204286
PLANT_KINGDOM_OUTDOOR,2,8.0,12.0,C4,0.2075906738431888,0.7511014429577528
PLANT_KINGDOM_OUTDOOR,2,8.0,12.0,FC2,0.2983036864631936,0.7160657096774405
PLANT_KINGDOM_OUTDOOR,2,8.0,12.0,F4,-0.011034180968621837,0.4191839695851647
PLANT_KINGDOM_OUTDOOR,2,8.0,12.0,F8,0.21535422428342602,0.7449263899646474
PLANT_KINGDOM_OUTDOOR,2,8.0,12.0,Fp2,0.07377238523877225,0.5772796869500203
PLANT_KINGDOM_OUTDOOR,3,12.0,16.0,Cz,0.18780485859176024,1.0235199640852917
PLANT_KINGDOM_OUTDOOR,3,12.0,16.0,Fz,0.0742523163294528,0.7474173915648737
PLANT_KINGDOM_OUTDOOR,3,12.0,16.0,Fp1,0.09188117001610205,0.9567506818505461
PLANT_KINGDOM_OUTDOOR,3,12.0,16.0,F7,-0.03855479032929067,0.5656003400342808
PLANT_KINGDOM_OUTDOOR,3,12.0,16.0,F3,-0.1767195996441218,0.35917857434446715
PLANT_KINGDOM_OUTDOOR,3,12.0,16.0,FC1,-0.1316323122966357,0.305828277695681
PLANT_KINGDOM_OUTDOOR,3,12.0,16.0,C3,-0.1288596302294819,0.43008908233494225
PLANT_KINGDOM_OUTDOOR,3,12.0,16.0,FC5,-0.31406264086777497,0.1849773382474432
PLANT_KINGDOM_OUTDOOR,3,12.0,16.0,FT9,0.20148350758273684,0.7782900507527916
PLANT_KINGDOM_OUTDOOR,3,12.0,16.0,T7,-0.5291437449689745,-0.14027966477288473
PLANT_KINGDOM_OUTDOOR,3,12.0,16.0,CP5,-0.31021252044126657,0.15049550834319123
PLANT_KINGDOM_OUTDOOR,3,12.0,16.0,CP1,-0.04998362765087553,0.5031709701628307
PLANT_KINGDOM_OUTDOOR,3,12.0,16.0,P3,-0.09153996346592429,0.5289009018044274
PLANT_KINGDOM_OUTDOOR,3,12.0,16.0,P7,-0.3145753929721965,0.19585177305265175
PLANT_KINGDOM_OUTDOOR,3,12.0,16.0,PO9,-0.5571270756964369,0.01552956144829068
PLANT_KINGDOM_OUTDOOR,3,12.0,16.0,O1,-0.2731272685570658,0.5366450862149755
PLANT_KINGDOM_OUTDOOR,3,12.0,16.0,Pz,-0.1846409950803669,0.23784094957658874
PLANT_KINGDOM_OUTDOOR,3,12.0,16.0,Oz,-0.29330577412155057,0.4264619616207541
PLANT_KINGDOM_OUTDOOR,3,12.0,16.0,O2,-0.14995474200521147,0.5943541464253824
PLANT_KINGDOM_OUTDOOR,3,12.0,16.0,PO10,-0.2575678616673577,0.45034770429328436
PLANT_KINGDOM_OUTDOOR,3,12.0,16.0,P8,-0.09516775214344546,0.6931444596758115
PLANT_KINGDOM_OUTDOOR,3,12.0,16.0,P4,0.1560411338648879,0.9670170968502751
PLANT_KINGDOM_OUTDOOR,3,12.0,16.0,CP2,0.15643202908244822,0.7118948820827844
PLANT_KINGDOM_OUTDOOR,3,12.0,16.0,CP6,-0.013924250656938104,0.8429152934530075
PLANT_KINGDOM_OUTDOOR,3,12.0,16.0,T8,-0.12487181071396121,0.5351964848799152
PLANT_KINGDOM_OUTDOOR,3,12.0,16.0,FT10,0.03348051802865593,0.6384117151760303
PLANT_KINGDOM_OUTDOOR,3,12.0,16.0,FC6,-0.11275030894782043,0.6324222454124154
PLANT_KINGDOM_OUTDOOR,3,12.0,16.0,C4,-0.05580625289220632,0.7291230361342343
PLANT_KINGDOM_OUTDOOR,3,12.0,16.0,FC2,0.07566103483381968,0.7390341291643621
PLANT_KINGDOM_OUTDOOR,3,12.0,16.0,F4,0.13995782939389567,0.9357869793574795
PLANT_KINGDOM_OUTDOOR,3,12.0,16.0,F8,0.8438875976981349,1.9378533424961064
PLANT_KINGDOM_OUTDOOR,3,12.0,16.0,Fp2,0.08759189268009228,0.9236407195625035
PLANT_KINGDOM_OUTDOOR,4,16.0,20.0,Cz,0.7737897175489917,1.5566042874532602
PLANT_KINGDOM_OUTDOOR,4,16.0,20.0,Fz,0.888432369299129,1.6222187364051492
PLANT_KINGDOM_OUTDOOR,4,16.0,20.0,Fp1,0.9636535777184522,1.7572604704542565
PLANT_KINGDOM_OUTDOOR,4,16.0,20.0,F7,0.6461055715055426,1.262743590945137
PLANT_KINGDOM_OUTDOOR,4,16.0,20.0,F3,0.6428936197402275,1.332300208942029
PLANT_KINGDOM_OUTDOOR,4,16.0,20.0,FC1,0.5476830620548756,0.9731481478753725
PLANT_KINGDOM_OUTDOOR,4,16.0,20.0,C3,0.5332314754300236,1.0883582604507875
PLANT_KINGDOM_OUTDOOR,4,16.0,20.0,FC5,0.48734719434372203,1.137648918233593
PLANT_KINGDOM_OUTDOOR,4,16.0,20.0,FT9,0.24177180549543206,0.5982211999714883
PLANT_KINGDOM_OUTDOOR,4,16.0,20.0,T7,0.13377084928670493,0.6427978820903705
PLANT_KINGDOM_OUTDOOR,4,16.0,20.0,CP5,0.4184143511950464,0.9066205645103323
PLANT_KINGDOM_OUTDOOR,4,16.0,20.0,CP1,0.432694755293463,0.8943926704642847
PLANT_KINGDOM_OUTDOOR,4,16.0,20.0,P3,0.4998722576777357,1.0673747923182224
PLANT_KINGDOM_OUTDOOR,4,16.0,20.0,P7,0.2872636755477049,0.687842276824715
PLANT_KINGDOM_OUTDOOR,4,16.0,20.0,PO9,-0.052852250686100666,0.38509406352553893
PLANT_KINGDOM_OUTDOOR,4,16.0,20.0,O1,0.1588633785237614,0.8231237043340093
PLANT_KINGDOM_OUTDOOR,4,16.0,20.0,Pz,0.45890572619154196,0.8396789970396202
PLANT_KINGDOM_OUTDOOR,4,16.0,20.0,Oz,0.3936238960761933,1.0535562640410259
PLANT_KINGDOM_OUTDOOR,4,16.0,20.0,O2,0.485428525436086,1.201023250220495
PLANT_KINGDOM_OUTDOOR,4,16.0,20.0,PO10,0.4493620993451044,1.0531432542212718
PLANT_KINGDOM_OUTDOOR,4,16.0,20.0,P8,0.4473705434894738,1.1376881963086365
PLANT_KINGDOM_OUTDOOR,4,16.0,20.0,P4,0.5195822537049131,1.262745230990389
PLANT_KINGDOM_OUTDOOR,4,16.0,20.0,CP2,0.660657876694107,1.116780369663502
PLANT_KINGDOM_OUTDOOR,4,16.0,20.0,CP6,0.4943007295151835,1.1926771673102428
PLANT_KINGDOM_OUTDOOR,4,16.0,20.0,T8,0.4952163244327126,1.2923403086930738
PLANT_KINGDOM_OUTDOOR,4,16.0,20.0,FT10,0.9448266549838779,1.731767648053764
PLANT_KINGDOM_OUTDOOR,4,16.0,20.0,FC6,0.6216600713737863,1.3191266334095695
PLANT_KINGDOM_OUTDOOR,4,16.0,20.0,C4,0.5142645735351858,1.1970735662412149
PLANT_KINGDOM_OUTDOOR,4,16.0,20.0,FC2,0.810933597786692,1.4444186102245928
PLANT_KINGDOM_OUTDOOR,4,16.0,20.0,F4,0.660291536548343,1.3778431219901044
PLANT_KINGDOM_OUTDOOR,4,16.0,20.0,F8,0.9844801181752003,1.831579684123108
PLANT_KINGDOM_OUTDOOR,4,16.0,20.0,Fp2,0.8875682053512566,1.7349822538085276
PLANT_KINGDOM_OUTDOOR,5,20.0,24.0,Cz,0.6647766994336805,1.4227147994052116
PLANT_KINGDOM_OUTDOOR,5,20.0,24.0,Fz,0.8583245430839167,1.6168678645308157
PLANT_KINGDOM_OUTDOOR,5,20.0,24.0,Fp1,0.7149290106976833,1.4132570277156196
PLANT_KINGDOM_OUTDOOR,5,20.0,24.0,F7,0.34168506501871226,0.8178677814301266
PLANT_KINGDOM_OUTDOOR,5,20.0,24.0,F3,0.7148198953814813,1.3649583893174186
PLANT_KINGDOM_OUTDOOR,5,20.0,24.0,FC1,0.6434504642222694,1.094300742510794
PLANT_KINGDOM_OUTDOOR,5,20.0,24.0,C3,0.40625463302839065,0.9295984387670273
PLANT_KINGDOM_OUTDOOR,5,20.0,24.0,FC5,0.5011490630302268,1.0565157565279244
PLANT_KINGDOM_OUTDOOR,5,20.0,24.0,FT9,0.3765937987845582,0.6685969102832829
PLANT_KINGDOM_OUTDOOR,5,20.0,24.0,T7,0.26312461332177284,0.7245548464962108
PLANT_KINGDOM_OUTDOOR,5,20.0,24.0,CP5,0.2746972270229172,0.7337872126988245
PLANT_KINGDOM_OUTDOOR,5,20.0,24.0,CP1,0.41185359225777424,0.8842341872377572
PLANT_KINGDOM_OUTDOOR,5,20.0,24.0,P3,0.3056335518986462,0.8689771569848929
PLANT_KINGDOM_OUTDOOR,5,20.0,24.0,P7,-0.3335860079037085,-0.08793963812159758
PLANT_KINGDOM_OUTDOOR,5,20.0,24.0,PO9,-0.011278784861327888,0.4580931279603877
PLANT_KINGDOM_OUTDOOR,5,20.0,24.0,O1,0.14443776743914044,0.7543934721818135
PLANT_KINGDOM_OUTDOOR,5,20.0,24.0,Pz,0.34790299335153674,0.7809868334054039
PLANT_KINGDOM_OUTDOOR,5,20.0,24.0,Oz,0.23288929498489297,0.8572619638461295
PLANT_KINGDOM_OUTDOOR,5,20.0,24.0,O2,0.30900379818965995,1.016513894590863
PLANT_KINGDOM_OUTDOOR,5,20.0,24.0,PO10,0.4587592226090847,1.1453638487924456
PLANT_KINGDOM_OUTDOOR,5,20.0,24.0,P8,0.53889550962537,1.403688358732101
PLANT_KINGDOM_OUTDOOR,5,20.0,24.0,P4,0.6493535218759141,1.4160687181108391
PLANT_KINGDOM_OUTDOOR,5,20.0,24.0,CP2,0.734994433527528,1.1669662738047575
PLANT_KINGDOM_OUTDOOR,5,20.0,24.0,CP6,0.7123005658138638,1.5496807698077202
PLANT_KINGDOM_OUTDOOR,5,20.0,24.0,T8,0.33276994682365185,1.236969500744345
PLANT_KINGDOM_OUTDOOR,5,20.0,24.0,FT10,0.9877719786813652,1.7819758168381614
PLANT_KINGDOM_OUTDOOR,5,20.0,24.0,FC6,0.6657768528107242,1.5293490604045736
PLANT_KINGDOM_OUTDOOR,5,20.0,24.0,C4,0.6923148283558622,1.5407134242289668
PLANT_KINGDOM_OUTDOOR,5,20.0,24.0,FC2,0.8014676162971613,1.4402200246371393
PLANT_KINGDOM_OUTDOOR,5,20.0,24.0,F4,0.8204098671775654,1.6574901800827437
PLANT_KINGDOM_OUTDOOR,5,20.0,24.0,F8,0.7919882775269732,1.6420508371041993
PLANT_KINGDOM_OUTDOOR,5,20.0,24.0,Fp2,0.7950660317625122,1.5906638029497338
PLANT_KINGDOM_OUTDOOR,6,24.0,28.0,Cz,0.354209262387249,0.8426454643422886
PLANT_KINGDOM_OUTDOOR,6,24.0,28.0,Fz,0.3812740186861968,0.7734732246125408
PLANT_KINGDOM_OUTDOOR,6,24.0,28.0,Fp1,0.3860437882106161,0.8234661584284652
PLANT_KINGDOM_OUTDOOR,6,24.0,28.0,F7,0.2685895418478604,0.48491147079915986
PLANT_KINGDOM_OUTDOOR,6,24.0,28.0,F3,0.2544329495640234,0.4979056851708123
PLANT_KINGDOM_OUTDOOR,6,24.0,28.0,FC1,0.1807897357456612,0.2784642485990884
PLANT_KINGDOM_OUTDOOR,6,24.0,28.0,C3,0.07003447716168697,0.361327692075048
PLANT_KINGDOM_OUTDOOR,6,24.0,28.0,FC5,0.08551329795194745,0.3368244253675274
PLANT_KINGDOM_OUTDOOR,6,24.0,28.0,FT9,0.07573294549845072,0.11960900226109926
PLANT_KINGDOM_OUTDOOR,6,24.0,28.0,T7,-0.20918756652072623,-0.0413808120999733
PLANT_KINGDOM_OUTDOOR,6,24.0,28.0,CP5,-0.13410914610025013,0.08439139693242645
PLANT_KINGDOM_OUTDOOR,6,24.0,28.0,CP1,0.07744152693880746,0.2772791036015418
PLANT_KINGDOM_OUTDOOR,6,24.0,28.0,P3,-0.14425944659848372,0.13634792996736905
PLANT_KINGDOM_OUTDOOR,6,24.0,28.0,P7,-0.6973686524500599,-0.617081715390451
PLANT_KINGDOM_OUTDOOR,6,24.0,28.0,PO9,-0.2258290047678213,0.09755870546138541
PLANT_KINGDOM_OUTDOOR,6,24.0,28.0,O1,-0.15880491172280178,0.30314385120429055
PLANT_KINGDOM_OUTDOOR,6,24.0,28.0,Pz,-0.122428392566294,0.0009351519384564448
PLANT_KINGDOM_OUTDOOR,6,24.0,28.0,Oz,0.03834835872171867,0.47990082307823867
PLANT_KINGDOM_OUTDOOR,6,24.0,28.0,O2,0.1576305576369086,0.6237729988130153
PLANT_KINGDOM_OUTDOOR,6,24.0,28.0,PO10,-0.09676716202396217,0.2818555159455246
PLANT_KINGDOM_OUTDOOR,6,24.0,28.0,P8,0.002135276504879841,0.5003963814934999
PLANT_KINGDOM_OUTDOOR,6,24.0,28.0,P4,0.33759009555306363,0.9076097771295994
PLANT_KINGDOM_OUTDOOR,6,24.0,28.0,CP2,0.3288025808759084,0.5415355227441485
PLANT_KINGDOM_OUTDOOR,6,24.0,28.0,CP6,0.29689526796804777,0.9044445126806339
PLANT_KINGDOM_OUTDOOR,6,24.0,28.0,T8,-0.05052031976017082,0.4626931492485144
PLANT_KINGDOM_OUTDOOR,6,24.0,28.0,FT10,0.4427024864241397,0.8012922406369533
PLANT_KINGDOM_OUTDOOR,6,24.0,28.0,FC6,0.1301663107817585,0.5917761061342178
PLANT_KINGDOM_OUTDOOR,6,24.0,28.0,C4,0.06036217875938648,0.5388976284963898
PLANT_KINGDOM_OUTDOOR,6,24.0,28.0,FC2,0.3091207941952489,0.6782543873196505
PLANT_KINGDOM_OUTDOOR,6,24.0,28.0,F4,0.2887937411736219,0.7445590470300822
PLANT_KINGDOM_OUTDOOR,6,24.0,28.0,F8,0.3418654123458447,0.8225535340878952
PLANT_KINGDOM_OUTDOOR,6,24.0,28.0,Fp2,0.4852977812257369,0.9557167329840461
PLANT_KINGDOM_OUTDOOR,7,28.0,32.0,Cz,1.2759006128126322,2.264856692451639
PLANT_KINGDOM_OUTDOOR,7,28.0,32.0,Fz,1.1759479306252523,2.0944337454929665
PLANT_KINGDOM_OUTDOOR,7,28.0,32.0,Fp1,1.182677561904823,2.2405169020566
PLANT_KINGDOM_OUTDOOR,7,28.0,32.0,F7,1.3602526364794492,2.2776148900530804
PLANT_KINGDOM_OUTDOOR,7,28.0,32.0,F3,1.089334721596793,1.9675974030876275
PLANT_KINGDOM_OUTDOOR,7,28.0,32.0,FC1,1.1777245241507548,1.8500440802686318
PLANT_KINGDOM_OUTDOOR,7,28.0,32.0,C3,1.1922271332762482,2.0265561345621084
PLANT_KINGDOM_OUTDOOR,7,28.0,32.0,FC5,1.2139763512786135,2.067623112636858
PLANT_KINGDOM_OUTDOOR,7,28.0,32.0,FT9,1.373525535565028,2.1716594676181553
PLANT_KINGDOM_OUTDOOR,7,28.0,32.0,T7,1.1458040529726512,1.9694975520965754
PLANT_KINGDOM_OUTDOOR,7,28.0,32.0,CP5,1.1367236095041293,2.0079299419675944
PLANT_KINGDOM_OUTDOOR,7,28.0,32.0,CP1,1.2546112314445312,2.141844569987764
PLANT_KINGDOM_OUTDOOR,7,28.0,32.0,P3,1.3168678302457841,2.3457637329464913
PLANT_KINGDOM_OUTDOOR,7,28.0,32.0,P7,1.3181578909695502,2.28567162627056
PLANT_KINGDOM_OUTDOOR,7,28.0,32.0,PO9,1.1547741438063677,2.1825380936337115
PLANT_KINGDOM_OUTDOOR,7,28.0,32.0,O1,1.3910247737062722,2.5998506671323667
PLANT_KINGDOM_OUTDOOR,7,28.0,32.0,Pz,1.264062342320644,2.121339137674095
PLANT_KINGDOM_OUTDOOR,7,28.0,32.0,Oz,1.3646984827758626,2.5504833662323256
PLANT_KINGDOM_OUTDOOR,7,28.0,32.0,O2,1.445991003487393,2.6374315125586323
PLANT_KINGDOM_OUTDOOR,7,28.0,32.0,PO10,1.346903546415297,2.3762102164152754
PLANT_KINGDOM_OUTDOOR,7,28.0,32.0,P8,1.3532582440753858,2.541234743216791
PLANT_KINGDOM_OUTDOOR,7,28.0,32.0,P4,1.331048740381639,2.4885996320401214
PLANT_KINGDOM_OUTDOOR,7,28.0,32.0,CP2,1.3281450010204352,2.048516583954919
PLANT_KINGDOM_OUTDOOR,7,28.0,32.0,CP6,1.171468222530655,2.197843649056232
PLANT_KINGDOM_OUTDOOR,7,28.0,32.0,T8,1.0734270443079412,2.1019964636018584
PLANT_KINGDOM_OUTDOOR,7,28.0,32.0,FT10,1.4221303396201004,2.3434321213093305
PLANT_KINGDOM_OUTDOOR,7,28.0,32.0,FC6,1.226159819692387,2.1457332856757376
PLANT_KINGDOM_OUTDOOR,7,28.0,32.0,C4,1.1017595691663686,2.079682779386397
PLANT_KINGDOM_OUTDOOR,7,28.0,32.0,FC2,1.2053791439713069,2.0452438887952074
PLANT_KINGDOM_OUTDOOR,7,28.0,32.0,F4,1.2647207126769568,2.2120268789928317
PLANT_KINGDOM_OUTDOOR,7,28.0,32.0,F8,1.3224341994204918,2.285697884828231
PLANT_KINGDOM_OUTDOOR,7,28.0,32.0,Fp2,1.0859812381281648,2.0868145377429896
PLANT_KINGDOM_OUTDOOR,8,32.0,36.0,Cz,1.3698416264305464,2.105711937888231
PLANT_KINGDOM_OUTDOOR,8,32.0,36.0,Fz,1.3209177751263221,1.9819948415754427
PLANT_KINGDOM_OUTDOOR,8,32.0,36.0,Fp1,1.0416253571316882,1.8172887549553491
PLANT_KINGDOM_OUTDOOR,8,32.0,36.0,F7,1.2452516473232869,1.9225141529405838
PLANT_KINGDOM_OUTDOOR,8,32.0,36.0,F3,1.2129054874352465,1.8621159711546111
PLANT_KINGDOM_OUTDOOR,8,32.0,36.0,FC1,1.362802127071525,1.8371684165103905
PLANT_KINGDOM_OUTDOOR,8,32.0,36.0,C3,1.2888898883328914,1.9297682362403805
PLANT_KINGDOM_OUTDOOR,8,32.0,36.0,FC5,1.3624882432492373,2.0245507087869528
PLANT_KINGDOM_OUTDOOR,8,32.0,36.0,FT9,1.33616817134069,1.894380660821927
PLANT_KINGDOM_OUTDOOR,8,32.0,36.0,T7,0.9868666091389103,1.6314105419270426
PLANT_KINGDOM_OUTDOOR,8,32.0,36.0,CP5,1.2235741183642368,1.7824555245694707
PLANT_KINGDOM_OUTDOOR,8,32.0,36.0,CP1,1.1529361532431206,1.6109250004740507
PLANT_KINGDOM_OUTDOOR,8,32.0,36.0,P3,1.1501756086445716,1.707490257608355
PLANT_KINGDOM_OUTDOOR,8,32.0,36.0,P7,0.8689637658601866,1.4185957990022457
PLANT_KINGDOM_OUTDOOR,8,32.0,36.0,PO9,0.9779332025073685,1.6179427977734917
PLANT_KINGDOM_OUTDOOR,8,32.0,36.0,O1,0.9958045056060106,1.725710687351283
PLANT_KINGDOM_OUTDOOR,8,32.0,36.0,Pz,1.2096319191417226,1.595998682982151
PLANT_KINGDOM_OUTDOOR,8,32.0,36.0,Oz,1.0180114273177836,1.7012618521731655
PLANT_KINGDOM_OUTDOOR,8,32.0,36.0,O2,1.0156000430218612,1.751218494693844
PLANT_KINGDOM_OUTDOOR,8,32.0,36.0,PO10,1.1239649297839724,1.7513940611393055
PLANT_KINGDOM_OUTDOOR,8,32.0,36.0,P8,0.9499493639661488,1.7369678621454039
PLANT_KINGDOM_OUTDOOR,8,32.0,36.0,P4,1.1714115706654822,1.8490757780819664
PLANT_KINGDOM_OUTDOOR,8,32.0,36.0,CP2,1.3292286716986716,1.7406608910703374
PLANT_KINGDOM_OUTDOOR,8,32.0,36.0,CP6,1.231798263953176,2.0032929303786537
PLANT_KINGDOM_OUTDOOR,8,32.0,36.0,T8,0.9463721118237645,1.8313045162057007
PLANT_KINGDOM_OUTDOOR,8,32.0,36.0,FT10,1.314783313366386,2.086180761947023
PLANT_KINGDOM_OUTDOOR,8,32.0,36.0,FC6,1.4660042501144035,2.273533438965725
PLANT_KINGDOM_OUTDOOR,8,32.0,36.0,C4,1.2432963943987159,2.0040062954294395
PLANT_KINGDOM_OUTDOOR,8,32.0,36.0,FC2,1.3706055270557618,1.9430637431297817
PLANT_KINGDOM_OUTDOOR,8,32.0,36.0,F4,1.3219408972347122,2.070521184282818
PLANT_KINGDOM_OUTDOOR,8,32.0,36.0,F8,1.6127175101605953,2.4461918195349344
PLANT_KINGDOM_OUTDOOR,8,32.0,36.0,Fp2,1.0647130853073752,1.8191832753808896
PLANT_KINGDOM_OUTDOOR,9,36.0,40.0,Cz,1.0056517411869328,1.8148560767949895
PLANT_KINGDOM_OUTDOOR,9,36.0,40.0,Fz,0.8621144361506815,1.561319731889059
PLANT_KINGDOM_OUTDOOR,9,36.0,40.0,Fp1,0.6759248735885673,1.3366917927576571
PLANT_KINGDOM_OUTDOOR,9,36.0,40.0,F7,0.6156133880507892,1.2429819843776053
PLANT_KINGDOM_OUTDOOR,9,36.0,40.0,F3,0.7341582366303768,1.331356704638436
PLANT_KINGDOM_OUTDOOR,9,36.0,40.0,FC1,0.6062779197989567,0.9610122888285157
PLANT_KINGDOM_OUTDOOR,9,36.0,40.0,C3,0.6477190719107787,1.1254154957342786
PLANT_KINGDOM_OUTDOOR,9,36.0,40.0,FC5,0.6559370846041775,1.22792661419695
PLANT_KINGDOM_OUTDOOR,9,36.0,40.0,FT9,0.8779016639936446,1.3495134822972135
PLANT_KINGDOM_OUTDOOR,9,36.0,40.0,T7,0.21730788535766632,0.7000353290919288
PLANT_KINGDOM_OUTDOOR,9,36.0,40.0,CP5,0.5520380839574202,1.0226544613645352
PLANT_KINGDOM_OUTDOOR,9,36.0,40.0,CP1,0.845487903642962,1.4150603113847322
PLANT_KINGDOM_OUTDOOR,9,36.0,40.0,P3,0.712720343209918,1.4693886484163554
PLANT_KINGDOM_OUTDOOR,9,36.0,40.0,P7,0.5238878222919575,1.0419661253797392
PLANT_KINGDOM_OUTDOOR,9,36.0,40.0,PO9,0.14206411246019285,0.680627469279416
PLANT_KINGDOM_OUTDOOR,9,36.0,40.0,O1,0.47256984837355137,1.3756559432566704
PLANT_KINGDOM_OUTDOOR,9,36.0,40.0,Pz,0.7372067938556142,1.2903096318063076
PLANT_KINGDOM_OUTDOOR,9,36.0,40.0,Oz,0.6428470336076828,1.5030974875669225
PLANT_KINGDOM_OUTDOOR,9,36.0,40.0,O2,0.4051397547953968,1.3203402292497954
PLANT_KINGDOM_OUTDOOR,9,36.0,40.0,PO10,0.6070286519000908,1.3375537923968146
PLANT_KINGDOM_OUTDOOR,9,36.0,40.0,P8,0.9557869897386823,1.9155786218902306
PLANT_KINGDOM_OUTDOOR,9,36.0,40.0,P4,0.8344154892495762,1.7621219712189182
PLANT_KINGDOM_OUTDOOR,9,36.0,40.0,CP2,0.9808366682626538,1.4732755841468181
PLANT_KINGDOM_OUTDOOR,9,36.0,40.0,CP6,0.953493812017377,1.8495405143246924
PLANT_KINGDOM_OUTDOOR,9,36.0,40.0,T8,0.624430855474974,1.5266585632473784
PLANT_KINGDOM_OUTDOOR,9,36.0,40.0,FT10,1.017960739646008,1.7874859276429103
PLANT_KINGDOM_OUTDOOR,9,36.0,40.0,FC6,0.7461549116437739,1.5470242070327431
PLANT_KINGDOM_OUTDOOR,9,36.0,40.0,C4,0.8529315151372288,1.6911652337518204
PLANT_KINGDOM_OUTDOOR,9,36.0,40.0,FC2,0.8838931476210627,1.5111686210481667
PLANT_KINGDOM_OUTDOOR,9,36.0,40.0,F4,0.8686220147117916,1.566862627378807
PLANT_KINGDOM_OUTDOOR,9,36.0,40.0,F8,0.9036375195186457,1.659813907664598
PLANT_KINGDOM_OUTDOOR,9,36.0,40.0,Fp2,0.5394106726266986,1.2422797625484545
PLANT_KINGDOM_OUTDOOR,10,40.0,44.0,Cz,0.6132651867357694,1.3257482657434798
PLANT_KINGDOM_OUTDOOR,10,40.0,44.0,Fz,0.5910656406643146,1.1426477366003753
PLANT_KINGDOM_OUTDOOR,10,40.0,44.0,Fp1,0.48557885823822505,1.0824892836514366
PLANT_KINGDOM_OUTDOOR,10,40.0,44.0,F7,0.3696338607196737,0.8040117947970464
PLANT_KINGDOM_OUTDOOR,10,40.0,44.0,F3,0.30599633868194553,0.7560630678955874
PLANT_KINGDOM_OUTDOOR,10,40.0,44.0,FC1,0.36072021367483864,0.6432654834864876
PLANT_KINGDOM_OUTDOOR,10,40.0,44.0,C3,0.17258857604963607,0.5442729237393357
PLANT_KINGDOM_OUTDOOR,10,40.0,44.0,FC5,0.22091013714855792,0.6020002759155236
PLANT_KINGDOM_OUTDOOR,10,40.0,44.0,FT9,0.2133969334660934,0.5057067933145468
PLANT_KINGDOM_OUTDOOR,10,40.0,44.0,T7,-0.2055227159822389,0.11504967751729933
PLANT_KINGDOM_OUTDOOR,10,40.0,44.0,CP5,0.09675272836508442,0.45745322108183467
PLANT_KINGDOM_OUTDOOR,10,40.0,44.0,CP1,0.31053737949603133,0.764658827307056
PLANT_KINGDOM_OUTDOOR,10,40.0,44.0,P3,0.308516066845536,0.9130708570495971
PLANT_KINGDOM_OUTDOOR,10,40.0,44.0,P7,-0.33177499359884927,-0.02356651292768086
PLANT_KINGDOM_OUTDOOR,10,40.0,44.0,PO9,-0.00896663990170217,0.4278212960195628
PLANT_KINGDOM_OUTDOOR,10,40.0,44.0,O1,0.10063277907668056,0.6334431942569148
PLANT_KINGDOM_OUTDOOR,10,40.0,44.0,Pz,0.3446871483192715,0.7564518133642177
PLANT_KINGDOM_OUTDOOR,10,40.0,44.0,Oz,0.19589650014459925,0.7637805760202904
PLANT_KINGDOM_OUTDOOR,10,40.0,44.0,O2,0.1438651030081359,0.7445592135769838
PLANT_KINGDOM_OUTDOOR,10,40.0,44.0,PO10,0.3062597360174682,0.8720367717561569
PLANT_KINGDOM_OUTDOOR,10,40.0,44.0,P8,-0.008365678842387227,0.6024072698107252
PLANT_KINGDOM_OUTDOOR,10,40.0,44.0,P4,0.5288896672446166,1.2778232037585673
PLANT_KINGDOM_OUTDOOR,10,40.0,44.0,CP2,0.6199526071380005,1.041279556470418
PLANT_KINGDOM_OUTDOOR,10,40.0,44.0,CP6,0.3248231016119691,0.9683271108203321
PLANT_KINGDOM_OUTDOOR,10,40.0,44.0,T8,0.11871170602171985,0.6909948780941573
PLANT_KINGDOM_OUTDOOR,10,40.0,44.0,FT10,0.2706749569300383,0.7239299595957822
PLANT_KINGDOM_OUTDOOR,10,40.0,44.0,FC6,0.16996899070883523,0.7182951123113483
PLANT_KINGDOM_OUTDOOR,10,40.0,44.0,C4,0.46365496010943774,1.1678400937107383
PLANT_KINGDOM_OUTDOOR,10,40.0,44.0,FC2,0.5047770461431003,0.9710259010780309
PLANT_KINGDOM_OUTDOOR,10,40.0,44.0,F4,0.38347940234736944,0.9632998927124858
PLANT_KINGDOM_OUTDOOR,10,40.0,44.0,F8,0.2955635698042737,0.8019303195695343
PLANT_KINGDOM_OUTDOOR,10,40.0,44.0,Fp2,0.24750572314942523,0.7735583574314007
PLANT_KINGDOM_OUTDOOR,11,44.0,48.0,Cz,0.8585525056914928,1.6661492051614268
PLANT_KINGDOM_OUTDOOR,11,44.0,48.0,Fz,0.7789420802733172,1.4195239006611813
PLANT_KINGDOM_OUTDOOR,11,44.0,48.0,Fp1,0.7083711720437676,1.4152737307767793
PLANT_KINGDOM_OUTDOOR,11,44.0,48.0,F7,0.5301879782873714,1.0477884181135635
PLANT_KINGDOM_OUTDOOR,11,44.0,48.0,F3,0.6707483254692398,1.2678901575473642
PLANT_KINGDOM_OUTDOOR,11,44.0,48.0,FC1,0.6283970305049574,0.9407866794042054
PLANT_KINGDOM_OUTDOOR,11,44.0,48.0,C3,0.48070362504768915,0.877719310381216
PLANT_KINGDOM_OUTDOOR,11,44.0,48.0,FC5,0.4415558509919405,0.8860632421759091
PLANT_KINGDOM_OUTDOOR,11,44.0,48.0,FT9,0.40748074969216647,0.6244947990260273
PLANT_KINGDOM_OUTDOOR,11,44.0,48.0,T7,0.14877487829503638,0.5150356719418561
PLANT_KINGDOM_OUTDOOR,11,44.0,48.0,CP5,0.3496482514876962,0.7405299356861458
PLANT_KINGDOM_OUTDOOR,11,44.0,48.0,CP1,0.5380667731515616,1.0074595523765164
PLANT_KINGDOM_OUTDOOR,11,44.0,48.0,P3,0.6570774791897722,1.2489247455536803
PLANT_KINGDOM_OUTDOOR,11,44.0,48.0,P7,0.23296340115217593,0.5691260254604648
PLANT_KINGDOM_OUTDOOR,11,44.0,48.0,PO9,-0.01785658148675552,0.4424923933147439
PLANT_KINGDOM_OUTDOOR,11,44.0,48.0,O1,0.2795724124412208,0.9616384864821046
PLANT_KINGDOM_OUTDOOR,11,44.0,48.0,Pz,0.5292550138732284,0.9462077140599726
PLANT_KINGDOM_OUTDOOR,11,44.0,48.0,Oz,0.3864996783577766,1.0871101203265872
PLANT_KINGDOM_OUTDOOR,11,44.0,48.0,O2,0.4107574057553339,1.0880418890384238
PLANT_KINGDOM_OUTDOOR,11,44.0,48.0,PO10,0.5568745845747655,1.0674364562093444
PLANT_KINGDOM_OUTDOOR,11,44.0,48.0,P8,0.6885981775141798,1.4536054300510843
PLANT_KINGDOM_OUTDOOR,11,44.0,48.0,P4,0.8039299551556566,1.6233759553974516
PLANT_KINGDOM_OUTDOOR,11,44.0,48.0,CP2,0.9558334923392575,1.3985069944927797
PLANT_KINGDOM_OUTDOOR,11,44.0,48.0,CP6,0.6047072637233589,1.4047595701795874
PLANT_KINGDOM_OUTDOOR,11,44.0,48.0,T8,0.3999125172837143,1.2399133248062455
PLANT_KINGDOM_OUTDOOR,11,44.0,48.0,FT10,0.7860866321800377,1.367487696322436
PLANT_KINGDOM_OUTDOOR,11,44.0,48.0,FC6,0.6598455377515628,1.446078407005016
PLANT_KINGDOM_OUTDOOR,11,44.0,48.0,C4,0.6162753105249321,1.403325106548358
PLANT_KINGDOM_OUTDOOR,11,44.0,48.0,FC2,0.867509953204562,1.460176816928362
PLANT_KINGDOM_OUTDOOR,11,44.0,48.0,F4,0.7504110673820392,1.5119241996155344
PLANT_KINGDOM_OUTDOOR,11,44.0,48.0,F8,0.66999895805891,1.3332071217084687
PLANT_KINGDOM_OUTDOOR,11,44.0,48.0,Fp2,0.6083662144584444,1.374857501674155
PLANT_KINGDOM_OUTDOOR,12,48.0,52.0,Cz,0.5321360260125607,1.0322130503052371
PLANT_KINGDOM_OUTDOOR,12,48.0,52.0,Fz,0.5236764302922613,0.8912201291454498
PLANT_KINGDOM_OUTDOOR,12,48.0,52.0,Fp1,0.4313662317014259,0.9278885864388713
PLANT_KINGDOM_OUTDOOR,12,48.0,52.0,F7,0.641848804871862,0.9905421596195532
PLANT_KINGDOM_OUTDOOR,12,48.0,52.0,F3,0.4771161718612607,0.8415566742312082
PLANT_KINGDOM_OUTDOOR,12,48.0,52.0,FC1,0.2563523623774151,0.3278902002011831
PLANT_KINGDOM_OUTDOOR,12,48.0,52.0,C3,0.4426363122067222,0.69303390077711
PLANT_KINGDOM_OUTDOOR,12,48.0,52.0,FC5,0.34486224583956815,0.6398698502355898
PLANT_KINGDOM_OUTDOOR,12,48.0,52.0,FT9,0.5119899326106774,0.6198761793506211
PLANT_KINGDOM_OUTDOOR,12,48.0,52.0,T7,-0.250025470362524,-0.038582421013770275
PLANT_KINGDOM_OUTDOOR,12,48.0,52.0,CP5,0.49259850414302725,0.7629568262188093
PLANT_KINGDOM_OUTDOOR,12,48.0,52.0,CP1,0.37949969085668483,0.6024706208293069
PLANT_KINGDOM_OUTDOOR,12,48.0,52.0,P3,0.23758122021204864,0.5775289835038548
PLANT_KINGDOM_OUTDOOR,12,48.0,52.0,P7,0.06150627890559272,0.26349399388621353
PLANT_KINGDOM_OUTDOOR,12,48.0,52.0,PO9,-0.060994678042368085,0.18553652721000657
PLANT_KINGDOM_OUTDOOR,12,48.0,52.0,O1,0.12968842902721917,0.6273868335863687
PLANT_KINGDOM_OUTDOOR,12,48.0,52.0,Pz,0.3304240741933829,0.49605283733424077
PLANT_KINGDOM_OUTDOOR,12,48.0,52.0,Oz,0.376628862709954,0.8762725404487877
PLANT_KINGDOM_OUTDOOR,12,48.0,52.0,O2,0.43144685091367174,0.9530261903680296
PLANT_KINGDOM_OUTDOOR,12,48.0,52.0,PO10,0.3725373017131305,0.8132928032256509
PLANT_KINGDOM_OUTDOOR,12,48.0,52.0,P8,0.4565304343279531,1.1518470862365926
PLANT_KINGDOM_OUTDOOR,12,48.0,52.0,P4,0.5661638279648848,1.1481415832154869
PLANT_KINGDOM_OUTDOOR,12,48.0,52.0,CP2,0.45715162730839254,0.6264126639031615
PLANT_KINGDOM_OUTDOOR,12,48.0,52.0,CP6,0.8361796157379541,1.5774684312887797
PLANT_KINGDOM_OUTDOOR,12,48.0,52.0,T8,0.48099653845226764,1.3155483890067272
PLANT_KINGDOM_OUTDOOR,12,48.0,52.0,FT10,0.9571446044920047,1.6179249947699157
PLANT_KINGDOM_OUTDOOR,12,48.0,52.0,FC6,0.6516547010865787,1.2922787779107812
PLANT_KINGDOM_OUTDOOR,12,48.0,52.0,C4,0.6770620760560939,1.311003499576265
PLANT_KINGDOM_OUTDOOR,12,48.0,52.0,FC2,0.667930546923065,0.9916990928158235
PLANT_KINGDOM_OUTDOOR,12,48.0,52.0,F4,0.44274416458771315,0.9113677804821312
PLANT_KINGDOM_OUTDOOR,12,48.0,52.0,F8,0.6258509998694923,1.2385816467110535
PLANT_KINGDOM_OUTDOOR,12,48.0,52.0,Fp2,0.36487353058473987,0.9745245594742151
PLANT_KINGDOM_OUTDOOR,13,52.0,56.0,Cz,1.2383935754990802,2.124904314537192
PLANT_KINGDOM_OUTDOOR,13,52.0,56.0,Fz,1.209489464358512,1.9088892849631995
PLANT_KINGDOM_OUTDOOR,13,52.0,56.0,Fp1,0.6763963312263916,1.306856874648478
PLANT_KINGDOM_OUTDOOR,13,52.0,56.0,F7,0.6548754096634753,1.1123667196096274
PLANT_KINGDOM_OUTDOOR,13,52.0,56.0,F3,1.005256361628292,1.544782453897169
PLANT_KINGDOM_OUTDOOR,13,52.0,56.0,FC1,0.8812300159029816,1.2772370998123004
PLANT_KINGDOM_OUTDOOR,13,52.0,56.0,C3,0.8451394954774761,1.391656436309781
PLANT_KINGDOM_OUTDOOR,13,52.0,56.0,FC5,0.7150744923675227,1.2042618478694989
PLANT_KINGDOM_OUTDOOR,13,52.0,56.0,FT9,0.79015670487789,1.0171581320693146
PLANT_KINGDOM_OUTDOOR,13,52.0,56.0,T7,0.018000555980473593,0.342966936976246
PLANT_KINGDOM_OUTDOOR,13,52.0,56.0,CP5,0.5782821848059211,1.0364106168124017
PLANT_KINGDOM_OUTDOOR,13,52.0,56.0,CP1,0.9329668771820114,1.5576742576324512
PLANT_KINGDOM_OUTDOOR,13,52.0,56.0,P3,0.872261917190297,1.5955908744569083
PLANT_KINGDOM_OUTDOOR,13,52.0,56.0,P7,0.1355557786041768,0.3541576001645475
PLANT_KINGDOM_OUTDOOR,13,52.0,56.0,PO9,0.27314606060229246,0.6698698950465947
PLANT_KINGDOM_OUTDOOR,13,52.0,56.0,O1,0.6683549324734768,1.360322985393166
PLANT_KINGDOM_OUTDOOR,13,52.0,56.0,Pz,0.9044155222540797,1.4517760157388282
PLANT_KINGDOM_OUTDOOR,13,52.0,56.0,Oz,0.9142977068045502,1.6090878547316114
PLANT_KINGDOM_OUTDOOR,13,52.0,56.0,O2,1.0562037448390946,1.787019394041838
PLANT_KINGDOM_OUTDOOR,13,52.0,56.0,PO10,1.1195680651418953,1.7277334283093362
PLANT_KINGDOM_OUTDOOR,13,52.0,56.0,P8,1.2155822941813212,2.051219557640385
PLANT_KINGDOM_OUTDOOR,13,52.0,56.0,P4,1.2723456087572196,2.1620264347050187
PLANT_KINGDOM_OUTDOOR,13,52.0,56.0,CP2,1.3954300668684445,1.939988673805175
PLANT_KINGDOM_OUTDOOR,13,52.0,56.0,CP6,0.863866073652045,1.7317232869404755
PLANT_KINGDOM_OUTDOOR,13,52.0,56.0,T8,0.36436500960154145,1.1926722561826963
PLANT_KINGDOM_OUTDOOR,13,52.0,56.0,FT10,0.7976318799359151,1.4502344838180397
PLANT_KINGDOM_OUTDOOR,13,52.0,56.0,FC6,1.0432909334214988,1.7974130627768696
PLANT_KINGDOM_OUTDOOR,13,52.0,56.0,C4,1.0917318801908396,1.9257741270736863
PLANT_KINGDOM_OUTDOOR,13,52.0,56.0,FC2,1.3234230313862765,1.9911696366346
PLANT_KINGDOM_OUTDOOR,13,52.0,56.0,F4,1.0911925329198762,1.815572852723973
PLANT_KINGDOM_OUTDOOR,13,52.0,56.0,F8,0.8315414585877025,1.4962531565491366
PLANT_KINGDOM_OUTDOOR,13,52.0,56.0,Fp2,0.7834989527241801,1.42284776963841
PLANT_KINGDOM_OUTDOOR,14,56.0,60.0,Cz,1.018332302383978,1.6854351154931162
PLANT_KINGDOM_OUTDOOR,14,56.0,60.0,Fz,0.8246558507738849,1.3579130767336238
PLANT_KINGDOM_OUTDOOR,14,56.0,60.0,Fp1,0.707824353408498,1.3707985686043063
PLANT_KINGDOM_OUTDOOR,14,56.0,60.0,F7,0.43853046487121317,0.8361379282557394
PLANT_KINGDOM_OUTDOOR,14,56.0,60.0,F3,0.854483642352094,1.3626813412493466
PLANT_KINGDOM_OUTDOOR,14,56.0,60.0,FC1,0.8700349900992438,1.193762060073939
PLANT_KINGDOM_OUTDOOR,14,56.0,60.0,C3,0.8383547971964629,1.2265342248245796
PLANT_KINGDOM_OUTDOOR,14,56.0,60.0,FC5,0.7279286398932441,1.108670140243702
PLANT_KINGDOM_OUTDOOR,14,56.0,60.0,FT9,0.4749245318830509,0.6061143199790098
PLANT_KINGDOM_OUTDOOR,14,56.0,60.0,T7,-0.10169284096279342,0.1743132529200681
PLANT_KINGDOM_OUTDOOR,14,56.0,60.0,CP5,0.5728008255000259,0.9586544488855513
PLANT_KINGDOM_OUTDOOR,14,56.0,60.0,CP1,0.8791695918795722,1.3491359676348653
PLANT_KINGDOM_OUTDOOR,14,56.0,60.0,P3,0.7250504615406977,1.2926319450245143
PLANT_KINGDOM_OUTDOOR,14,56.0,60.0,P7,0.11252953284817362,0.3752524930485501
PLANT_KINGDOM_OUTDOOR,14,56.0,60.0,PO9,0.0002483201966466273,0.32637769041752707
PLANT_KINGDOM_OUTDOOR,14,56.0,60.0,O1,0.3916403494965117,1.0941808345928334
PLANT_KINGDOM_OUTDOOR,14,56.0,60.0,Pz,0.8972895569124208,1.3266348039339264
PLANT_KINGDOM_OUTDOOR,14,56.0,60.0,Oz,0.6811751575205496,1.3588421725469741
PLANT_KINGDOM_OUTDOOR,14,56.0,60.0,O2,0.7143246217595212,1.46444249458228
PLANT_KINGDOM_OUTDOOR,14,56.0,60.0,PO10,0.6835515869646586,1.3402814712484854
PLANT_KINGDOM_OUTDOOR,14,56.0,60.0,P8,0.7699342720884483,1.6354756515948614
PLANT_KINGDOM_OUTDOOR,14,56.0,60.0,P4,0.8085546558424014,1.5384389944427068
PLANT_KINGDOM_OUTDOOR,14,56.0,60.0,CP2,1.0633966252782245,1.408769959856621
PLANT_KINGDOM_OUTDOOR,14,56.0,60.0,CP6,0.7983491727393471,1.5133732704581773
PLANT_KINGDOM_OUTDOOR,14,56.0,60.0,T8,0.4360559776862303,1.1703172632579564
PLANT_KINGDOM_OUTDOOR,14,56.0,60.0,FT10,0.9496712014348541,1.48572625111122
PLANT_KINGDOM_OUTDOOR,14,56.0,60.0,FC6,0.794118547968089,1.3792691942318394
PLANT_KINGDOM_OUTDOOR,14,56.0,60.0,C4,0.7424205258178096,1.3588640398412952
PLANT_KINGDOM_OUTDOOR,14,56.0,60.0,FC2,0.9255701899072423,1.3760868805755155
PLANT_KINGDOM_OUTDOOR,14,56.0,60.0,F4,0.7453915733592357,1.2762756365380783
PLANT_KINGDOM_OUTDOOR,14,56.0,60.0,F8,0.9274176270555727,1.4895663487578366
PLANT_KINGDOM_OUTDOOR,14,56.0,60.0,Fp2,0.5064645545264987,1.1310951019998603
PLANT_KINGDOM_OUTDOOR,15,60.0,64.0,Cz,1.3836995939611139,2.3327090579698218
PLANT_KINGDOM_OUTDOOR,15,60.0,64.0,Fz,1.0627365924759273,1.7324187066106473
PLANT_KINGDOM_OUTDOOR,15,60.0,64.0,Fp1,0.7765215429666397,1.3573593870077416
PLANT_KINGDOM_OUTDOOR,15,60.0,64.0,F7,0.856090263470057,1.3225428694957464
PLANT_KINGDOM_OUTDOOR,15,60.0,64.0,F3,1.0642835029753477,1.6463215446939172
PLANT_KINGDOM_OUTDOOR,15,60.0,64.0,FC1,1.1737898650026715,1.6240362838983484
PLANT_KINGDOM_OUTDOOR,15,60.0,64.0,C3,1.1419907977939876,1.7358024266756453
PLANT_KINGDOM_OUTDOOR,15,60.0,64.0,FC5,0.8849459753278378,1.3855483251275942
PLANT_KINGDOM_OUTDOOR,15,60.0,64.0,FT9,0.62210111539312,0.8859935386662687
PLANT_KINGDOM_OUTDOOR,15,60.0,64.0,T7,0.41597193985543324,0.8309570441564418
PLANT_KINGDOM_OUTDOOR,15,60.0,64.0,CP5,0.9782409689355469,1.5184357600825014
PLANT_KINGDOM_OUTDOOR,15,60.0,64.0,CP1,1.110723776309711,1.775902305040989
PLANT_KINGDOM_OUTDOOR,15,60.0,64.0,P3,1.0044278047120658,1.7599435721766024
PLANT_KINGDOM_OUTDOOR,15,60.0,64.0,P7,0.5256262138534594,0.9542217023290727
PLANT_KINGDOM_OUTDOOR,15,60.0,64.0,PO9,0.4604329299643855,0.8254164608731946
PLANT_KINGDOM_OUTDOOR,15,60.0,64.0,O1,0.7901397606697171,1.5460896763370706
PLANT_KINGDOM_OUTDOOR,15,60.0,64.0,Pz,0.9930959460664267,1.5267640441036479
PLANT_KINGDOM_OUTDOOR,15,60.0,64.0,Oz,0.7822133768416453,1.4768993265579626
PLANT_KINGDOM_OUTDOOR,15,60.0,64.0,O2,0.6792441826466785,1.4909180504122646
PLANT_KINGDOM_OUTDOOR,15,60.0,64.0,PO10,0.7756105028782655,1.404255972312787
PLANT_KINGDOM_OUTDOOR,15,60.0,64.0,P8,0.8992039879303431,1.836741042862372
PLANT_KINGDOM_OUTDOOR,15,60.0,64.0,P4,0.9370299842970804,1.956090127317387
PLANT_KINGDOM_OUTDOOR,15,60.0,64.0,CP2,1.2630085216475242,1.875744993004264
PLANT_KINGDOM_OUTDOOR,15,60.0,64.0,CP6,0.6724404333169877,1.5564623614485242
PLANT_KINGDOM_OUTDOOR,15,60.0,64.0,T8,0.36170861211883315,1.2588662471999736
PLANT_KINGDOM_OUTDOOR,15,60.0,64.0,FT10,0.7851117525235387,1.375616237064224
PLANT_KINGDOM_OUTDOOR,15,60.0,64.0,FC6,0.5933774115947807,1.2317887569625323
PLANT_KINGDOM_OUTDOOR,15,60.0,64.0,C4,0.8276603314628798,1.6552368708946996
PLANT_KINGDOM_OUTDOOR,15,60.0,64.0,FC2,1.1122372080243528,1.7135976272144569
PLANT_KINGDOM_OUTDOOR,15,60.0,64.0,F4,0.8602968553754223,1.5074472775378644
PLANT_KINGDOM_OUTDOOR,15,60.0,64.0,F8,0.5874622161043862,1.179562975819556
PLANT_KINGDOM_OUTDOOR,15,60.0,64.0,Fp2,0.6161502598231094,1.2730739468578307
PLANT_KINGDOM_OUTDOOR,16,64.0,68.0,Cz,0.8802981477060099,1.664475138628669
PLANT_KINGDOM_OUTDOOR,16,64.0,68.0,Fz,0.5385646318650062,1.1052515816755688
PLANT_KINGDOM_OUTDOOR,16,64.0,68.0,Fp1,0.7174097820544879,1.4520690844886994
PLANT_KINGDOM_OUTDOOR,16,64.0,68.0,F7,0.7884739863712029,1.365556558480094
PLANT_KINGDOM_OUTDOOR,16,64.0,68.0,F3,0.3879427633941225,0.9003091826254375
PLANT_KINGDOM_OUTDOOR,16,64.0,68.0,FC1,0.6535168903073749,1.0137449819007431
PLANT_KINGDOM_OUTDOOR,16,64.0,68.0,C3,0.5072664872890599,1.023877593562741
PLANT_KINGDOM_OUTDOOR,16,64.0,68.0,FC5,0.5223112278995766,1.0024704958030617
PLANT_KINGDOM_OUTDOOR,16,64.0,68.0,FT9,0.6691466254691609,1.0562725898943235
PLANT_KINGDOM_OUTDOOR,16,64.0,68.0,T7,0.48591146667968266,0.8161999689147457
PLANT_KINGDOM_OUTDOOR,16,64.0,68.0,CP5,0.45447129226601607,0.9342926569035476
PLANT_KINGDOM_OUTDOOR,16,64.0,68.0,CP1,0.5707062505958456,1.0201164955274586
PLANT_KINGDOM_OUTDOOR,16,64.0,68.0,P3,0.5698045132977041,1.168020303103536
PLANT_KINGDOM_OUTDOOR,16,64.0,68.0,P7,0.40197757118978933,0.7911232869056293
PLANT_KINGDOM_OUTDOOR,16,64.0,68.0,PO9,0.25213641547363524,0.7378327731423562
PLANT_KINGDOM_OUTDOOR,16,64.0,68.0,O1,0.5641792346259785,1.3390393608200342
PLANT_KINGDOM_OUTDOOR,16,64.0,68.0,Pz,0.497574480731766,0.9162805116387438
PLANT_KINGDOM_OUTDOOR,16,64.0,68.0,Oz,0.6251031113798765,1.423757991544934
PLANT_KINGDOM_OUTDOOR,16,64.0,68.0,O2,0.6281904111535878,1.447174611577374
PLANT_KINGDOM_OUTDOOR,16,64.0,68.0,PO10,0.6997216819195471,1.3496139358019579
PLANT_KINGDOM_OUTDOOR,16,64.0,68.0,P8,0.7620425675913949,1.6713520270751254
PLANT_KINGDOM_OUTDOOR,16,64.0,68.0,P4,0.8406730892188936,1.653064113115299
PLANT_KINGDOM_OUTDOOR,16,64.0,68.0,CP2,0.8321156971164025,1.240316454049707
PLANT_KINGDOM_OUTDOOR,16,64.0,68.0,CP6,0.7770979815588527,1.600437452748041
PLANT_KINGDOM_OUTDOOR,16,64.0,68.0,T8,0.2109443233539296,0.9661203523927274
PLANT_KINGDOM_OUTDOOR,16,64.0,68.0,FT10,0.6727937001245575,1.2867471664285022
PLANT_KINGDOM_OUTDOOR,16,64.0,68.0,FC6,0.7924729290090492,1.5200975241259937
PLANT_KINGDOM_OUTDOOR,16,64.0,68.0,C4,0.8201887712145064,1.6082183163791004
PLANT_KINGDOM_OUTDOOR,16,64.0,68.0,FC2,0.7109452980640867,1.2466767405798214
PLANT_KINGDOM_OUTDOOR,16,64.0,68.0,F4,0.6194881652252626,1.2872331417880905
PLANT_KINGDOM_OUTDOOR,16,64.0,68.0,F8,0.6894110067499775,1.3321355829272548
PLANT_KINGDOM_OUTDOOR,16,64.0,68.0,Fp2,0.857036710906079,1.6804376203249314
PLANT_KINGDOM_OUTDOOR,17,68.0,72.0,Cz,0.8325447594983308,1.5172492023147168
PLANT_KINGDOM_OUTDOOR,17,68.0,72.0,Fz,0.8186095442206609,1.414519142971577
PLANT_KINGDOM_OUTDOOR,17,68.0,72.0,Fp1,0.674939665739887,1.3393137715108816
PLANT_KINGDOM_OUTDOOR,17,68.0,72.0,F7,0.7362393283720235,1.3190698493414832
PLANT_KINGDOM_OUTDOOR,17,68.0,72.0,F3,0.6034983961212123,1.1201261956072726
PLANT_KINGDOM_OUTDOOR,17,68.0,72.0,FC1,0.5174352760397263,0.808542965817596
PLANT_KINGDOM_OUTDOOR,17,68.0,72.0,C3,0.6242512527068048,1.086667266500692
PLANT_KINGDOM_OUTDOOR,17,68.0,72.0,FC5,0.5280877857214417,1.0231735101389476
PLANT_KINGDOM_OUTDOOR,17,68.0,72.0,FT9,0.38353199116439546,0.6692392424592616
PLANT_KINGDOM_OUTDOOR,17,68.0,72.0,T7,0.07437051141233299,0.48961245100117207
PLANT_KINGDOM_OUTDOOR,17,68.0,72.0,CP5,0.5676369099726003,1.0609453125150548
PLANT_KINGDOM_OUTDOOR,17,68.0,72.0,CP1,0.626859090574261,1.0910360075688006
PLANT_KINGDOM_OUTDOOR,17,68.0,72.0,P3,0.61472037042872,1.2608070006315595
PLANT_KINGDOM_OUTDOOR,17,68.0,72.0,P7,0.32289639711884116,0.8126196735202948
PLANT_KINGDOM_OUTDOOR,17,68.0,72.0,PO9,0.2548882957420825,0.778132016590121
PLANT_KINGDOM_OUTDOOR,17,68.0,72.0,O1,0.2518822073568599,0.93469578777762
PLANT_KINGDOM_OUTDOOR,17,68.0,72.0,Pz,0.5278579529370814,0.9368913105456527
PLANT_KINGDOM_OUTDOOR,17,68.0,72.0,Oz,0.369057486141612,0.9885024340350761
PLANT_KINGDOM_OUTDOOR,17,68.0,72.0,O2,0.32122898290118945,0.9188480018699929
PLANT_KINGDOM_OUTDOOR,17,68.0,72.0,PO10,0.2996222680430292,0.8028013898024678
PLANT_KINGDOM_OUTDOOR,17,68.0,72.0,P8,0.48620803980132377,1.2348423616265354
PLANT_KINGDOM_OUTDOOR,17,68.0,72.0,P4,0.5292376294375345,1.2632286678646232
PLANT_KINGDOM_OUTDOOR,17,68.0,72.0,CP2,0.622614466894126,0.9888957882195181
PLANT_KINGDOM_OUTDOOR,17,68.0,72.0,CP6,0.741650558908932,1.4564763198474153
PLANT_KINGDOM_OUTDOOR,17,68.0,72.0,T8,0.12965774576751346,0.8218325707357267
PLANT_KINGDOM_OUTDOOR,17,68.0,72.0,FT10,0.22090376822609192,0.7214232228419729
PLANT_KINGDOM_OUTDOOR,17,68.0,72.0,FC6,0.7054273362265951,1.368454056147577
PLANT_KINGDOM_OUTDOOR,17,68.0,72.0,C4,0.7494153032618308,1.4652241193728281
PLANT_KINGDOM_OUTDOOR,17,68.0,72.0,FC2,0.7278130554498272,1.2529015081531396
PLANT_KINGDOM_OUTDOOR,17,68.0,72.0,F4,0.762819489456422,1.3995357596888411
PLANT_KINGDOM_OUTDOOR,17,68.0,72.0,F8,0.6366104524432588,1.28513778807385
PLANT_KINGDOM_OUTDOOR,17,68.0,72.0,Fp2,0.6629671656375317,1.2972043016262982
PLANT_KINGDOM_OUTDOOR,18,72.0,76.0,Cz,1.0403115793756497,2.0436143695519067
PLANT_KINGDOM_OUTDOOR,18,72.0,76.0,Fz,1.0520916439863242,1.9443591833790432
PLANT_KINGDOM_OUTDOOR,18,72.0,76.0,Fp1,0.9266024938298907,1.8466012275455974
PLANT_KINGDOM_OUTDOOR,18,72.0,76.0,F7,0.8534611850125631,1.588297179336976
PLANT_KINGDOM_OUTDOOR,18,72.0,76.0,F3,0.9350359620841715,1.75245507544038
PLANT_KINGDOM_OUTDOOR,18,72.0,76.0,FC1,0.8479228911420812,1.4713108109727957
PLANT_KINGDOM_OUTDOOR,18,72.0,76.0,C3,0.8633975781221706,1.6366201230576196
PLANT_KINGDOM_OUTDOOR,18,72.0,76.0,FC5,0.9141451185133098,1.7155903969634976
PLANT_KINGDOM_OUTDOOR,18,72.0,76.0,FT9,0.7579157236427639,1.3588459506511203
PLANT_KINGDOM_OUTDOOR,18,72.0,76.0,T7,0.7997562564482271,1.4988023546634974
PLANT_KINGDOM_OUTDOOR,18,72.0,76.0,CP5,0.7386879807313658,1.4948072128791432
PLANT_KINGDOM_OUTDOOR,18,72.0,76.0,CP1,0.6763498044653945,1.4111162107475084
PLANT_KINGDOM_OUTDOOR,18,72.0,76.0,P3,0.5720605721541485,1.3856854964964038
PLANT_KINGDOM_OUTDOOR,18,72.0,76.0,P7,0.23010136360027147,0.7241596560123134
PLANT_KINGDOM_OUTDOOR,18,72.0,76.0,PO9,0.25706794045673764,0.9443817501196908
PLANT_KINGDOM_OUTDOOR,18,72.0,76.0,O1,0.3226574651031915,1.2057854026865755
PLANT_KINGDOM_OUTDOOR,18,72.0,76.0,Pz,0.5554780191930554,1.2033754851024223
PLANT_KINGDOM_OUTDOOR,18,72.0,76.0,Oz,0.48710375168646775,1.3343564547349576
PLANT_KINGDOM_OUTDOOR,18,72.0,76.0,O2,0.5397325620768436,1.4212186286981017
PLANT_KINGDOM_OUTDOOR,18,72.0,76.0,PO10,0.5912613903839378,1.3234464354601614
PLANT_KINGDOM_OUTDOOR,18,72.0,76.0,P8,0.6302628217491957,1.486443506891747
PLANT_KINGDOM_OUTDOOR,18,72.0,76.0,P4,0.8230381131425925,1.787231773612641
PLANT_KINGDOM_OUTDOOR,18,72.0,76.0,CP2,1.0333310249271193,1.7114326695960684
PLANT_KINGDOM_OUTDOOR,18,72.0,76.0,CP6,1.0604332541080772,2.1147500343469408
PLANT_KINGDOM_OUTDOOR,18,72.0,76.0,T8,1.173534522698375,2.2446677198576137
PLANT_KINGDOM_OUTDOOR,18,72.0,76.0,FT10,1.2634922697611661,2.2303168980863854
PLANT_KINGDOM_OUTDOOR,18,72.0,76.0,FC6,1.1781021438871193,2.171706833180658
PLANT_KINGDOM_OUTDOOR,18,72.0,76.0,C4,1.0605513478724549,2.0492050810296285
PLANT_KINGDOM_OUTDOOR,18,72.0,76.0,FC2,1.0918422811380566,1.9239469887714535
PLANT_KINGDOM_OUTDOOR,18,72.0,76.0,F4,0.9476920165400189,1.860096644771917
PLANT_KINGDOM_OUTDOOR,18,72.0,76.0,F8,1.1147071768573817,2.069583594725819
PLANT_KINGDOM_OUTDOOR,18,72.0,76.0,Fp2,0.92238804172337,1.8948802245297278
PLANT_KINGDOM_OUTDOOR,19,76.0,80.0,Cz,0.7768886618703755,1.577403584975472
PLANT_KINGDOM_OUTDOOR,19,76.0,80.0,Fz,0.7043716030218317,1.3496107687619971
PLANT_KINGDOM_OUTDOOR,19,76.0,80.0,Fp1,0.6511674259449913,1.393877204140118
PLANT_KINGDOM_OUTDOOR,19,76.0,80.0,F7,0.5206353795046506,1.113309946061842
PLANT_KINGDOM_OUTDOOR,19,76.0,80.0,F3,0.619297821614078,1.2332714538082137
PLANT_KINGDOM_OUTDOOR,19,76.0,80.0,FC1,0.6813836302362906,1.0158292727649116
PLANT_KINGDOM_OUTDOOR,19,76.0,80.0,C3,0.5078075855082048,1.0257076574555806
PLANT_KINGDOM_OUTDOOR,19,76.0,80.0,FC5,0.4283881801621938,0.9975978903128487
PLANT_KINGDOM_OUTDOOR,19,76.0,80.0,FT9,0.4394901982952113,0.8040846966055559
PLANT_KINGDOM_OUTDOOR,19,76.0,80.0,T7,0.05971361345126851,0.48180166798550234
PLANT_KINGDOM_OUTDOOR,19,76.0,80.0,CP5,0.3385585610364776,0.8037837039379632
PLANT_KINGDOM_OUTDOOR,19,76.0,80.0,CP1,0.5776057681039207,0.9937382784224321
PLANT_KINGDOM_OUTDOOR,19,76.0,80.0,P3,0.46608818968181775,1.0479924581117008
PLANT_KINGDOM_OUTDOOR,19,76.0,80.0,P7,0.1150517289656478,0.47884952471755365
PLANT_KINGDOM_OUTDOOR,19,76.0,80.0,PO9,-0.0820749358280398,0.28176740617473456
PLANT_KINGDOM_OUTDOOR,19,76.0,80.0,O1,0.2943382878817051,0.9168188328481872
PLANT_KINGDOM_OUTDOOR,19,76.0,80.0,Pz,0.5296668763649912,0.8908385367830962
PLANT_KINGDOM_OUTDOOR,19,76.0,80.0,Oz,0.5724559215152072,1.2299576131870216
PLANT_KINGDOM_OUTDOOR,19,76.0,80.0,O2,0.5554211841492428,1.306651032428649
PLANT_KINGDOM_OUTDOOR,19,76.0,80.0,PO10,0.531954149135594,1.1643689641228832
PLANT_KINGDOM_OUTDOOR,19,76.0,80.0,P8,1.8201959210005816,3.400408071631157
PLANT_KINGDOM_OUTDOOR,19,76.0,80.0,P4,0.7691431951062169,1.5898744938534721
PLANT_KINGDOM_OUTDOOR,19,76.0,80.0,CP2,0.9755334980654253,1.3515488414803112
PLANT_KINGDOM_OUTDOOR,19,76.0,80.0,CP6,0.581758319601097,1.402575698012584
PLANT_KINGDOM_OUTDOOR,19,76.0,80.0,T8,-0.03230284235063425,0.798420908849036
PLANT_KINGDOM_OUTDOOR,19,76.0,80.0,FT10,0.9290406397386544,1.66952394626556
PLANT_KINGDOM_OUTDOOR,19,76.0,80.0,FC6,0.5348342305253694,1.2467631927104887
PLANT_KINGDOM_OUTDOOR,19,76.0,80.0,C4,0.6553083990274254,1.422805158813841
PLANT_KINGDOM_OUTDOOR,19,76.0,80.0,FC2,0.8209824732350381,1.410608120503288
PLANT_KINGDOM_OUTDOOR,19,76.0,80.0,F4,0.5753249582046794,1.283927525693099
PLANT_KINGDOM_OUTDOOR,19,76.0,80.0,F8,0.6885111045339165,1.3738377331889973
PLANT_KINGDOM_OUTDOOR,19,76.0,80.0,Fp2,0.5547016824170761,1.3104469650519952
PLANT_KINGDOM_OUTDOOR,20,80.0,84.0,Cz,0.8126722968105565,1.4809394061759475
PLANT_KINGDOM_OUTDOOR,20,80.0,84.0,Fz,0.9829383369173924,1.6352804224930075
PLANT_KINGDOM_OUTDOOR,20,80.0,84.0,Fp1,0.8473532278284991,1.6136056358846484
PLANT_KINGDOM_OUTDOOR,20,80.0,84.0,F7,1.1243569011577956,1.7847767107641552
PLANT_KINGDOM_OUTDOOR,20,80.0,84.0,F3,0.9052567408112568,1.5257681784857196
PLANT_KINGDOM_OUTDOOR,20,80.0,84.0,FC1,0.807046107546445,1.2160042472022472
PLANT_KINGDOM_OUTDOOR,20,80.0,84.0,C3,0.810930562636656,1.3806438330998159
PLANT_KINGDOM_OUTDOOR,20,80.0,84.0,FC5,0.887566652049481,1.4759377123606705
PLANT_KINGDOM_OUTDOOR,20,80.0,84.0,FT9,1.0331847224955744,1.56695053044417
PLANT_KINGDOM_OUTDOOR,20,80.0,84.0,T7,0.5115016605955434,1.1295883351343143
PLANT_KINGDOM_OUTDOOR,20,80.0,84.0,CP5,0.5579860603537627,1.1198578539804804
PLANT_KINGDOM_OUTDOOR,20,80.0,84.0,CP1,0.6263090307277595,1.1352298333962998
PLANT_KINGDOM_OUTDOOR,20,80.0,84.0,P3,0.6506746811063457,1.287473488601992
PLANT_KINGDOM_OUTDOOR,20,80.0,84.0,P7,0.7281401640808401,1.2784222329059107
PLANT_KINGDOM_OUTDOOR,20,80.0,84.0,PO9,0.5051137910300058,1.0970985595082612
PLANT_KINGDOM_OUTDOOR,20,80.0,84.0,O1,0.6501778021556751,1.4743034656533498
PLANT_KINGDOM_OUTDOOR,20,80.0,84.0,Pz,0.6551158724507623,1.0853753695816242
PLANT_KINGDOM_OUTDOOR,20,80.0,84.0,Oz,0.7822543873354939,1.5500862019316308
PLANT_KINGDOM_OUTDOOR,20,80.0,84.0,O2,0.6785425350367553,1.4562896609314055
PLANT_KINGDOM_OUTDOOR,20,80.0,84.0,PO10,0.8172175650212591,1.5000450839553339
PLANT_KINGDOM_OUTDOOR,20,80.0,84.0,P8,0.6373710712023596,1.4785688335146656
PLANT_KINGDOM_OUTDOOR,20,80.0,84.0,P4,0.7989031735598868,1.6444831475109236
PLANT_KINGDOM_OUTDOOR,20,80.0,84.0,CP2,0.7087297497089173,1.0669169443524276
PLANT_KINGDOM_OUTDOOR,20,80.0,84.0,CP6,0.608041600640754,1.4539423298193315
PLANT_KINGDOM_OUTDOOR,20,80.0,84.0,T8,0.25962345259640235,1.1948350913280057
PLANT_KINGDOM_OUTDOOR,20,80.0,84.0,FT10,0.8668774965660138,1.5174274057215278
PLANT_KINGDOM_OUTDOOR,20,80.0,84.0,FC6,0.6850702909494324,1.42930874873193
PLANT_KINGDOM_OUTDOOR,20,80.0,84.0,C4,0.7885042681431164,1.602735742292073
PLANT_KINGDOM_OUTDOOR,20,80.0,84.0,FC2,0.7704101293439835,1.3310495913385867
PLANT_KINGDOM_OUTDOOR,20,80.0,84.0,F4,0.8399813427759931,1.5377519473163004
PLANT_KINGDOM_OUTDOOR,20,80.0,84.0,F8,0.7812572324722478,1.419013688642668
PLANT_KINGDOM_OUTDOOR,20,80.0,84.0,Fp2,0.8649050106310961,1.6433149240123515
PLANT_KINGDOM_OUTDOOR,21,84.0,88.0,Cz,1.3306702948323352,2.35008743337508
PLANT_KINGDOM_OUTDOOR,21,84.0,88.0,Fz,1.3300835984776145,2.150592747983712
PLANT_KINGDOM_OUTDOOR,21,84.0,88.0,Fp1,0.9269602584831746,1.7922525326282457
PLANT_KINGDOM_OUTDOOR,21,84.0,88.0,F7,1.1010775154286017,1.8744281087301375
PLANT_KINGDOM_OUTDOOR,21,84.0,88.0,F3,1.1273326767931862,1.928885027484431
PLANT_KINGDOM_OUTDOOR,21,84.0,88.0,FC1,1.214794136744774,1.7883456169505807
PLANT_KINGDOM_OUTDOOR,21,84.0,88.0,C3,1.2845989875347366,2.0052044011106083
PLANT_KINGDOM_OUTDOOR,21,84.0,88.0,FC5,1.1677297312237622,1.9249614497128729
PLANT_KINGDOM_OUTDOOR,21,84.0,88.0,FT9,1.1156653131571301,1.6713622603559786
PLANT_KINGDOM_OUTDOOR,21,84.0,88.0,T7,0.899684033325564,1.4982051093113147
PLANT_KINGDOM_OUTDOOR,21,84.0,88.0,CP5,1.1414928191503158,1.8228368330938456
PLANT_KINGDOM_OUTDOOR,21,84.0,88.0,CP1,1.3105038562223816,2.0450413513222427
PLANT_KINGDOM_OUTDOOR,21,84.0,88.0,P3,1.2768532907283803,2.114527846107222
PLANT_KINGDOM_OUTDOOR,21,84.0,88.0,P7,0.9432094742022906,1.618747711510647
PLANT_KINGDOM_OUTDOOR,21,84.0,88.0,PO9,1.0205830488978407,1.733067567120165
PLANT_KINGDOM_OUTDOOR,21,84.0,88.0,O1,1.1272129362135352,2.104112400162208
PLANT_KINGDOM_OUTDOOR,21,84.0,88.0,Pz,1.3112584683361854,1.9479315140446642
PLANT_KINGDOM_OUTDOOR,21,84.0,88.0,Oz,1.1854447610024075,2.1319436820462765
PLANT_KINGDOM_OUTDOOR,21,84.0,88.0,O2,1.2110472524726832,2.173887612997605
PLANT_KINGDOM_OUTDOOR,21,84.0,88.0,PO10,1.3188207842873978,2.2593094515918737
PLANT_KINGDOM_OUTDOOR,21,84.0,88.0,P8,1.166971057132516,2.1903941487609564
PLANT_KINGDOM_OUTDOOR,21,84.0,88.0,P4,1.5364431205194153,2.5912539679179356
PLANT_KINGDOM_OUTDOOR,21,84.0,88.0,CP2,1.2703396950175272,1.8631691229646397
PLANT_KINGDOM_OUTDOOR,21,84.0,88.0,CP6,1.1380926452484703,2.1511839196244766
PLANT_KINGDOM_OUTDOOR,21,84.0,88.0,T8,0.7944958434280978,1.8904658328255133
PLANT_KINGDOM_OUTDOOR,21,84.0,88.0,FT10,1.2611595212767677,2.123607602645994
PLANT_KINGDOM_OUTDOOR,21,84.0,88.0,FC6,1.114545914431736,2.097216348438183
PLANT_KINGDOM_OUTDOOR,21,84.0,88.0,C4,1.362097258148249,2.3495360559291516
PLANT_KINGDOM_OUTDOOR,21,84.0,88.0,FC2,1.273424267178338,2.061522672235583
PLANT_KINGDOM_OUTDOOR,21,84.0,88.0,F4,1.2493913495838151,2.1881744614191314
PLANT_KINGDOM_OUTDOOR,21,84.0,88.0,F8,1.2986629262696565,2.2447918102210167
PLANT_KINGDOM_OUTDOOR,21,84.0,88.0,Fp2,1.109336003400702,2.005812706899671
PLANT_KINGDOM_OUTDOOR,22,88.0,92.0,Cz,0.7864283594061903,1.4909572699627989
PLANT_KINGDOM_OUTDOOR,22,88.0,92.0,Fz,0.5214553661333695,1.0444185763871523
PLANT_KINGDOM_OUTDOOR,22,88.0,92.0,Fp1,0.5094491928469633,1.0705263342471707
PLANT_KINGDOM_OUTDOOR,22,88.0,92.0,F7,0.6529074921463465,1.1496793544197363
PLANT_KINGDOM_OUTDOOR,22,88.0,92.0,F3,0.6364080106860313,1.132638447189289
PLANT_KINGDOM_OUTDOOR,22,88.0,92.0,FC1,0.6533546064428624,1.005205370788975
PLANT_KINGDOM_OUTDOOR,22,88.0,92.0,C3,0.78009648971235,1.2971518388671137
PLANT_KINGDOM_OUTDOOR,22,88.0,92.0,FC5,0.7646455201447054,1.2986075058149518
PLANT_KINGDOM_OUTDOOR,22,88.0,92.0,FT9,0.3196621941835393,0.5735950094605946
PLANT_KINGDOM_OUTDOOR,22,88.0,92.0,T7,0.17331787364572177,0.5896554123504014
PLANT_KINGDOM_OUTDOOR,22,88.0,92.0,CP5,0.6090775408544418,1.1201998218401927
PLANT_KINGDOM_OUTDOOR,22,88.0,92.0,CP1,0.6837207309425918,1.168159205388906
PLANT_KINGDOM_OUTDOOR,22,88.0,92.0,P3,0.861518414625108,1.5013883032748705
PLANT_KINGDOM_OUTDOOR,22,88.0,92.0,P7,0.419947523647436,0.894163458097821
PLANT_KINGDOM_OUTDOOR,22,88.0,92.0,PO9,0.10700547678021612,0.5671144743618346
PLANT_KINGDOM_OUTDOOR,22,88.0,92.0,O1,0.40120938831100744,1.0110769037102199
PLANT_KINGDOM_OUTDOOR,22,88.0,92.0,Pz,0.7104580336675083,1.132096337185289
PLANT_KINGDOM_OUTDOOR,22,88.0,92.0,Oz,0.34315788901653366,0.8909224261753566
PLANT_KINGDOM_OUTDOOR,22,88.0,92.0,O2,0.20509974701693573,0.7879342686810297
PLANT_KINGDOM_OUTDOOR,22,88.0,92.0,PO10,0.05816267367564776,0.5264296776344137
PLANT_KINGDOM_OUTDOOR,22,88.0,92.0,P8,-0.018189323087990372,0.6247716699709172
PLANT_KINGDOM_OUTDOOR,22,88.0,92.0,P4,0.4022841712479297,1.1438795739020768
PLANT_KINGDOM_OUTDOOR,22,88.0,92.0,CP2,0.7073626779926482,1.0405482495568545
PLANT_KINGDOM_OUTDOOR,22,88.0,92.0,CP6,0.2931146474924559,1.0289153674042906
PLANT_KINGDOM_OUTDOOR,22,88.0,92.0,T8,9.755425352513644e-06,0.793020610219619
PLANT_KINGDOM_OUTDOOR,22,88.0,92.0,FT10,0.7757629988806762,1.4093360223960922
PLANT_KINGDOM_OUTDOOR,22,88.0,92.0,FC6,0.6254214482359391,1.2982390303146523
PLANT_KINGDOM_OUTDOOR,22,88.0,92.0,C4,0.22453601958136174,0.8837970661953948
PLANT_KINGDOM_OUTDOOR,22,88.0,92.0,FC2,0.47412452726269894,0.942852560205821
PLANT_KINGDOM_OUTDOOR,22,88.0,92.0,F4,0.5955711455844939,1.2215847183047115
PLANT_KINGDOM_OUTDOOR,22,88.0,92.0,F8,0.6921539246107697,1.3215643055931212
PLANT_KINGDOM_OUTDOOR,22,88.0,92.0,Fp2,0.6754459069177959,1.2969408874066737
PLANT_KINGDOM_OUTDOOR,23,92.0,96.0,Cz,0.8764087362365219,1.8146521948766419
PLANT_KINGDOM_OUTDOOR,23,92.0,96.0,Fz,0.9633172204970516,1.7297912151947772
PLANT_KINGDOM_OUTDOOR,23,92.0,96.0,Fp1,0.7515758345929158,1.4288014755901852
PLANT_KINGDOM_OUTDOOR,23,92.0,96.0,F7,0.5740252382681649,1.110976330336687
PLANT_KINGDOM_OUTDOOR,23,92.0,96.0,F3,0.78116416535807,1.478983306045157
PLANT_KINGDOM_OUTDOOR,23,92.0,96.0,FC1,0.6326113310215029,1.1123120095129788
PLANT_KINGDOM_OUTDOOR,23,92.0,96.0,C3,0.6418004685040092,1.2453735426230077
PLANT_KINGDOM_OUTDOOR,23,92.0,96.0,FC5,0.5561807419367025,1.1431247315325128
PLANT_KINGDOM_OUTDOOR,23,92.0,96.0,FT9,0.2293251731263124,0.5588976730852708
PLANT_KINGDOM_OUTDOOR,23,92.0,96.0,T7,-0.1845298058795863,0.19768354664847643
PLANT_KINGDOM_OUTDOOR,23,92.0,96.0,CP5,0.4201584770765326,1.017517536524899
PLANT_KINGDOM_OUTDOOR,23,92.0,96.0,CP1,0.6048346496498217,1.2393279421131693
PLANT_KINGDOM_OUTDOOR,23,92.0,96.0,P3,0.46285329149899895,1.2076317700588353
PLANT_KINGDOM_OUTDOOR,23,92.0,96.0,P7,0.10705024448444,0.5434316832155038
PLANT_KINGDOM_OUTDOOR,23,92.0,96.0,PO9,0.14949341351307935,0.6062691822828619
PLANT_KINGDOM_OUTDOOR,23,92.0,96.0,O1,0.35698951028129505,1.1251760166999096
PLANT_KINGDOM_OUTDOOR,23,92.0,96.0,Pz,0.5104954874675314,1.0552450644656564
PLANT_KINGDOM_OUTDOOR,23,92.0,96.0,Oz,0.4857870478683654,1.281846967364226
PLANT_KINGDOM_OUTDOOR,23,92.0,96.0,O2,0.46992296089379,1.3075299938870024
PLANT_KINGDOM_OUTDOOR,23,92.0,96.0,PO10,0.6700689751945978,1.3916319258702423
PLANT_KINGDOM_OUTDOOR,23,92.0,96.0,P8,0.5172962229233439,1.433989985816007
PLANT_KINGDOM_OUTDOOR,23,92.0,96.0,P4,0.651402578979423,1.5668732243249404
PLANT_KINGDOM_OUTDOOR,23,92.0,96.0,CP2,0.7096550078988033,1.2430488792974141
PLANT_KINGDOM_OUTDOOR,23,92.0,96.0,CP6,0.6203059216272377,1.512020729564129
PLANT_KINGDOM_OUTDOOR,23,92.0,96.0,T8,0.19342573015180792,1.1006067563310193
PLANT_KINGDOM_OUTDOOR,23,92.0,96.0,FT10,0.9435857369674099,1.6660050354416316
PLANT_KINGDOM_OUTDOOR,23,92.0,96.0,FC6,0.6989007466628628,1.5385071749833517
PLANT_KINGDOM_OUTDOOR,23,92.0,96.0,C4,0.645318138232572,1.5156939432126768
PLANT_KINGDOM_OUTDOOR,23,92.0,96.0,FC2,0.8233326128250693,1.5260613531892038
PLANT_KINGDOM_OUTDOOR,23,92.0,96.0,F4,0.8581445564614881,1.6690520724651017
PLANT_KINGDOM_OUTDOOR,23,92.0,96.0,F8,0.5664563478562352,1.32305248778484
PLANT_KINGDOM_OUTDOOR,23,92.0,96.0,Fp2,0.8098816679273959,1.5576601624092121
PLANT_KINGDOM_OUTDOOR,24,96.0,100.0,Cz,0.2499427776291613,0.9000043496817355
PLANT_KINGDOM_OUTDOOR,24,96.0,100.0,Fz,0.22606933409507485,0.7414074044325513
PLANT_KINGDOM_OUTDOOR,24,96.0,100.0,Fp1,0.03156585547002617,0.5097967002681633
PLANT_KINGDOM_OUTDOOR,24,96.0,100.0,F7,-0.07739586036254724,0.24899459288317397
PLANT_KINGDOM_OUTDOOR,24,96.0,100.0,F3,-0.1586125481631043,0.20459591384125517
PLANT_KINGDOM_OUTDOOR,24,96.0,100.0,FC1,0.04311397711256608,0.2486425814741652
PLANT_KINGDOM_OUTDOOR,24,96.0,100.0,C3,-0.013857515523187756,0.3648853607633476
PLANT_KINGDOM_OUTDOOR,24,96.0,100.0,FC5,-0.01591633698126499,0.36012639868528284
PLANT_KINGDOM_OUTDOOR,24,96.0,100.0,FT9,-0.20852441572289543,-0.04167587841620841
PLANT_KINGDOM_OUTDOOR,24,96.0,100.0,T7,-0.2341905792367011,0.06042951551816556
PLANT_KINGDOM_OUTDOOR,24,96.0,100.0,CP5,-0.07966554527789028,0.3113976290288744
PLANT_KINGDOM_OUTDOOR,24,96.0,100.0,CP1,0.0004717668300298436,0.33184013414865693
PLANT_KINGDOM_OUTDOOR,24,96.0,100.0,P3,-0.043769275075348966,0.39633440560336936
PLANT_KINGDOM_OUTDOOR,24,96.0,100.0,P7,-0.19227011396039423,0.12044663482898373
PLANT_KINGDOM_OUTDOOR,24,96.0,100.0,PO9,-0.01981518501725671,0.41669828888518795
PLANT_KINGDOM_OUTDOOR,24,96.0,100.0,O1,0.17511626131715363,0.7762991028213583
PLANT_KINGDOM_OUTDOOR,24,96.0,100.0,Pz,0.016885659194633352,0.2744304119597293
PLANT_KINGDOM_OUTDOOR,24,96.0,100.0,Oz,0.11070171344914338,0.6459026827315149
PLANT_KINGDOM_OUTDOOR,24,96.0,100.0,O2,0.27876921708260893,0.917280231112579
PLANT_KINGDOM_OUTDOOR,24,96.0,100.0,PO10,0.19104745184902455,0.6784920317737672
PLANT_KINGDOM_OUTDOOR,24,96.0,100.0,P8,0.26255488966109947,0.9301195498720709
PLANT_KINGDOM_OUTDOOR,24,96.0,100.0,P4,0.2996378592108785,0.9590553826841329
PLANT_KINGDOM_OUTDOOR,24,96.0,100.0,CP2,0.202194269245551,0.463661766489384
PLANT_KINGDOM_OUTDOOR,24,96.0,100.0,CP6,0.23501903809758196,0.9099025518361702
PLANT_KINGDOM_OUTDOOR,24,96.0,100.0,T8,-0.001012562035894191,0.6697951522559069
PLANT_KINGDOM_OUTDOOR,24,96.0,100.0,FT10,0.3865285880382096,0.9192638242365885
PLANT_KINGDOM_OUTDOOR,24,96.0,100.0,FC6,0.24325800845970869,0.8238350877650079
PLANT_KINGDOM_OUTDOOR,24,96.0,100.0,C4,0.14459898980476293,0.7868716809300494
PLANT_KINGDOM_OUTDOOR,24,96.0,100.0,FC2,0.16246560025992332,0.6214526932330801
PLANT_KINGDOM_OUTDOOR,24,96.0,100.0,F4,0.2685381173243194,0.8536532989411031
PLANT_KINGDOM_OUTDOOR,24,96.0,100.0,F8,0.3817277123436489,0.9282724621913664
PLANT_KINGDOM_OUTDOOR,24,96.0,100.0,Fp2,0.2064385295073147,0.7532446430893844
PLANT_KINGDOM_OUTDOOR,25,100.0,104.0,Cz,0.6092037043307654,1.2720615412931824
PLANT_KINGDOM_OUTDOOR,25,100.0,104.0,Fz,0.4742273955779276,1.0186110636087664
PLANT_KINGDOM_OUTDOOR,25,100.0,104.0,Fp1,0.18855602073146358,0.7085629689106898
PLANT_KINGDOM_OUTDOOR,25,100.0,104.0,F7,0.3474539116169601,0.797851339834503
PLANT_KINGDOM_OUTDOOR,25,100.0,104.0,F3,0.37029576800604114,0.9049109721407746
PLANT_KINGDOM_OUTDOOR,25,100.0,104.0,FC1,0.2425505414536791,0.4717758813039952
PLANT_KINGDOM_OUTDOOR,25,100.0,104.0,C3,0.22278782560864288,0.6576227282419782
PLANT_KINGDOM_OUTDOOR,25,100.0,104.0,FC5,0.23194067018682762,0.7070350117294869
PLANT_KINGDOM_OUTDOOR,25,100.0,104.0,FT9,0.24910242525528853,0.44373153010990296
PLANT_KINGDOM_OUTDOOR,25,100.0,104.0,T7,0.044590350235209145,0.36041780884008784
PLANT_KINGDOM_OUTDOOR,25,100.0,104.0,CP5,-0.02405729557669267,0.2516546495444976
PLANT_KINGDOM_OUTDOOR,25,100.0,104.0,CP1,0.3272647941968184,0.7037352132787948
PLANT_KINGDOM_OUTDOOR,25,100.0,104.0,P3,0.22175555963078947,0.720451009374921
PLANT_KINGDOM_OUTDOOR,25,100.0,104.0,P7,-0.06850926502297906,0.12395990051388649
PLANT_KINGDOM_OUTDOOR,25,100.0,104.0,PO9,0.0389103482236041,0.3729073396602728
PLANT_KINGDOM_OUTDOOR,25,100.0,104.0,O1,0.2543155512991174,0.8491024205821454
PLANT_KINGDOM_OUTDOOR,25,100.0,104.0,Pz,0.13291544621838206,0.43232124084823526
PLANT_KINGDOM_OUTDOOR,25,100.0,104.0,Oz,0.2133271155300427,0.7567172000264795
PLANT_KINGDOM_OUTDOOR,25,100.0,104.0,O2,0.02516600018712836,0.5684106453283115
PLANT_KINGDOM_OUTDOOR,25,100.0,104.0,PO10,-0.026525959850475823,0.33682727869280993
PLANT_KINGDOM_OUTDOOR,25,100.0,104.0,P8,0.08670421891436397,0.773980547666785
PLANT_KINGDOM_OUTDOOR,25,100.0,104.0,P4,0.25966995607768173,0.893874088853834
PLANT_KINGDOM_OUTDOOR,25,100.0,104.0,CP2,0.475145001053119,0.7419200502027177
PLANT_KINGDOM_OUTDOOR,25,100.0,104.0,CP6,0.17741520539880196,0.8035926674548451
PLANT_KINGDOM_OUTDOOR,25,100.0,104.0,T8,-0.3015824765194062,0.30214395736508837
PLANT_KINGDOM_OUTDOOR,25,100.0,104.0,FT10,0.07731981407621742,0.5040317860217415
PLANT_KINGDOM_OUTDOOR,25,100.0,104.0,FC6,0.29760286791405294,0.8650600361550292
PLANT_KINGDOM_OUTDOOR,25,100.0,104.0,C4,0.16539917516224362,0.768310488814428
PLANT_KINGDOM_OUTDOOR,25,100.0,104.0,FC2,0.3884659629779755,0.8443675154079536
PLANT_KINGDOM_OUTDOOR,25,100.0,104.0,F4,0.38899526202871165,0.9645170901634679
PLANT_KINGDOM_OUTDOOR,25,100.0,104.0,F8,0.21740860529905057,0.6809147586508119
PLANT_KINGDOM_OUTDOOR,25,100.0,104.0,Fp2,0.3704298026628666,0.9011802966310567
PLANT_KINGDOM_OUTDOOR,26,104.0,108.0,Cz,0.8899442308541358,1.7017496596311457
PLANT_KINGDOM_OUTDOOR,26,104.0,108.0,Fz,1.034215225477427,1.758315692224639
PLANT_KINGDOM_OUTDOOR,26,104.0,108.0,Fp1,0.9662770531673261,1.7240850118273854
PLANT_KINGDOM_OUTDOOR,26,104.0,108.0,F7,0.9180799680941382,1.6176497053049592
PLANT_KINGDOM_OUTDOOR,26,104.0,108.0,F3,0.9133808137369166,1.572862674050538
PLANT_KINGDOM_OUTDOOR,26,104.0,108.0,FC1,0.7575205926311886,1.1334857391196274
PLANT_KINGDOM_OUTDOOR,26,104.0,108.0,C3,0.6661634033354958,1.2299460554329016
PLANT_KINGDOM_OUTDOOR,26,104.0,108.0,FC5,0.7943762737723463,1.393507197233887
PLANT_KINGDOM_OUTDOOR,26,104.0,108.0,FT9,1.0319196652611597,1.5434996890314576
PLANT_KINGDOM_OUTDOOR,26,104.0,108.0,T7,0.44710843560431396,0.9899065576060881
PLANT_KINGDOM_OUTDOOR,26,104.0,108.0,CP5,0.7297127300639487,1.2324537900103338
PLANT_KINGDOM_OUTDOOR,26,104.0,108.0,CP1,0.6771866661704298,1.2309236647032957
PLANT_KINGDOM_OUTDOOR,26,104.0,108.0,P3,0.7519424870199013,1.5070247002496475
PLANT_KINGDOM_OUTDOOR,26,104.0,108.0,P7,0.28236765828360877,0.7372022647995777
PLANT_KINGDOM_OUTDOOR,26,104.0,108.0,PO9,0.7312924348737633,1.4261440535661616
PLANT_KINGDOM_OUTDOOR,26,104.0,108.0,O1,0.4250181251342282,1.2030146280112444
PLANT_KINGDOM_OUTDOOR,26,104.0,108.0,Pz,0.7436383368549981,1.2751471275192128
PLANT_KINGDOM_OUTDOOR,26,104.0,108.0,Oz,0.5228445333842534,1.3154697991064466
PLANT_KINGDOM_OUTDOOR,26,104.0,108.0,O2,0.6984667538776927,1.5901685034649862
PLANT_KINGDOM_OUTDOOR,26,104.0,108.0,PO10,0.8396318450904067,1.612367222306081
PLANT_KINGDOM_OUTDOOR,26,104.0,108.0,P8,0.9633784513711425,1.9426875889051434
PLANT_KINGDOM_OUTDOOR,26,104.0,108.0,P4,0.9634086422166773,1.966384868678103
PLANT_KINGDOM_OUTDOOR,26,104.0,108.0,CP2,0.7709297664114443,1.2013792400591083
PLANT_KINGDOM_OUTDOOR,26,104.0,108.0,CP6,1.1723429310241809,2.1894336987908423
PLANT_KINGDOM_OUTDOOR,26,104.0,108.0,T8,0.791309130607401,1.9532201664924056
PLANT_KINGDOM_OUTDOOR,26,104.0,108.0,FT10,1.347123853513538,2.3181411526777844
PLANT_KINGDOM_OUTDOOR,26,104.0,108.0,FC6,1.191086412777547,2.2284718445190346
PLANT_KINGDOM_OUTDOOR,26,104.0,108.0,C4,1.041616545186078,1.969012962544357
PLANT_KINGDOM_OUTDOOR,26,104.0,108.0,FC2,1.1343050592886714,1.848092894451346
PLANT_KINGDOM_OUTDOOR,26,104.0,108.0,F4,1.1470317278829352,2.081542841717383
PLANT_KINGDOM_OUTDOOR,26,104.0,108.0,F8,1.4278723390750783,2.431363965182007
PLANT_KINGDOM_OUTDOOR,26,104.0,108.0,Fp2,1.0521223673567048,1.928326675370552
PLANT_KINGDOM_OUTDOOR,27,108.0,112.0,Cz,0.825259722826575,1.516772057399475
PLANT_KINGDOM_OUTDOOR,27,108.0,112.0,Fz,0.6633402272332726,1.151722524042983
PLANT_KINGDOM_OUTDOOR,27,108.0,112.0,Fp1,0.7023804460834563,1.301735454934732
PLANT_KINGDOM_OUTDOOR,27,108.0,112.0,F7,0.3962341669393881,0.7705569563438623
PLANT_KINGDOM_OUTDOOR,27,108.0,112.0,F3,0.5360108483395292,0.972240353699596
PLANT_KINGDOM_OUTDOOR,27,108.0,112.0,FC1,0.6472070818400385,0.9002777982986229
PLANT_KINGDOM_OUTDOOR,27,108.0,112.0,C3,0.707034041874606,1.1303993784699904
PLANT_KINGDOM_OUTDOOR,27,108.0,112.0,FC5,0.3847624067402037,0.7510296404157879
PLANT_KINGDOM_OUTDOOR,27,108.0,112.0,FT9,0.2581665219129807,0.48158319462226995
PLANT_KINGDOM_OUTDOOR,27,108.0,112.0,T7,-0.19935144873144262,0.04461227393958768
PLANT_KINGDOM_OUTDOOR,27,108.0,112.0,CP5,0.5852393338182289,1.0257266947413979
PLANT_KINGDOM_OUTDOOR,27,108.0,112.0,CP1,0.6246072750068545,1.0488380467469047
PLANT_KINGDOM_OUTDOOR,27,108.0,112.0,P3,0.5402418974566648,1.0995046624373663
PLANT_KINGDOM_OUTDOOR,27,108.0,112.0,P7,0.11268878852272564,0.41569519455350123
PLANT_KINGDOM_OUTDOOR,27,108.0,112.0,PO9,-0.17136466154630475,0.1380932808081713
PLANT_KINGDOM_OUTDOOR,27,108.0,112.0,O1,0.14846532377299537,0.6970456910964089
PLANT_KINGDOM_OUTDOOR,27,108.0,112.0,Pz,0.6751346762705697,1.00571178648699
PLANT_KINGDOM_OUTDOOR,27,108.0,112.0,Oz,0.38628903787713265,0.8819695619855025
PLANT_KINGDOM_OUTDOOR,27,108.0,112.0,O2,0.5407060317183591,1.1228937037613065
PLANT_KINGDOM_OUTDOOR,27,108.0,112.0,PO10,0.3661646971034628,0.8191792207075942
PLANT_KINGDOM_OUTDOOR,27,108.0,112.0,P8,0.2993528996390622,0.9361841460081627
PLANT_KINGDOM_OUTDOOR,27,108.0,112.0,P4,0.6238796989503765,1.1939234990789034
PLANT_KINGDOM_OUTDOOR,27,108.0,112.0,CP2,0.6421044268113609,0.8863451864836216
PLANT_KINGDOM_OUTDOOR,27,108.0,112.0,CP6,0.31679211422148906,0.9072920308119455
PLANT_KINGDOM_OUTDOOR,27,108.0,112.0,T8,0.23401336239895337,0.9458342459580527
PLANT_KINGDOM_OUTDOOR,27,108.0,112.0,FT10,0.6793634761222961,1.2344754505673976
PLANT_KINGDOM_OUTDOOR,27,108.0,112.0,FC6,0.5026295951224519,1.0571572514111913
PLANT_KINGDOM_OUTDOOR,27,108.0,112.0,C4,0.4421431137114745,0.9805532462040274
PLANT_KINGDOM_OUTDOOR,27,108.0,112.0,FC2,0.5553287677838772,0.9289871019379894
PLANT_KINGDOM_OUTDOOR,27,108.0,112.0,F4,0.6570670104919218,1.217259037623956
PLANT_KINGDOM_OUTDOOR,27,108.0,112.0,F8,0.8411043465051181,1.4487692238766339
PLANT_KINGDOM_OUTDOOR,27,108.0,112.0,Fp2,0.919099841254084,1.578083188201226
PLANT_KINGDOM_OUTDOOR,28,112.0,116.0,Cz,0.7105230045294736,1.486915843557139
PLANT_KINGDOM_OUTDOOR,28,112.0,116.0,Fz,0.6386135326838314,1.262346424794676
PLANT_KINGDOM_OUTDOOR,28,112.0,116.0,Fp1,0.4213140572072629,1.0304405279348332
PLANT_KINGDOM_OUTDOOR,28,112.0,116.0,F7,0.27003456446709695,0.7238006026637103
PLANT_KINGDOM_OUTDOOR,28,112.0,116.0,F3,0.37784179388981215,0.9081211876385571
PLANT_KINGDOM_OUTDOOR,28,112.0,116.0,FC1,0.2748115308405753,0.5282152948236092
PLANT_KINGDOM_OUTDOOR,28,112.0,116.0,C3,0.3662360126587585,0.7894036363823471
PLANT_KINGDOM_OUTDOOR,28,112.0,116.0,FC5,0.35456967464564865,0.8165507162616095
PLANT_KINGDOM_OUTDOOR,28,112.0,116.0,FT9,0.28998508404983775,0.5715324150818343
PLANT_KINGDOM_OUTDOOR,28,112.0,116.0,T7,0.2626277459730833,0.5394544542170843
PLANT_KINGDOM_OUTDOOR,28,112.0,116.0,CP5,-0.05912425323310427,0.16531846363966884
PLANT_KINGDOM_OUTDOOR,28,112.0,116.0,CP1,0.12671737181065573,0.4543895498174594
PLANT_KINGDOM_OUTDOOR,28,112.0,116.0,P3,0.1348930410370889,0.6030339982053443
PLANT_KINGDOM_OUTDOOR,28,112.0,116.0,P7,-0.15952488364587014,0.08332554931294515
PLANT_KINGDOM_OUTDOOR,28,112.0,116.0,PO9,-0.10883846972216024,0.29864335776864176
PLANT_KINGDOM_OUTDOOR,28,112.0,116.0,O1,0.012147888039769433,0.6313868526673592
PLANT_KINGDOM_OUTDOOR,28,112.0,116.0,Pz,0.025333316807031568,0.26612317573323907
PLANT_KINGDOM_OUTDOOR,28,112.0,116.0,Oz,-0.043668563942893014,0.520129200170615
PLANT_KINGDOM_OUTDOOR,28,112.0,116.0,O2,-0.08924160818776058,0.47306738210374233
PLANT_KINGDOM_OUTDOOR,28,112.0,116.0,PO10,0.20391883521940207,0.7501784782385075
PLANT_KINGDOM_OUTDOOR,28,112.0,116.0,P8,0.3277191606071545,1.0446162871599651
PLANT_KINGDOM_OUTDOOR,28,112.0,116.0,P4,0.458078660383116,1.1621953099947244
PLANT_KINGDOM_OUTDOOR,28,112.0,116.0,CP2,0.5848591733476562,0.9415463253453253
PLANT_KINGDOM_OUTDOOR,28,112.0,116.0,CP6,0.5540215484922234,1.3671333075519139
PLANT_KINGDOM_OUTDOOR,28,112.0,116.0,T8,0.14542378010528476,0.999623755753999
PLANT_KINGDOM_OUTDOOR,28,112.0,116.0,FT10,0.5777575560886509,1.183821685531143
PLANT_KINGDOM_OUTDOOR,28,112.0,116.0,FC6,0.4791999684891523,1.1991703882561626
PLANT_KINGDOM_OUTDOOR,28,112.0,116.0,C4,0.6218708069168882,1.3716875789071348
PLANT_KINGDOM_OUTDOOR,28,112.0,116.0,FC2,0.6577863985345154,1.2209808699202724
PLANT_KINGDOM_OUTDOOR,28,112.0,116.0,F4,0.49759322979161186,1.1889171882024732
PLANT_KINGDOM_OUTDOOR,28,112.0,116.0,F8,0.6441368469332204,1.3789603317536625
PLANT_KINGDOM_OUTDOOR,28,112.0,116.0,Fp2,0.5707808335412267,1.210158121165337
PLANT_KINGDOM_OUTDOOR,29,116.0,120.0,Cz,0.8578200482955642,1.673561799087509
PLANT_KINGDOM_OUTDOOR,29,116.0,120.0,Fz,0.6734269374762463,1.2739424676491165
PLANT_KINGDOM_OUTDOOR,29,116.0,120.0,Fp1,0.7709855941040763,1.4052084555705107
PLANT_KINGDOM_OUTDOOR,29,116.0,120.0,F7,0.5692202924499615,1.0114816645854137
PLANT_KINGDOM_OUTDOOR,29,116.0,120.0,F3,0.6149944360347196,1.115432620609597
PLANT_KINGDOM_OUTDOOR,29,116.0,120.0,FC1,0.5025814076196949,0.8114209243344552
PLANT_KINGDOM_OUTDOOR,29,116.0,120.0,C3,0.4639449195119151,0.9657565196317544
PLANT_KINGDOM_OUTDOOR,29,116.0,120.0,FC5,0.6388973708388965,1.1474574613233182
PLANT_KINGDOM_OUTDOOR,29,116.0,120.0,FT9,0.5026336472699857,0.7883948074366792
PLANT_KINGDOM_OUTDOOR,29,116.0,120.0,T7,0.166181069670861,0.5566553203474645
PLANT_KINGDOM_OUTDOOR,29,116.0,120.0,CP5,0.32025939577399437,0.772020432520718
PLANT_KINGDOM_OUTDOOR,29,116.0,120.0,CP1,0.6183185261215864,1.1133181133168952
PLANT_KINGDOM_OUTDOOR,29,116.0,120.0,P3,0.5552778332288536,1.1885021803776148
PLANT_KINGDOM_OUTDOOR,29,116.0,120.0,P7,0.2946122969707711,0.6021635450874118
PLANT_KINGDOM_OUTDOOR,29,116.0,120.0,PO9,-0.13287547212776205,0.17986741488347444
PLANT_KINGDOM_OUTDOOR,29,116.0,120.0,O1,0.5063153303070104,1.1318128007198178
PLANT_KINGDOM_OUTDOOR,29,116.0,120.0,Pz,0.6478614725760551,1.0753497135644956
PLANT_KINGDOM_OUTDOOR,29,116.0,120.0,Oz,0.6050222401274505,1.2724113518389326
PLANT_KINGDOM_OUTDOOR,29,116.0,120.0,O2,0.6520976842518973,1.4639865213291499
PLANT_KINGDOM_OUTDOOR,29,116.0,120.0,PO10,0.6536704921228651,1.286275080988554
PLANT_KINGDOM_OUTDOOR,29,116.0,120.0,P8,0.4373394284975882,1.246118251010246
PLANT_KINGDOM_OUTDOOR,29,116.0,120.0,P4,0.8871826067851377,1.8012883516366471
PLANT_KINGDOM_OUTDOOR,29,116.0,120.0,CP2,0.9180933770599577,1.3420885161516791
PLANT_KINGDOM_OUTDOOR,29,116.0,120.0,CP6,0.605746107547741,1.3794721158192722
PLANT_KINGDOM_OUTDOOR,29,116.0,120.0,T8,0.08604999116626455,0.8605685685059669
PLANT_KINGDOM_OUTDOOR,29,116.0,120.0,FT10,0.6508730245809836,1.2216734959171758
PLANT_KINGDOM_OUTDOOR,29,116.0,120.0,FC6,0.5133674859167475,1.056545194327415
PLANT_KINGDOM_OUTDOOR,29,116.0,120.0,C4,0.6361651848847989,1.377976868283179
PLANT_KINGDOM_OUTDOOR,29,116.0,120.0,FC2,0.754303892331405,1.2799702008457605
PLANT_KINGDOM_OUTDOOR,29,116.0,120.0,F4,0.6896765768549006,1.3124514546333899
PLANT_KINGDOM_OUTDOOR,29,116.0,120.0,F8,0.42709336371897966,0.9570119564009846
PLANT_KINGDOM_OUTDOOR,29,116.0,120.0,Fp2,0.29174385919495666,0.8917140296618103
PLANT_KINGDOM_OUTDOOR,30,120.0,124.0,Cz,1.1236602187334626,1.9900522719798164
PLANT_KINGDOM_OUTDOOR,30,120.0,124.0,Fz,1.0186754377184208,1.8037551546479464
PLANT_KINGDOM_OUTDOOR,30,120.0,124.0,Fp1,0.5818565962647531,1.301692730706149
PLANT_KINGDOM_OUTDOOR,30,120.0,124.0,F7,0.7629294240224685,1.39738491127082
PLANT_KINGDOM_OUTDOOR,30,120.0,124.0,F3,0.921573632022852,1.6558372230602347
PLANT_KINGDOM_OUTDOOR,30,120.0,124.0,FC1,0.9018693888468657,1.348495355775461
PLANT_KINGDOM_OUTDOOR,30,120.0,124.0,C3,0.8289500882419324,1.4473764869022787
PLANT_KINGDOM_OUTDOOR,30,120.0,124.0,FC5,0.7462722973885371,1.4047769290306593
PLANT_KINGDOM_OUTDOOR,30,120.0,124.0,FT9,0.7639440311303661,1.279424556326798
PLANT_KINGDOM_OUTDOOR,30,120.0,124.0,T7,0.7052137003270661,1.1845224305469026
PLANT_KINGDOM_OUTDOOR,30,120.0,124.0,CP5,0.8681821741935659,1.4953764360774642
PLANT_KINGDOM_OUTDOOR,30,120.0,124.0,CP1,0.9304676543604719,1.5528853736756134
PLANT_KINGDOM_OUTDOOR,30,120.0,124.0,P3,0.9060717555600522,1.6599260797496167
PLANT_KINGDOM_OUTDOOR,30,120.0,124.0,P7,0.554401395786154,1.1058363635509243
PLANT_KINGDOM_OUTDOOR,30,120.0,124.0,PO9,0.7390867091196461,1.4055235910685404
PLANT_KINGDOM_OUTDOOR,30,120.0,124.0,O1,0.8079193920869043,1.6670549990511456
PLANT_KINGDOM_OUTDOOR,30,120.0,124.0,Pz,0.8287699777959623,1.3645348565370459
PLANT_KINGDOM_OUTDOOR,30,120.0,124.0,Oz,0.8107530935381857,1.6376621555671007
PLANT_KINGDOM_OUTDOOR,30,120.0,124.0,O2,0.7131619013642165,1.5649899334902537
PLANT_KINGDOM_OUTDOOR,30,120.0,124.0,PO10,0.6857900254279503,1.4329882905607878
PLANT_KINGDOM_OUTDOOR,30,120.0,124.0,P8,0.5643763767202138,1.4902059720136065
PLANT_KINGDOM_OUTDOOR,30,120.0,124.0,P4,0.8382224006384044,1.7230408829613348
PLANT_KINGDOM_OUTDOOR,30,120.0,124.0,CP2,1.0828254938964468,1.5786494790340804
PLANT_KINGDOM_OUTDOOR,30,120.0,124.0,CP6,0.7546740569002054,1.6330104910364867
PLANT_KINGDOM_OUTDOOR,30,120.0,124.0,T8,0.8044077148663459,1.6382884993012277
PLANT_KINGDOM_OUTDOOR,30,120.0,124.0,FT10,0.5958846358522487,1.185641156933037
PLANT_KINGDOM_OUTDOOR,30,120.0,124.0,FC6,0.9032158520806407,1.6740927128997936
PLANT_KINGDOM_OUTDOOR,30,120.0,124.0,C4,0.7464009565122305,1.613611486547606
PLANT_KINGDOM_OUTDOOR,30,120.0,124.0,FC2,0.9665110306553508,1.698799325508676
PLANT_KINGDOM_OUTDOOR,30,120.0,124.0,F4,0.873279845542951,1.66639886240912
PLANT_KINGDOM_OUTDOOR,30,120.0,124.0,F8,0.8131752519783791,1.4935739041777472
PLANT_KINGDOM_OUTDOOR,30,120.0,124.0,Fp2,0.5596325148400753,1.2894908088378265
PLANT_KINGDOM_OUTDOOR,31,124.0,128.0,Cz,0.8387749741967213,1.587605213229384
PLANT_KINGDOM_OUTDOOR,31,124.0,128.0,Fz,0.8917236972712045,1.5415096603925065
PLANT_KINGDOM_OUTDOOR,31,124.0,128.0,Fp1,0.6593945422143389,1.3223866189507951
PLANT_KINGDOM_OUTDOOR,31,124.0,128.0,F7,0.5898820884452648,1.1221681428469845
PLANT_KINGDOM_OUTDOOR,31,124.0,128.0,F3,0.6210643113345458,1.1525304108081476
PLANT_KINGDOM_OUTDOOR,31,124.0,128.0,FC1,0.5612895736625179,0.8249114262739228
PLANT_KINGDOM_OUTDOOR,31,124.0,128.0,C3,0.6458945247355538,1.0625705816574926
PLANT_KINGDOM_OUTDOOR,31,124.0,128.0,FC5,0.5812429342056965,1.0619722926182875
PLANT_KINGDOM_OUTDOOR,31,124.0,128.0,FT9,0.4798631423060434,0.8080654976844925
PLANT_KINGDOM_OUTDOOR,31,124.0,128.0,T7,0.5336139136569409,0.9056877361847998
PLANT_KINGDOM_OUTDOOR,31,124.0,128.0,CP5,0.6464973648316265,1.1386128054061422
PLANT_KINGDOM_OUTDOOR,31,124.0,128.0,CP1,0.6813459260526921,1.253959417129098
PLANT_KINGDOM_OUTDOOR,31,124.0,128.0,P3,0.5323230625130838,1.2347564816472527
PLANT_KINGDOM_OUTDOOR,31,124.0,128.0,P7,0.2817817176947724,0.768916356454111
PLANT_KINGDOM_OUTDOOR,31,124.0,128.0,PO9,0.023838070147887254,0.49827676973164114
PLANT_KINGDOM_OUTDOOR,31,124.0,128.0,O1,0.3445743061200629,1.1407021520069867
PLANT_KINGDOM_OUTDOOR,31,124.0,128.0,Pz,0.4709068435501172,0.9337245337741465
PLANT_KINGDOM_OUTDOOR,31,124.0,128.0,Oz,0.47270220386380524,1.3163568625341984
PLANT_KINGDOM_OUTDOOR,31,124.0,128.0,O2,0.5724543255790175,1.5599191857401467
PLANT_KINGDOM_OUTDOOR,31,124.0,128.0,PO10,0.6736031038339265,1.4542423704451877
PLANT_KINGDOM_OUTDOOR,31,124.0,128.0,P8,0.7711107864553479,1.7499711565922933
PLANT_KINGDOM_OUTDOOR,31,124.0,128.0,P4,0.7221061624348535,1.6885007726863444
PLANT_KINGDOM_OUTDOOR,31,124.0,128.0,CP2,0.8340800804814376,1.2204088609562667
PLANT_KINGDOM_OUTDOOR,31,124.0,128.0,CP6,0.4856861088684606,1.2260583951026618
PLANT_KINGDOM_OUTDOOR,31,124.0,128.0,T8,0.04189166147884644,0.7918915999026156
PLANT_KINGDOM_OUTDOOR,31,124.0,128.0,FT10,0.4471672136132103,1.0081346458611575
PLANT_KINGDOM_OUTDOOR,31,124.0,128.0,FC6,0.44651093065220526,1.1274000056499152
PLANT_KINGDOM_OUTDOOR,31,124.0,128.0,C4,0.6628967927411467,1.4062231755718058
PLANT_KINGDOM_OUTDOOR,31,124.0,128.0,FC2,0.8093987578019106,1.3839570734747642
PLANT_KINGDOM_OUTDOOR,31,124.0,128.0,F4,0.7261498882836707,1.464381023521599
PLANT_KINGDOM_OUTDOOR,31,124.0,128.0,F8,0.5132598510446992,1.1855104697766043
PLANT_KINGDOM_OUTDOOR,31,124.0,128.0,Fp2,0.3576742476590821,1.0472941180548618
PLANT_KINGDOM_OUTDOOR,32,128.0,132.0,Cz,0.722225894791875,1.4587928486314985
PLANT_KINGDOM_OUTDOOR,32,128.0,132.0,Fz,0.6381762125597593,1.2289577219161254
PLANT_KINGDOM_OUTDOOR,32,128.0,132.0,Fp1,0.2788257807849924,0.8145139369132696
PLANT_KINGDOM_OUTDOOR,32,128.0,132.0,F7,0.43227210349017375,0.954300380993281
PLANT_KINGDOM_OUTDOOR,32,128.0,132.0,F3,0.5709508368748238,1.125764675450465
PLANT_KINGDOM_OUTDOOR,32,128.0,132.0,FC1,0.46255691633699203,0.8050177974727045
PLANT_KINGDOM_OUTDOOR,32,128.0,132.0,C3,0.6943372626080911,1.2289623661510711
PLANT_KINGDOM_OUTDOOR,32,128.0,132.0,FC5,0.40853845785196913,0.8822930940795675
PLANT_KINGDOM_OUTDOOR,32,128.0,132.0,FT9,0.23662004366297126,0.541728963910661
PLANT_KINGDOM_OUTDOOR,32,128.0,132.0,T7,0.2559163496638291,0.5745641281910244
PLANT_KINGDOM_OUTDOOR,32,128.0,132.0,CP5,0.5377724809471587,1.0039472821015243
PLANT_KINGDOM_OUTDOOR,32,128.0,132.0,CP1,0.4187738470483014,0.826000425923226
PLANT_KINGDOM_OUTDOOR,32,128.0,132.0,P3,0.49655424638904894,1.084396686900861
PLANT_KINGDOM_OUTDOOR,32,128.0,132.0,P7,0.008922171921494476,0.27193320064649257
PLANT_KINGDOM_OUTDOOR,32,128.0,132.0,PO9,0.13640086087473177,0.53925772715876
PLANT_KINGDOM_OUTDOOR,32,128.0,132.0,O1,0.37902815645376964,1.0565573688170091
PLANT_KINGDOM_OUTDOOR,32,128.0,132.0,Pz,0.5508686138096707,0.9288187334453251
PLANT_KINGDOM_OUTDOOR,32,128.0,132.0,Oz,0.3610237098697588,1.014459983763795
PLANT_KINGDOM_OUTDOOR,32,128.0,132.0,O2,0.39707039305806474,1.1666451258604844
PLANT_KINGDOM_OUTDOOR,32,128.0,132.0,PO10,0.21366731366301253,0.7808884161749992
PLANT_KINGDOM_OUTDOOR,32,128.0,132.0,P8,0.3060569675108305,1.0728947203493577
PLANT_KINGDOM_OUTDOOR,32,128.0,132.0,P4,0.6120353463874587,1.3619762880691637
PLANT_KINGDOM_OUTDOOR,32,128.0,132.0,CP2,0.7695368053948819,1.096586870092352
PLANT_KINGDOM_OUTDOOR,32,128.0,132.0,CP6,0.5773625207114997,1.3438291672922529
PLANT_KINGDOM_OUTDOOR,32,128.0,132.0,T8,0.4048701910882962,1.098317467192613
PLANT_KINGDOM_OUTDOOR,32,128.0,132.0,FT10,0.3779037602062024,0.8643411281442813
PLANT_KINGDOM_OUTDOOR,32,128.0,132.0,FC6,0.37176482545134293,1.0256086069184587
PLANT_KINGDOM_OUTDOOR,32,128.0,132.0,C4,0.7686219266940001,1.5090129048312928
PLANT_KINGDOM_OUTDOOR,32,128.0,132.0,FC2,0.751028050154181,1.2891084517348201
PLANT_KINGDOM_OUTDOOR,32,128.0,132.0,F4,0.43848177563532403,1.0836843344729157
PLANT_KINGDOM_OUTDOOR,32,128.0,132.0,F8,0.4253883777154518,0.9901041964159131
PLANT_KINGDOM_OUTDOOR,32,128.0,132.0,Fp2,0.27579501905925663,0.8980933093646851
PLANT_KINGDOM_OUTDOOR,33,132.0,136.0,Cz,0.8721683100598595,1.7833887681735598
PLANT_KINGDOM_OUTDOOR,33,132.0,136.0,Fz,0.8702065401291446,1.680629594858607
PLANT_KINGDOM_OUTDOOR,33,132.0,136.0,Fp1,0.8781097621501824,1.7692310138165188
PLANT_KINGDOM_OUTDOOR,33,132.0,136.0,F7,0.6663052200331158,1.3769392563072753
PLANT_KINGDOM_OUTDOOR,33,132.0,136.0,F3,0.6546374421715635,1.3956757561886537
PLANT_KINGDOM_OUTDOOR,33,132.0,136.0,FC1,0.4980715613691696,0.9814738217042882
PLANT_KINGDOM_OUTDOOR,33,132.0,136.0,C3,0.6379947075591105,1.3009883105924513
PLANT_KINGDOM_OUTDOOR,33,132.0,136.0,FC5,0.5093561533921397,1.1616691743527643
PLANT_KINGDOM_OUTDOOR,33,132.0,136.0,FT9,0.5087176087200447,0.9143698982242467
PLANT_KINGDOM_OUTDOOR,33,132.0,136.0,T7,0.29202118010245043,0.7460149693514837
PLANT_KINGDOM_OUTDOOR,33,132.0,136.0,CP5,0.3843816089918509,0.9416616427611851
PLANT_KINGDOM_OUTDOOR,33,132.0,136.0,CP1,0.3166579428175699,0.847658974973909
PLANT_KINGDOM_OUTDOOR,33,132.0,136.0,P3,0.39281091020280834,1.0789909488476246
PLANT_KINGDOM_OUTDOOR,33,132.0,136.0,P7,0.11833039577278734,0.5440391708709383
PLANT_KINGDOM_OUTDOOR,33,132.0,136.0,PO9,0.0595319704528017,0.6710169849601395
PLANT_KINGDOM_OUTDOOR,33,132.0,136.0,O1,0.345898169965001,1.2061274925505983
PLANT_KINGDOM_OUTDOOR,33,132.0,136.0,Pz,0.952916125115794,1.620582602001977
PLANT_KINGDOM_OUTDOOR,33,132.0,136.0,Oz,0.4876736899172555,1.2969596953993887
PLANT_KINGDOM_OUTDOOR,33,132.0,136.0,O2,0.4399978972254808,1.2846886447290808
PLANT_KINGDOM_OUTDOOR,33,132.0,136.0,PO10,0.45389571098700204,1.1385109343137583
PLANT_KINGDOM_OUTDOOR,33,132.0,136.0,P8,0.5104824192972307,1.32886334764845
PLANT_KINGDOM_OUTDOOR,33,132.0,136.0,P4,0.6151167442420102,1.4862411969570022
PLANT_KINGDOM_OUTDOOR,33,132.0,136.0,CP2,0.7184452673328695,1.1585129573872066
PLANT_KINGDOM_OUTDOOR,33,132.0,136.0,CP6,0.685432057273825,1.4918011551836765
PLANT_KINGDOM_OUTDOOR,33,132.0,136.0,T8,0.27108692132465834,1.088624372594073
PLANT_KINGDOM_OUTDOOR,33,132.0,136.0,FT10,0.8101965903291581,1.406599805913188
PLANT_KINGDOM_OUTDOOR,33,132.0,136.0,FC6,0.7970564534936385,1.5814005289313788
PLANT_KINGDOM_OUTDOOR,33,132.0,136.0,C4,0.8004219397147597,1.6429049580415338
PLANT_KINGDOM_OUTDOOR,33,132.0,136.0,FC2,0.8691943851142454,1.5924649458418159
PLANT_KINGDOM_OUTDOOR,33,132.0,136.0,F4,0.817119355909106,1.6183987607060994
PLANT_KINGDOM_OUTDOOR,33,132.0,136.0,F8,0.9523958250715382,1.7296796257875549
PLANT_KINGDOM_OUTDOOR,33,132.0,136.0,Fp2,0.9530484312716901,1.8291492865397592
PLANT_KINGDOM_OUTDOOR,34,136.0,140.0,Cz,0.9633028375220853,1.713827681729625
PLANT_KINGDOM_OUTDOOR,34,136.0,140.0,Fz,1.1328121912725764,1.7648655424207973
PLANT_KINGDOM_OUTDOOR,34,136.0,140.0,Fp1,0.9117375683864801,1.670858289168347
PLANT_KINGDOM_OUTDOOR,34,136.0,140.0,F7,0.8841671043618761,1.570794974524088
PLANT_KINGDOM_OUTDOOR,34,136.0,140.0,F3,0.9206859184974157,1.5580604190923613
PLANT_KINGDOM_OUTDOOR,34,136.0,140.0,FC1,0.8349895811635799,1.1694781122871352
PLANT_KINGDOM_OUTDOOR,34,136.0,140.0,C3,0.8354272407358967,1.32011985783945
PLANT_KINGDOM_OUTDOOR,34,136.0,140.0,FC5,0.7348767779926841,1.2598157304686566
PLANT_KINGDOM_OUTDOOR,34,136.0,140.0,FT9,0.835814328476455,1.2214198758279997
PLANT_KINGDOM_OUTDOOR,34,136.0,140.0,T7,0.6769048529638658,1.0248983812060664
PLANT_KINGDOM_OUTDOOR,34,136.0,140.0,CP5,0.7275984507518336,1.207298601041797
PLANT_KINGDOM_OUTDOOR,34,136.0,140.0,CP1,0.5143302332407537,0.966894027621068
PLANT_KINGDOM_OUTDOOR,34,136.0,140.0,P3,0.5847738832065119,1.2376633593962196
PLANT_KINGDOM_OUTDOOR,34,136.0,140.0,P7,0.585011274664688,1.0646783772477753
PLANT_KINGDOM_OUTDOOR,34,136.0,140.0,PO9,0.40367218817219797,0.9212664483058626
PLANT_KINGDOM_OUTDOOR,34,136.0,140.0,O1,0.7005279243836061,1.5012619106110987
PLANT_KINGDOM_OUTDOOR,34,136.0,140.0,Pz,0.6274918858231222,1.0119692607990818
PLANT_KINGDOM_OUTDOOR,34,136.0,140.0,Oz,0.8784557220463641,1.6892608803587565
PLANT_KINGDOM_OUTDOOR,34,136.0,140.0,O2,0.8234591868312301,1.7168135537653246
PLANT_KINGDOM_OUTDOOR,34,136.0,140.0,PO10,0.6906178415622877,1.4863356417120788
PLANT_KINGDOM_OUTDOOR,34,136.0,140.0,P8,0.7804829512432345,1.7599649498348062
PLANT_KINGDOM_OUTDOOR,34,136.0,140.0,P4,0.9307295904315884,1.8488237777036474
PLANT_KINGDOM_OUTDOOR,34,136.0,140.0,CP2,0.8441411741567387,1.1346797864303038
PLANT_KINGDOM_OUTDOOR,34,136.0,140.0,CP6,0.6690458044965256,1.5074018845103394
PLANT_KINGDOM_OUTDOOR,34,136.0,140.0,T8,0.28174155447932325,1.0376471093859958
PLANT_KINGDOM_OUTDOOR,34,136.0,140.0,FT10,0.842587932929134,1.4412349805182938
PLANT_KINGDOM_OUTDOOR,34,136.0,140.0,FC6,0.7999800322503241,1.479095034131877
PLANT_KINGDOM_OUTDOOR,34,136.0,140.0,C4,1.065375952766756,1.8284304322300833
PLANT_KINGDOM_OUTDOOR,34,136.0,140.0,FC2,1.0876672667102216,1.6629411128036102
PLANT_KINGDOM_OUTDOOR,34,136.0,140.0,F4,0.8057022600132114,1.4275656657428628
PLANT_KINGDOM_OUTDOOR,34,136.0,140.0,F8,0.868916809692723,1.5631968837726566
PLANT_KINGDOM_OUTDOOR,34,136.0,140.0,Fp2,1.0493586188153223,1.765869106334044
