t_mid_s,Time_mid,Session,Band,Region,Entropy,n_ch
5.0,2025-10-30 13:49:15.460589886,PLANT_KINGDOM_OUTDOOR,Theta,Frontal,0.9879426051840984,11
5.0,2025-10-30 13:49:15.460589886,PLANT_KINGDOM_OUTDOOR,Theta,Temporal,0.9132277881596518,4
5.0,2025-10-30 13:49:15.460589886,PLANT_KINGDOM_OUTDOOR,Theta,Central,0.9704357705058717,3
5.0,2025-10-30 13:49:15.460589886,PLANT_KINGDOM_OUTDOOR,Theta,Parietal,0.9645332387207651,9
5.0,2025-10-30 13:49:15.460589886,PLANT_KINGDOM_OUTDOOR,Theta,Occipital,0.9737760350147892,5
5.0,2025-10-30 13:49:15.460589886,PLANT_KINGDOM_OUTDOOR,Alpha,Frontal,0.9859448192906877,11
5.0,2025-10-30 13:49:15.460589886,PLANT_KINGDOM_OUTDOOR,Alpha,Temporal,0.9314546298112854,4
5.0,2025-10-30 13:49:15.460589886,PLANT_KINGDOM_OUTDOOR,Alpha,Central,0.9775080901405805,3
5.0,2025-10-30 13:49:15.460589886,PLANT_KINGDOM_OUTDOOR,Alpha,Parietal,0.8754217705208871,9
5.0,2025-10-30 13:49:15.460589886,PLANT_KINGDOM_OUTDOOR,Alpha,Occipital,0.9288575267255141,5
5.0,2025-10-30 13:49:15.460589886,PLANT_KINGDOM_OUTDOOR,BetaL,Frontal,0.9931236477977178,11
5.0,2025-10-30 13:49:15.460589886,PLANT_KINGDOM_OUTDOOR,BetaL,Temporal,0.9241679793747059,4
5.0,2025-10-30 13:49:15.460589886,PLANT_KINGDOM_OUTDOOR,BetaL,Central,0.974049087152477,3
5.0,2025-10-30 13:49:15.460589886,PLANT_KINGDOM_OUTDOOR,BetaL,Parietal,0.9725110209988209,9
5.0,2025-10-30 13:49:15.460589886,PLANT_KINGDOM_OUTDOOR,BetaL,Occipital,0.984955022482367,5
5.0,2025-10-30 13:49:15.460589886,PLANT_KINGDOM_OUTDOOR,BetaH,Frontal,0.9910524947204357,11
5.0,2025-10-30 13:49:15.460589886,PLANT_KINGDOM_OUTDOOR,BetaH,Temporal,0.906966283360258,4
5.0,2025-10-30 13:49:15.460589886,PLANT_KINGDOM_OUTDOOR,BetaH,Central,0.9807252809183965,3
5.0,2025-10-30 13:49:15.460589886,PLANT_KINGDOM_OUTDOOR,BetaH,Parietal,0.9702623587425833,9
5.0,2025-10-30 13:49:15.460589886,PLANT_KINGDOM_OUTDOOR,BetaH,Occipital,0.9837775165931695,5
5.0,2025-10-30 13:49:15.460589886,PLANT_KINGDOM_OUTDOOR,Gamma,Frontal,0.9923408817950856,11
5.0,2025-10-30 13:49:15.460589886,PLANT_KINGDOM_OUTDOOR,Gamma,Temporal,0.8968966916458521,4
5.0,2025-10-30 13:49:15.460589886,PLANT_KINGDOM_OUTDOOR,Gamma,Central,0.9872764590755924,3
5.0,2025-10-30 13:49:15.460589886,PLANT_KINGDOM_OUTDOOR,Gamma,Parietal,0.9731900213484902,9
5.0,2025-10-30 13:49:15.460589886,PLANT_KINGDOM_OUTDOOR,Gamma,Occipital,0.9935376266788395,5
10.0,2025-10-30 13:49:20.459949970,PLANT_KINGDOM_OUTDOOR,Theta,Frontal,0.9911223316378547,11
10.0,2025-10-30 13:49:20.459949970,PLANT_KINGDOM_OUTDOOR,Theta,Temporal,0.9356700359709297,4
10.0,2025-10-30 13:49:20.459949970,PLANT_KINGDOM_OUTDOOR,Theta,Central,0.9626944311343785,3
10.0,2025-10-30 13:49:20.459949970,PLANT_KINGDOM_OUTDOOR,Theta,Parietal,0.9629648058425941,9
10.0,2025-10-30 13:49:20.459949970,PLANT_KINGDOM_OUTDOOR,Theta,Occipital,0.9793221276384216,5
10.0,2025-10-30 13:49:20.459949970,PLANT_KINGDOM_OUTDOOR,Alpha,Frontal,0.9876856173815711,11
10.0,2025-10-30 13:49:20.459949970,PLANT_KINGDOM_OUTDOOR,Alpha,Temporal,0.9315963106631902,4
10.0,2025-10-30 13:49:20.459949970,PLANT_KINGDOM_OUTDOOR,Alpha,Central,0.9649701533991017,3
10.0,2025-10-30 13:49:20.459949970,PLANT_KINGDOM_OUTDOOR,Alpha,Parietal,0.8482024496782072,9
10.0,2025-10-30 13:49:20.459949970,PLANT_KINGDOM_OUTDOOR,Alpha,Occipital,0.9068125321114732,5
10.0,2025-10-30 13:49:20.459949970,PLANT_KINGDOM_OUTDOOR,BetaL,Frontal,0.9941031060833607,11
10.0,2025-10-30 13:49:20.459949970,PLANT_KINGDOM_OUTDOOR,BetaL,Temporal,0.948309258296451,4
10.0,2025-10-30 13:49:20.459949970,PLANT_KINGDOM_OUTDOOR,BetaL,Central,0.9765191711010243,3
10.0,2025-10-30 13:49:20.459949970,PLANT_KINGDOM_OUTDOOR,BetaL,Parietal,0.9681959475934968,9
10.0,2025-10-30 13:49:20.459949970,PLANT_KINGDOM_OUTDOOR,BetaL,Occipital,0.9868248039785654,5
10.0,2025-10-30 13:49:20.459949970,PLANT_KINGDOM_OUTDOOR,BetaH,Frontal,0.9920272501352542,11
10.0,2025-10-30 13:49:20.459949970,PLANT_KINGDOM_OUTDOOR,BetaH,Temporal,0.9516532616678173,4
10.0,2025-10-30 13:49:20.459949970,PLANT_KINGDOM_OUTDOOR,BetaH,Central,0.9803721026684662,3
10.0,2025-10-30 13:49:20.459949970,PLANT_KINGDOM_OUTDOOR,BetaH,Parietal,0.9738661855353512,9
10.0,2025-10-30 13:49:20.459949970,PLANT_KINGDOM_OUTDOOR,BetaH,Occipital,0.9879504101869896,5
10.0,2025-10-30 13:49:20.459949970,PLANT_KINGDOM_OUTDOOR,Gamma,Frontal,0.9903341923250815,11
10.0,2025-10-30 13:49:20.459949970,PLANT_KINGDOM_OUTDOOR,Gamma,Temporal,0.9265041070143336,4
10.0,2025-10-30 13:49:20.459949970,PLANT_KINGDOM_OUTDOOR,Gamma,Central,0.9933621458852251,3
10.0,2025-10-30 13:49:20.459949970,PLANT_KINGDOM_OUTDOOR,Gamma,Parietal,0.9784772907558572,9
10.0,2025-10-30 13:49:20.459949970,PLANT_KINGDOM_OUTDOOR,Gamma,Occipital,0.9928575245161272,5
15.0,2025-10-30 13:49:25.460619926,PLANT_KINGDOM_OUTDOOR,Theta,Frontal,0.9233746770719636,11
15.0,2025-10-30 13:49:25.460619926,PLANT_KINGDOM_OUTDOOR,Theta,Temporal,0.9598501471046148,4
15.0,2025-10-30 13:49:25.460619926,PLANT_KINGDOM_OUTDOOR,Theta,Central,0.9594172682555081,3
15.0,2025-10-30 13:49:25.460619926,PLANT_KINGDOM_OUTDOOR,Theta,Parietal,0.963007330523855,9
15.0,2025-10-30 13:49:25.460619926,PLANT_KINGDOM_OUTDOOR,Theta,Occipital,0.9863814703145508,5
15.0,2025-10-30 13:49:25.460619926,PLANT_KINGDOM_OUTDOOR,Alpha,Frontal,0.9901682852212166,11
15.0,2025-10-30 13:49:25.460619926,PLANT_KINGDOM_OUTDOOR,Alpha,Temporal,0.9485894238979203,4
15.0,2025-10-30 13:49:25.460619926,PLANT_KINGDOM_OUTDOOR,Alpha,Central,0.9615241985205638,3
15.0,2025-10-30 13:49:25.460619926,PLANT_KINGDOM_OUTDOOR,Alpha,Parietal,0.8906747606343434,9
15.0,2025-10-30 13:49:25.460619926,PLANT_KINGDOM_OUTDOOR,Alpha,Occipital,0.9239852372858679,5
15.0,2025-10-30 13:49:25.460619926,PLANT_KINGDOM_OUTDOOR,BetaL,Frontal,0.9890094093250023,11
15.0,2025-10-30 13:49:25.460619926,PLANT_KINGDOM_OUTDOOR,BetaL,Temporal,0.9173189717497122,4
15.0,2025-10-30 13:49:25.460619926,PLANT_KINGDOM_OUTDOOR,BetaL,Central,0.9679644373405191,3
15.0,2025-10-30 13:49:25.460619926,PLANT_KINGDOM_OUTDOOR,BetaL,Parietal,0.9525136663750307,9
15.0,2025-10-30 13:49:25.460619926,PLANT_KINGDOM_OUTDOOR,BetaL,Occipital,0.9886613756973845,5
15.0,2025-10-30 13:49:25.460619926,PLANT_KINGDOM_OUTDOOR,BetaH,Frontal,0.9930507992095888,11
15.0,2025-10-30 13:49:25.460619926,PLANT_KINGDOM_OUTDOOR,BetaH,Temporal,0.9678083546930848,4
15.0,2025-10-30 13:49:25.460619926,PLANT_KINGDOM_OUTDOOR,BetaH,Central,0.9867397421387721,3
15.0,2025-10-30 13:49:25.460619926,PLANT_KINGDOM_OUTDOOR,BetaH,Parietal,0.9778404404459511,9
15.0,2025-10-30 13:49:25.460619926,PLANT_KINGDOM_OUTDOOR,BetaH,Occipital,0.9905479108830917,5
15.0,2025-10-30 13:49:25.460619926,PLANT_KINGDOM_OUTDOOR,Gamma,Frontal,0.98978466164369,11
15.0,2025-10-30 13:49:25.460619926,PLANT_KINGDOM_OUTDOOR,Gamma,Temporal,0.9629494040627979,4
15.0,2025-10-30 13:49:25.460619926,PLANT_KINGDOM_OUTDOOR,Gamma,Central,0.9935676597276805,3
15.0,2025-10-30 13:49:25.460619926,PLANT_KINGDOM_OUTDOOR,Gamma,Parietal,0.9813511642609443,9
15.0,2025-10-30 13:49:25.460619926,PLANT_KINGDOM_OUTDOOR,Gamma,Occipital,0.9954324325379025,5
20.0,2025-10-30 13:49:30.459310055,PLANT_KINGDOM_OUTDOOR,Theta,Frontal,0.9373807468786203,11
20.0,2025-10-30 13:49:30.459310055,PLANT_KINGDOM_OUTDOOR,Theta,Temporal,0.9406032755833942,4
20.0,2025-10-30 13:49:30.459310055,PLANT_KINGDOM_OUTDOOR,Theta,Central,0.9606035303070358,3
20.0,2025-10-30 13:49:30.459310055,PLANT_KINGDOM_OUTDOOR,Theta,Parietal,0.9613354181234873,9
20.0,2025-10-30 13:49:30.459310055,PLANT_KINGDOM_OUTDOOR,Theta,Occipital,0.984047207569819,5
20.0,2025-10-30 13:49:30.459310055,PLANT_KINGDOM_OUTDOOR,Alpha,Frontal,0.9896514784360275,11
20.0,2025-10-30 13:49:30.459310055,PLANT_KINGDOM_OUTDOOR,Alpha,Temporal,0.9354142403468498,4
20.0,2025-10-30 13:49:30.459310055,PLANT_KINGDOM_OUTDOOR,Alpha,Central,0.9743364350448382,3
20.0,2025-10-30 13:49:30.459310055,PLANT_KINGDOM_OUTDOOR,Alpha,Parietal,0.9461229936114516,9
20.0,2025-10-30 13:49:30.459310055,PLANT_KINGDOM_OUTDOOR,Alpha,Occipital,0.9581708594745657,5
20.0,2025-10-30 13:49:30.459310055,PLANT_KINGDOM_OUTDOOR,BetaL,Frontal,0.9898971698507996,11
20.0,2025-10-30 13:49:30.459310055,PLANT_KINGDOM_OUTDOOR,BetaL,Temporal,0.9207512274978149,4
20.0,2025-10-30 13:49:30.459310055,PLANT_KINGDOM_OUTDOOR,BetaL,Central,0.9748870757225191,3
20.0,2025-10-30 13:49:30.459310055,PLANT_KINGDOM_OUTDOOR,BetaL,Parietal,0.9566345177675278,9
20.0,2025-10-30 13:49:30.459310055,PLANT_KINGDOM_OUTDOOR,BetaL,Occipital,0.9895443197238599,5
20.0,2025-10-30 13:49:30.459310055,PLANT_KINGDOM_OUTDOOR,BetaH,Frontal,0.9938747284333029,11
20.0,2025-10-30 13:49:30.459310055,PLANT_KINGDOM_OUTDOOR,BetaH,Temporal,0.9749623315899058,4
20.0,2025-10-30 13:49:30.459310055,PLANT_KINGDOM_OUTDOOR,BetaH,Central,0.9848679281755205,3
20.0,2025-10-30 13:49:30.459310055,PLANT_KINGDOM_OUTDOOR,BetaH,Parietal,0.9818448348946764,9
20.0,2025-10-30 13:49:30.459310055,PLANT_KINGDOM_OUTDOOR,BetaH,Occipital,0.9907419058555926,5
20.0,2025-10-30 13:49:30.459310055,PLANT_KINGDOM_OUTDOOR,Gamma,Frontal,0.9916157033267351,11
20.0,2025-10-30 13:49:30.459310055,PLANT_KINGDOM_OUTDOOR,Gamma,Temporal,0.9554205268679227,4
20.0,2025-10-30 13:49:30.459310055,PLANT_KINGDOM_OUTDOOR,Gamma,Central,0.9891154801914144,3
20.0,2025-10-30 13:49:30.459310055,PLANT_KINGDOM_OUTDOOR,Gamma,Parietal,0.9784246265671935,9
20.0,2025-10-30 13:49:30.459310055,PLANT_KINGDOM_OUTDOOR,Gamma,Occipital,0.9976532748282775,5
25.0,2025-10-30 13:49:35.459199905,PLANT_KINGDOM_OUTDOOR,Theta,Frontal,0.9772877928008304,11
25.0,2025-10-30 13:49:35.459199905,PLANT_KINGDOM_OUTDOOR,Theta,Temporal,0.9164957408603732,4
25.0,2025-10-30 13:49:35.459199905,PLANT_KINGDOM_OUTDOOR,Theta,Central,0.9506417546079114,3
25.0,2025-10-30 13:49:35.459199905,PLANT_KINGDOM_OUTDOOR,Theta,Parietal,0.9559634554799764,9
25.0,2025-10-30 13:49:35.459199905,PLANT_KINGDOM_OUTDOOR,Theta,Occipital,0.9842679472396765,5
25.0,2025-10-30 13:49:35.459199905,PLANT_KINGDOM_OUTDOOR,Alpha,Frontal,0.9864640848628905,11
25.0,2025-10-30 13:49:35.459199905,PLANT_KINGDOM_OUTDOOR,Alpha,Temporal,0.8944335099052908,4
25.0,2025-10-30 13:49:35.459199905,PLANT_KINGDOM_OUTDOOR,Alpha,Central,0.9668182622441058,3
25.0,2025-10-30 13:49:35.459199905,PLANT_KINGDOM_OUTDOOR,Alpha,Parietal,0.9552753042521331,9
25.0,2025-10-30 13:49:35.459199905,PLANT_KINGDOM_OUTDOOR,Alpha,Occipital,0.9754161844037135,5
25.0,2025-10-30 13:49:35.459199905,PLANT_KINGDOM_OUTDOOR,BetaL,Frontal,0.9913568100274551,11
25.0,2025-10-30 13:49:35.459199905,PLANT_KINGDOM_OUTDOOR,BetaL,Temporal,0.941007164900836,4
25.0,2025-10-30 13:49:35.459199905,PLANT_KINGDOM_OUTDOOR,BetaL,Central,0.9790936131468193,3
25.0,2025-10-30 13:49:35.459199905,PLANT_KINGDOM_OUTDOOR,BetaL,Parietal,0.9748269611673286,9
25.0,2025-10-30 13:49:35.459199905,PLANT_KINGDOM_OUTDOOR,BetaL,Occipital,0.9940911175548094,5
25.0,2025-10-30 13:49:35.459199905,PLANT_KINGDOM_OUTDOOR,BetaH,Frontal,0.9924468803761463,11
25.0,2025-10-30 13:49:35.459199905,PLANT_KINGDOM_OUTDOOR,BetaH,Temporal,0.9527703000362363,4
25.0,2025-10-30 13:49:35.459199905,PLANT_KINGDOM_OUTDOOR,BetaH,Central,0.9731873226855349,3
25.0,2025-10-30 13:49:35.459199905,PLANT_KINGDOM_OUTDOOR,BetaH,Parietal,0.9793491953996082,9
25.0,2025-10-30 13:49:35.459199905,PLANT_KINGDOM_OUTDOOR,BetaH,Occipital,0.988630697762073,5
25.0,2025-10-30 13:49:35.459199905,PLANT_KINGDOM_OUTDOOR,Gamma,Frontal,0.9898255055718943,11
25.0,2025-10-30 13:49:35.459199905,PLANT_KINGDOM_OUTDOOR,Gamma,Temporal,0.8897522462295543,4
25.0,2025-10-30 13:49:35.459199905,PLANT_KINGDOM_OUTDOOR,Gamma,Central,0.9860133039806399,3
25.0,2025-10-30 13:49:35.459199905,PLANT_KINGDOM_OUTDOOR,Gamma,Parietal,0.9758131851197341,9
25.0,2025-10-30 13:49:35.459199905,PLANT_KINGDOM_OUTDOOR,Gamma,Occipital,0.997176767947367,5
30.0,2025-10-30 13:49:40.458780050,PLANT_KINGDOM_OUTDOOR,Theta,Frontal,0.9823295441031007,11
30.0,2025-10-30 13:49:40.458780050,PLANT_KINGDOM_OUTDOOR,Theta,Temporal,0.9388419062508593,4
30.0,2025-10-30 13:49:40.458780050,PLANT_KINGDOM_OUTDOOR,Theta,Central,0.9491796516617338,3
30.0,2025-10-30 13:49:40.458780050,PLANT_KINGDOM_OUTDOOR,Theta,Parietal,0.9700638317657645,9
30.0,2025-10-30 13:49:40.458780050,PLANT_KINGDOM_OUTDOOR,Theta,Occipital,0.9869590063621694,5
30.0,2025-10-30 13:49:40.458780050,PLANT_KINGDOM_OUTDOOR,Alpha,Frontal,0.9844277967645644,11
30.0,2025-10-30 13:49:40.458780050,PLANT_KINGDOM_OUTDOOR,Alpha,Temporal,0.9199937405222333,4
30.0,2025-10-30 13:49:40.458780050,PLANT_KINGDOM_OUTDOOR,Alpha,Central,0.9555356969757949,3
30.0,2025-10-30 13:49:40.458780050,PLANT_KINGDOM_OUTDOOR,Alpha,Parietal,0.9118897920511654,9
30.0,2025-10-30 13:49:40.458780050,PLANT_KINGDOM_OUTDOOR,Alpha,Occipital,0.9386556921035208,5
30.0,2025-10-30 13:49:40.458780050,PLANT_KINGDOM_OUTDOOR,BetaL,Frontal,0.9920478876630527,11
30.0,2025-10-30 13:49:40.458780050,PLANT_KINGDOM_OUTDOOR,BetaL,Temporal,0.94634070019475,4
30.0,2025-10-30 13:49:40.458780050,PLANT_KINGDOM_OUTDOOR,BetaL,Central,0.9840731449578766,3
30.0,2025-10-30 13:49:40.458780050,PLANT_KINGDOM_OUTDOOR,BetaL,Parietal,0.9478380904249442,9
30.0,2025-10-30 13:49:40.458780050,PLANT_KINGDOM_OUTDOOR,BetaL,Occipital,0.9745180318744882,5
30.0,2025-10-30 13:49:40.458780050,PLANT_KINGDOM_OUTDOOR,BetaH,Frontal,0.9937240133264797,11
30.0,2025-10-30 13:49:40.458780050,PLANT_KINGDOM_OUTDOOR,BetaH,Temporal,0.9461687886533698,4
30.0,2025-10-30 13:49:40.458780050,PLANT_KINGDOM_OUTDOOR,BetaH,Central,0.9832315893204874,3
30.0,2025-10-30 13:49:40.458780050,PLANT_KINGDOM_OUTDOOR,BetaH,Parietal,0.9810747829567616,9
30.0,2025-10-30 13:49:40.458780050,PLANT_KINGDOM_OUTDOOR,BetaH,Occipital,0.981688877823642,5
30.0,2025-10-30 13:49:40.458780050,PLANT_KINGDOM_OUTDOOR,Gamma,Frontal,0.992822229863628,11
30.0,2025-10-30 13:49:40.458780050,PLANT_KINGDOM_OUTDOOR,Gamma,Temporal,0.9233134622901313,4
30.0,2025-10-30 13:49:40.458780050,PLANT_KINGDOM_OUTDOOR,Gamma,Central,0.9936507715945837,3
30.0,2025-10-30 13:49:40.458780050,PLANT_KINGDOM_OUTDOOR,Gamma,Parietal,0.976970236150064,9
30.0,2025-10-30 13:49:40.458780050,PLANT_KINGDOM_OUTDOOR,Gamma,Occipital,0.9954632977536483,5
35.0,2025-10-30 13:49:45.457859993,PLANT_KINGDOM_OUTDOOR,Theta,Frontal,0.9790940809797593,11
35.0,2025-10-30 13:49:45.457859993,PLANT_KINGDOM_OUTDOOR,Theta,Temporal,0.9164193896074739,4
35.0,2025-10-30 13:49:45.457859993,PLANT_KINGDOM_OUTDOOR,Theta,Central,0.9644763438166281,3
35.0,2025-10-30 13:49:45.457859993,PLANT_KINGDOM_OUTDOOR,Theta,Parietal,0.9749896681950089,9
35.0,2025-10-30 13:49:45.457859993,PLANT_KINGDOM_OUTDOOR,Theta,Occipital,0.9811815612659367,5
35.0,2025-10-30 13:49:45.457859993,PLANT_KINGDOM_OUTDOOR,Alpha,Frontal,0.9889083093783999,11
35.0,2025-10-30 13:49:45.457859993,PLANT_KINGDOM_OUTDOOR,Alpha,Temporal,0.9455939099247515,4
35.0,2025-10-30 13:49:45.457859993,PLANT_KINGDOM_OUTDOOR,Alpha,Central,0.973455609703734,3
35.0,2025-10-30 13:49:45.457859993,PLANT_KINGDOM_OUTDOOR,Alpha,Parietal,0.9094644153926343,9
35.0,2025-10-30 13:49:45.457859993,PLANT_KINGDOM_OUTDOOR,Alpha,Occipital,0.9375685628851147,5
35.0,2025-10-30 13:49:45.457859993,PLANT_KINGDOM_OUTDOOR,BetaL,Frontal,0.9931486277570238,11
35.0,2025-10-30 13:49:45.457859993,PLANT_KINGDOM_OUTDOOR,BetaL,Temporal,0.9338033104256177,4
35.0,2025-10-30 13:49:45.457859993,PLANT_KINGDOM_OUTDOOR,BetaL,Central,0.9744328544831796,3
35.0,2025-10-30 13:49:45.457859993,PLANT_KINGDOM_OUTDOOR,BetaL,Parietal,0.9436220665703593,9
35.0,2025-10-30 13:49:45.457859993,PLANT_KINGDOM_OUTDOOR,BetaL,Occipital,0.9601849510930106,5
35.0,2025-10-30 13:49:45.457859993,PLANT_KINGDOM_OUTDOOR,BetaH,Frontal,0.9915911244458684,11
35.0,2025-10-30 13:49:45.457859993,PLANT_KINGDOM_OUTDOOR,BetaH,Temporal,0.9544692249343364,4
35.0,2025-10-30 13:49:45.457859993,PLANT_KINGDOM_OUTDOOR,BetaH,Central,0.9779094632938345,3
35.0,2025-10-30 13:49:45.457859993,PLANT_KINGDOM_OUTDOOR,BetaH,Parietal,0.9689912088786898,9
35.0,2025-10-30 13:49:45.457859993,PLANT_KINGDOM_OUTDOOR,BetaH,Occipital,0.9751838782241651,5
35.0,2025-10-30 13:49:45.457859993,PLANT_KINGDOM_OUTDOOR,Gamma,Frontal,0.9891187473092461,11
35.0,2025-10-30 13:49:45.457859993,PLANT_KINGDOM_OUTDOOR,Gamma,Temporal,0.9477493879105451,4
35.0,2025-10-30 13:49:45.457859993,PLANT_KINGDOM_OUTDOOR,Gamma,Central,0.9867593290761737,3
35.0,2025-10-30 13:49:45.457859993,PLANT_KINGDOM_OUTDOOR,Gamma,Parietal,0.9723040566093897,9
35.0,2025-10-30 13:49:45.457859993,PLANT_KINGDOM_OUTDOOR,Gamma,Occipital,0.9933585229529476,5
40.0,2025-10-30 13:49:50.457250118,PLANT_KINGDOM_OUTDOOR,Theta,Frontal,0.9873942057032463,11
40.0,2025-10-30 13:49:50.457250118,PLANT_KINGDOM_OUTDOOR,Theta,Temporal,0.9590180350554156,4
40.0,2025-10-30 13:49:50.457250118,PLANT_KINGDOM_OUTDOOR,Theta,Central,0.9669850655075392,3
40.0,2025-10-30 13:49:50.457250118,PLANT_KINGDOM_OUTDOOR,Theta,Parietal,0.9784911844884825,9
40.0,2025-10-30 13:49:50.457250118,PLANT_KINGDOM_OUTDOOR,Theta,Occipital,0.9833445034171795,5
40.0,2025-10-30 13:49:50.457250118,PLANT_KINGDOM_OUTDOOR,Alpha,Frontal,0.9907502342680055,11
40.0,2025-10-30 13:49:50.457250118,PLANT_KINGDOM_OUTDOOR,Alpha,Temporal,0.9350684398364826,4
40.0,2025-10-30 13:49:50.457250118,PLANT_KINGDOM_OUTDOOR,Alpha,Central,0.9648240788940542,3
40.0,2025-10-30 13:49:50.457250118,PLANT_KINGDOM_OUTDOOR,Alpha,Parietal,0.922601291085394,9
40.0,2025-10-30 13:49:50.457250118,PLANT_KINGDOM_OUTDOOR,Alpha,Occipital,0.9489549267853751,5
40.0,2025-10-30 13:49:50.457250118,PLANT_KINGDOM_OUTDOOR,BetaL,Frontal,0.9921763704241904,11
40.0,2025-10-30 13:49:50.457250118,PLANT_KINGDOM_OUTDOOR,BetaL,Temporal,0.9534279117526208,4
40.0,2025-10-30 13:49:50.457250118,PLANT_KINGDOM_OUTDOOR,BetaL,Central,0.9641514703929209,3
40.0,2025-10-30 13:49:50.457250118,PLANT_KINGDOM_OUTDOOR,BetaL,Parietal,0.9525126369992416,9
40.0,2025-10-30 13:49:50.457250118,PLANT_KINGDOM_OUTDOOR,BetaL,Occipital,0.9576549823808322,5
40.0,2025-10-30 13:49:50.457250118,PLANT_KINGDOM_OUTDOOR,BetaH,Frontal,0.9916461424782043,11
40.0,2025-10-30 13:49:50.457250118,PLANT_KINGDOM_OUTDOOR,BetaH,Temporal,0.9585612225708703,4
40.0,2025-10-30 13:49:50.457250118,PLANT_KINGDOM_OUTDOOR,BetaH,Central,0.9688867231322214,3
40.0,2025-10-30 13:49:50.457250118,PLANT_KINGDOM_OUTDOOR,BetaH,Parietal,0.9642408035600647,9
40.0,2025-10-30 13:49:50.457250118,PLANT_KINGDOM_OUTDOOR,BetaH,Occipital,0.9771790103154139,5
40.0,2025-10-30 13:49:50.457250118,PLANT_KINGDOM_OUTDOOR,Gamma,Frontal,0.9875289901612041,11
40.0,2025-10-30 13:49:50.457250118,PLANT_KINGDOM_OUTDOOR,Gamma,Temporal,0.9357477107358794,4
40.0,2025-10-30 13:49:50.457250118,PLANT_KINGDOM_OUTDOOR,Gamma,Central,0.9814485863471228,3
40.0,2025-10-30 13:49:50.457250118,PLANT_KINGDOM_OUTDOOR,Gamma,Parietal,0.9708372379914134,9
40.0,2025-10-30 13:49:50.457250118,PLANT_KINGDOM_OUTDOOR,Gamma,Occipital,0.9970676974040623,5
45.0,2025-10-30 13:49:55.457129955,PLANT_KINGDOM_OUTDOOR,Theta,Frontal,0.985098258909505,11
45.0,2025-10-30 13:49:55.457129955,PLANT_KINGDOM_OUTDOOR,Theta,Temporal,0.9668474104380655,4
45.0,2025-10-30 13:49:55.457129955,PLANT_KINGDOM_OUTDOOR,Theta,Central,0.9455202855002676,3
45.0,2025-10-30 13:49:55.457129955,PLANT_KINGDOM_OUTDOOR,Theta,Parietal,0.9724284539131302,9
45.0,2025-10-30 13:49:55.457129955,PLANT_KINGDOM_OUTDOOR,Theta,Occipital,0.9813469618905563,5
45.0,2025-10-30 13:49:55.457129955,PLANT_KINGDOM_OUTDOOR,Alpha,Frontal,0.9845629243500643,11
45.0,2025-10-30 13:49:55.457129955,PLANT_KINGDOM_OUTDOOR,Alpha,Temporal,0.911656718475969,4
45.0,2025-10-30 13:49:55.457129955,PLANT_KINGDOM_OUTDOOR,Alpha,Central,0.9498151923258652,3
45.0,2025-10-30 13:49:55.457129955,PLANT_KINGDOM_OUTDOOR,Alpha,Parietal,0.9532201084044156,9
45.0,2025-10-30 13:49:55.457129955,PLANT_KINGDOM_OUTDOOR,Alpha,Occipital,0.9478169539624651,5
45.0,2025-10-30 13:49:55.457129955,PLANT_KINGDOM_OUTDOOR,BetaL,Frontal,0.9846945038877948,11
45.0,2025-10-30 13:49:55.457129955,PLANT_KINGDOM_OUTDOOR,BetaL,Temporal,0.912225870301857,4
45.0,2025-10-30 13:49:55.457129955,PLANT_KINGDOM_OUTDOOR,BetaL,Central,0.9526912762481213,3
45.0,2025-10-30 13:49:55.457129955,PLANT_KINGDOM_OUTDOOR,BetaL,Parietal,0.9504908665680594,9
45.0,2025-10-30 13:49:55.457129955,PLANT_KINGDOM_OUTDOOR,BetaL,Occipital,0.9648409549012649,5
45.0,2025-10-30 13:49:55.457129955,PLANT_KINGDOM_OUTDOOR,BetaH,Frontal,0.9916024875763568,11
45.0,2025-10-30 13:49:55.457129955,PLANT_KINGDOM_OUTDOOR,BetaH,Temporal,0.9419713995203518,4
45.0,2025-10-30 13:49:55.457129955,PLANT_KINGDOM_OUTDOOR,BetaH,Central,0.978919642966163,3
45.0,2025-10-30 13:49:55.457129955,PLANT_KINGDOM_OUTDOOR,BetaH,Parietal,0.9708567181740534,9
45.0,2025-10-30 13:49:55.457129955,PLANT_KINGDOM_OUTDOOR,BetaH,Occipital,0.9789020169792506,5
45.0,2025-10-30 13:49:55.457129955,PLANT_KINGDOM_OUTDOOR,Gamma,Frontal,0.9878759960213096,11
45.0,2025-10-30 13:49:55.457129955,PLANT_KINGDOM_OUTDOOR,Gamma,Temporal,0.9157087768919331,4
45.0,2025-10-30 13:49:55.457129955,PLANT_KINGDOM_OUTDOOR,Gamma,Central,0.9859627982726301,3
45.0,2025-10-30 13:49:55.457129955,PLANT_KINGDOM_OUTDOOR,Gamma,Parietal,0.9748503112390668,9
45.0,2025-10-30 13:49:55.457129955,PLANT_KINGDOM_OUTDOOR,Gamma,Occipital,0.9950155617254924,5
50.0,2025-10-30 13:50:00.456219912,PLANT_KINGDOM_OUTDOOR,Theta,Frontal,0.9760422521739732,11
50.0,2025-10-30 13:50:00.456219912,PLANT_KINGDOM_OUTDOOR,Theta,Temporal,0.8972868998131674,4
50.0,2025-10-30 13:50:00.456219912,PLANT_KINGDOM_OUTDOOR,Theta,Central,0.9364544293598227,3
50.0,2025-10-30 13:50:00.456219912,PLANT_KINGDOM_OUTDOOR,Theta,Parietal,0.95739222638639,9
50.0,2025-10-30 13:50:00.456219912,PLANT_KINGDOM_OUTDOOR,Theta,Occipital,0.9769277476986657,5
50.0,2025-10-30 13:50:00.456219912,PLANT_KINGDOM_OUTDOOR,Alpha,Frontal,0.988411257570306,11
50.0,2025-10-30 13:50:00.456219912,PLANT_KINGDOM_OUTDOOR,Alpha,Temporal,0.9355092792989884,4
50.0,2025-10-30 13:50:00.456219912,PLANT_KINGDOM_OUTDOOR,Alpha,Central,0.9569173246633906,3
50.0,2025-10-30 13:50:00.456219912,PLANT_KINGDOM_OUTDOOR,Alpha,Parietal,0.963564831512396,9
50.0,2025-10-30 13:50:00.456219912,PLANT_KINGDOM_OUTDOOR,Alpha,Occipital,0.9407012917478655,5
50.0,2025-10-30 13:50:00.456219912,PLANT_KINGDOM_OUTDOOR,BetaL,Frontal,0.9892118334272081,11
50.0,2025-10-30 13:50:00.456219912,PLANT_KINGDOM_OUTDOOR,BetaL,Temporal,0.903739774277685,4
50.0,2025-10-30 13:50:00.456219912,PLANT_KINGDOM_OUTDOOR,BetaL,Central,0.9616532914616585,3
50.0,2025-10-30 13:50:00.456219912,PLANT_KINGDOM_OUTDOOR,BetaL,Parietal,0.9548462970755384,9
50.0,2025-10-30 13:50:00.456219912,PLANT_KINGDOM_OUTDOOR,BetaL,Occipital,0.970916248597652,5
50.0,2025-10-30 13:50:00.456219912,PLANT_KINGDOM_OUTDOOR,BetaH,Frontal,0.9918464631736844,11
50.0,2025-10-30 13:50:00.456219912,PLANT_KINGDOM_OUTDOOR,BetaH,Temporal,0.9369147702343799,4
50.0,2025-10-30 13:50:00.456219912,PLANT_KINGDOM_OUTDOOR,BetaH,Central,0.9731387950691954,3
50.0,2025-10-30 13:50:00.456219912,PLANT_KINGDOM_OUTDOOR,BetaH,Parietal,0.9682276284234725,9
50.0,2025-10-30 13:50:00.456219912,PLANT_KINGDOM_OUTDOOR,BetaH,Occipital,0.9812866902733975,5
50.0,2025-10-30 13:50:00.456219912,PLANT_KINGDOM_OUTDOOR,Gamma,Frontal,0.9838069054543334,11
50.0,2025-10-30 13:50:00.456219912,PLANT_KINGDOM_OUTDOOR,Gamma,Temporal,0.851580623219442,4
50.0,2025-10-30 13:50:00.456219912,PLANT_KINGDOM_OUTDOOR,Gamma,Central,0.985026240462157,3
50.0,2025-10-30 13:50:00.456219912,PLANT_KINGDOM_OUTDOOR,Gamma,Parietal,0.9732572579003687,9
50.0,2025-10-30 13:50:00.456219912,PLANT_KINGDOM_OUTDOOR,Gamma,Occipital,0.9918931588333091,5
55.0,2025-10-30 13:50:05.455699921,PLANT_KINGDOM_OUTDOOR,Theta,Frontal,0.9766185445295524,11
55.0,2025-10-30 13:50:05.455699921,PLANT_KINGDOM_OUTDOOR,Theta,Temporal,0.835298901272546,4
55.0,2025-10-30 13:50:05.455699921,PLANT_KINGDOM_OUTDOOR,Theta,Central,0.9447007978125136,3
55.0,2025-10-30 13:50:05.455699921,PLANT_KINGDOM_OUTDOOR,Theta,Parietal,0.9430694155406242,9
55.0,2025-10-30 13:50:05.455699921,PLANT_KINGDOM_OUTDOOR,Theta,Occipital,0.9666394167773202,5
55.0,2025-10-30 13:50:05.455699921,PLANT_KINGDOM_OUTDOOR,Alpha,Frontal,0.991681416389668,11
55.0,2025-10-30 13:50:05.455699921,PLANT_KINGDOM_OUTDOOR,Alpha,Temporal,0.9263899421640833,4
55.0,2025-10-30 13:50:05.455699921,PLANT_KINGDOM_OUTDOOR,Alpha,Central,0.9638934142829245,3
55.0,2025-10-30 13:50:05.455699921,PLANT_KINGDOM_OUTDOOR,Alpha,Parietal,0.9386020792395842,9
55.0,2025-10-30 13:50:05.455699921,PLANT_KINGDOM_OUTDOOR,Alpha,Occipital,0.9433972297802785,5
55.0,2025-10-30 13:50:05.455699921,PLANT_KINGDOM_OUTDOOR,BetaL,Frontal,0.9940837806014889,11
55.0,2025-10-30 13:50:05.455699921,PLANT_KINGDOM_OUTDOOR,BetaL,Temporal,0.9074987228523391,4
55.0,2025-10-30 13:50:05.455699921,PLANT_KINGDOM_OUTDOOR,BetaL,Central,0.9708940924004612,3
55.0,2025-10-30 13:50:05.455699921,PLANT_KINGDOM_OUTDOOR,BetaL,Parietal,0.9590774335542289,9
55.0,2025-10-30 13:50:05.455699921,PLANT_KINGDOM_OUTDOOR,BetaL,Occipital,0.9694626927766141,5
55.0,2025-10-30 13:50:05.455699921,PLANT_KINGDOM_OUTDOOR,BetaH,Frontal,0.9951946362093065,11
55.0,2025-10-30 13:50:05.455699921,PLANT_KINGDOM_OUTDOOR,BetaH,Temporal,0.9411273555389036,4
55.0,2025-10-30 13:50:05.455699921,PLANT_KINGDOM_OUTDOOR,BetaH,Central,0.9725479436416431,3
55.0,2025-10-30 13:50:05.455699921,PLANT_KINGDOM_OUTDOOR,BetaH,Parietal,0.9669357130030527,9
55.0,2025-10-30 13:50:05.455699921,PLANT_KINGDOM_OUTDOOR,BetaH,Occipital,0.9822400030391708,5
55.0,2025-10-30 13:50:05.455699921,PLANT_KINGDOM_OUTDOOR,Gamma,Frontal,0.9834381649683676,11
55.0,2025-10-30 13:50:05.455699921,PLANT_KINGDOM_OUTDOOR,Gamma,Temporal,0.8364429253950438,4
55.0,2025-10-30 13:50:05.455699921,PLANT_KINGDOM_OUTDOOR,Gamma,Central,0.9814587326234724,3
55.0,2025-10-30 13:50:05.455699921,PLANT_KINGDOM_OUTDOOR,Gamma,Parietal,0.9668136636496566,9
55.0,2025-10-30 13:50:05.455699921,PLANT_KINGDOM_OUTDOOR,Gamma,Occipital,0.9968020017772121,5
60.0,2025-10-30 13:50:10.455189943,PLANT_KINGDOM_OUTDOOR,Theta,Frontal,0.9858191589622074,11
60.0,2025-10-30 13:50:10.455189943,PLANT_KINGDOM_OUTDOOR,Theta,Temporal,0.8593882038049274,4
60.0,2025-10-30 13:50:10.455189943,PLANT_KINGDOM_OUTDOOR,Theta,Central,0.9619962367212852,3
60.0,2025-10-30 13:50:10.455189943,PLANT_KINGDOM_OUTDOOR,Theta,Parietal,0.9472933908262074,9
60.0,2025-10-30 13:50:10.455189943,PLANT_KINGDOM_OUTDOOR,Theta,Occipital,0.9616229465390798,5
60.0,2025-10-30 13:50:10.455189943,PLANT_KINGDOM_OUTDOOR,Alpha,Frontal,0.9929705518098954,11
60.0,2025-10-30 13:50:10.455189943,PLANT_KINGDOM_OUTDOOR,Alpha,Temporal,0.9140826067818381,4
60.0,2025-10-30 13:50:10.455189943,PLANT_KINGDOM_OUTDOOR,Alpha,Central,0.9793627057211178,3
60.0,2025-10-30 13:50:10.455189943,PLANT_KINGDOM_OUTDOOR,Alpha,Parietal,0.9135849337829928,9
60.0,2025-10-30 13:50:10.455189943,PLANT_KINGDOM_OUTDOOR,Alpha,Occipital,0.8998460019810668,5
60.0,2025-10-30 13:50:10.455189943,PLANT_KINGDOM_OUTDOOR,BetaL,Frontal,0.9854909054492164,11
60.0,2025-10-30 13:50:10.455189943,PLANT_KINGDOM_OUTDOOR,BetaL,Temporal,0.8619314463047343,4
60.0,2025-10-30 13:50:10.455189943,PLANT_KINGDOM_OUTDOOR,BetaL,Central,0.9448062094342304,3
60.0,2025-10-30 13:50:10.455189943,PLANT_KINGDOM_OUTDOOR,BetaL,Parietal,0.9430750040170016,9
60.0,2025-10-30 13:50:10.455189943,PLANT_KINGDOM_OUTDOOR,BetaL,Occipital,0.9576324755681017,5
60.0,2025-10-30 13:50:10.455189943,PLANT_KINGDOM_OUTDOOR,BetaH,Frontal,0.9913789524429619,11
60.0,2025-10-30 13:50:10.455189943,PLANT_KINGDOM_OUTDOOR,BetaH,Temporal,0.9203023044481753,4
60.0,2025-10-30 13:50:10.455189943,PLANT_KINGDOM_OUTDOOR,BetaH,Central,0.9615929956512389,3
60.0,2025-10-30 13:50:10.455189943,PLANT_KINGDOM_OUTDOOR,BetaH,Parietal,0.9633477030057294,9
60.0,2025-10-30 13:50:10.455189943,PLANT_KINGDOM_OUTDOOR,BetaH,Occipital,0.9610023413037808,5
60.0,2025-10-30 13:50:10.455189943,PLANT_KINGDOM_OUTDOOR,Gamma,Frontal,0.9870104971338421,11
60.0,2025-10-30 13:50:10.455189943,PLANT_KINGDOM_OUTDOOR,Gamma,Temporal,0.8642349192232601,4
60.0,2025-10-30 13:50:10.455189943,PLANT_KINGDOM_OUTDOOR,Gamma,Central,0.9729567395476416,3
60.0,2025-10-30 13:50:10.455189943,PLANT_KINGDOM_OUTDOOR,Gamma,Parietal,0.966003529374528,9
60.0,2025-10-30 13:50:10.455189943,PLANT_KINGDOM_OUTDOOR,Gamma,Occipital,0.9964534577250379,5
65.0,2025-10-30 13:50:15.455179930,PLANT_KINGDOM_OUTDOOR,Theta,Frontal,0.9859583254393408,11
65.0,2025-10-30 13:50:15.455179930,PLANT_KINGDOM_OUTDOOR,Theta,Temporal,0.9133112013632361,4
65.0,2025-10-30 13:50:15.455179930,PLANT_KINGDOM_OUTDOOR,Theta,Central,0.970098285163076,3
65.0,2025-10-30 13:50:15.455179930,PLANT_KINGDOM_OUTDOOR,Theta,Parietal,0.9563875060350608,9
65.0,2025-10-30 13:50:15.455179930,PLANT_KINGDOM_OUTDOOR,Theta,Occipital,0.9761882431214172,5
65.0,2025-10-30 13:50:15.455179930,PLANT_KINGDOM_OUTDOOR,Alpha,Frontal,0.9938221806251173,11
65.0,2025-10-30 13:50:15.455179930,PLANT_KINGDOM_OUTDOOR,Alpha,Temporal,0.9474920988171108,4
65.0,2025-10-30 13:50:15.455179930,PLANT_KINGDOM_OUTDOOR,Alpha,Central,0.9780212683634594,3
65.0,2025-10-30 13:50:15.455179930,PLANT_KINGDOM_OUTDOOR,Alpha,Parietal,0.8973673140545548,9
65.0,2025-10-30 13:50:15.455179930,PLANT_KINGDOM_OUTDOOR,Alpha,Occipital,0.8972169903637998,5
65.0,2025-10-30 13:50:15.455179930,PLANT_KINGDOM_OUTDOOR,BetaL,Frontal,0.9852157377323472,11
65.0,2025-10-30 13:50:15.455179930,PLANT_KINGDOM_OUTDOOR,BetaL,Temporal,0.9037583181307692,4
65.0,2025-10-30 13:50:15.455179930,PLANT_KINGDOM_OUTDOOR,BetaL,Central,0.9325534236520425,3
65.0,2025-10-30 13:50:15.455179930,PLANT_KINGDOM_OUTDOOR,BetaL,Parietal,0.936332577326295,9
65.0,2025-10-30 13:50:15.455179930,PLANT_KINGDOM_OUTDOOR,BetaL,Occipital,0.9586178075348382,5
65.0,2025-10-30 13:50:15.455179930,PLANT_KINGDOM_OUTDOOR,BetaH,Frontal,0.9836453562061183,11
65.0,2025-10-30 13:50:15.455179930,PLANT_KINGDOM_OUTDOOR,BetaH,Temporal,0.9071992399818885,4
65.0,2025-10-30 13:50:15.455179930,PLANT_KINGDOM_OUTDOOR,BetaH,Central,0.937924273809533,3
65.0,2025-10-30 13:50:15.455179930,PLANT_KINGDOM_OUTDOOR,BetaH,Parietal,0.9518714735684901,9
65.0,2025-10-30 13:50:15.455179930,PLANT_KINGDOM_OUTDOOR,BetaH,Occipital,0.9565286868590589,5
65.0,2025-10-30 13:50:15.455179930,PLANT_KINGDOM_OUTDOOR,Gamma,Frontal,0.9891908414785199,11
65.0,2025-10-30 13:50:15.455179930,PLANT_KINGDOM_OUTDOOR,Gamma,Temporal,0.9034356191191459,4
65.0,2025-10-30 13:50:15.455179930,PLANT_KINGDOM_OUTDOOR,Gamma,Central,0.9882452861816922,3
65.0,2025-10-30 13:50:15.455179930,PLANT_KINGDOM_OUTDOOR,Gamma,Parietal,0.969525226801321,9
65.0,2025-10-30 13:50:15.455179930,PLANT_KINGDOM_OUTDOOR,Gamma,Occipital,0.9975603522004162,5
70.0,2025-10-30 13:50:20.454269886,PLANT_KINGDOM_OUTDOOR,Theta,Frontal,0.9854540896835452,11
70.0,2025-10-30 13:50:20.454269886,PLANT_KINGDOM_OUTDOOR,Theta,Temporal,0.9432509483743948,4
70.0,2025-10-30 13:50:20.454269886,PLANT_KINGDOM_OUTDOOR,Theta,Central,0.9645529129398994,3
70.0,2025-10-30 13:50:20.454269886,PLANT_KINGDOM_OUTDOOR,Theta,Parietal,0.9767044426485466,9
70.0,2025-10-30 13:50:20.454269886,PLANT_KINGDOM_OUTDOOR,Theta,Occipital,0.986281043460676,5
70.0,2025-10-30 13:50:20.454269886,PLANT_KINGDOM_OUTDOOR,Alpha,Frontal,0.9922754725836882,11
70.0,2025-10-30 13:50:20.454269886,PLANT_KINGDOM_OUTDOOR,Alpha,Temporal,0.9289510663824888,4
70.0,2025-10-30 13:50:20.454269886,PLANT_KINGDOM_OUTDOOR,Alpha,Central,0.9696009696895348,3
70.0,2025-10-30 13:50:20.454269886,PLANT_KINGDOM_OUTDOOR,Alpha,Parietal,0.9075281297931915,9
70.0,2025-10-30 13:50:20.454269886,PLANT_KINGDOM_OUTDOOR,Alpha,Occipital,0.9366002834348026,5
70.0,2025-10-30 13:50:20.454269886,PLANT_KINGDOM_OUTDOOR,BetaL,Frontal,0.9863775062022782,11
70.0,2025-10-30 13:50:20.454269886,PLANT_KINGDOM_OUTDOOR,BetaL,Temporal,0.9162745230484667,4
70.0,2025-10-30 13:50:20.454269886,PLANT_KINGDOM_OUTDOOR,BetaL,Central,0.9550147470267444,3
70.0,2025-10-30 13:50:20.454269886,PLANT_KINGDOM_OUTDOOR,BetaL,Parietal,0.9518043561332855,9
70.0,2025-10-30 13:50:20.454269886,PLANT_KINGDOM_OUTDOOR,BetaL,Occipital,0.9846503120663055,5
70.0,2025-10-30 13:50:20.454269886,PLANT_KINGDOM_OUTDOOR,BetaH,Frontal,0.9883898212685599,11
70.0,2025-10-30 13:50:20.454269886,PLANT_KINGDOM_OUTDOOR,BetaH,Temporal,0.923340492904661,4
70.0,2025-10-30 13:50:20.454269886,PLANT_KINGDOM_OUTDOOR,BetaH,Central,0.955347234553316,3
70.0,2025-10-30 13:50:20.454269886,PLANT_KINGDOM_OUTDOOR,BetaH,Parietal,0.9601914984025686,9
70.0,2025-10-30 13:50:20.454269886,PLANT_KINGDOM_OUTDOOR,BetaH,Occipital,0.9745206638438403,5
70.0,2025-10-30 13:50:20.454269886,PLANT_KINGDOM_OUTDOOR,Gamma,Frontal,0.9911279650921105,11
70.0,2025-10-30 13:50:20.454269886,PLANT_KINGDOM_OUTDOOR,Gamma,Temporal,0.9325885520128105,4
70.0,2025-10-30 13:50:20.454269886,PLANT_KINGDOM_OUTDOOR,Gamma,Central,0.9957069028845748,3
70.0,2025-10-30 13:50:20.454269886,PLANT_KINGDOM_OUTDOOR,Gamma,Parietal,0.9784868173463451,9
70.0,2025-10-30 13:50:20.454269886,PLANT_KINGDOM_OUTDOOR,Gamma,Occipital,0.9965413360772506,5
75.0,2025-10-30 13:50:25.454159975,PLANT_KINGDOM_OUTDOOR,Theta,Frontal,0.9838600922267772,11
75.0,2025-10-30 13:50:25.454159975,PLANT_KINGDOM_OUTDOOR,Theta,Temporal,0.9048533351066784,4
75.0,2025-10-30 13:50:25.454159975,PLANT_KINGDOM_OUTDOOR,Theta,Central,0.969162327560284,3
75.0,2025-10-30 13:50:25.454159975,PLANT_KINGDOM_OUTDOOR,Theta,Parietal,0.8696934165602935,9
75.0,2025-10-30 13:50:25.454159975,PLANT_KINGDOM_OUTDOOR,Theta,Occipital,0.980055539977585,5
75.0,2025-10-30 13:50:25.454159975,PLANT_KINGDOM_OUTDOOR,Alpha,Frontal,0.9933765440951677,11
75.0,2025-10-30 13:50:25.454159975,PLANT_KINGDOM_OUTDOOR,Alpha,Temporal,0.927801950862135,4
75.0,2025-10-30 13:50:25.454159975,PLANT_KINGDOM_OUTDOOR,Alpha,Central,0.9705594580393193,3
75.0,2025-10-30 13:50:25.454159975,PLANT_KINGDOM_OUTDOOR,Alpha,Parietal,0.944824757754165,9
75.0,2025-10-30 13:50:25.454159975,PLANT_KINGDOM_OUTDOOR,Alpha,Occipital,0.982638084160621,5
75.0,2025-10-30 13:50:25.454159975,PLANT_KINGDOM_OUTDOOR,BetaL,Frontal,0.9880701478686122,11
75.0,2025-10-30 13:50:25.454159975,PLANT_KINGDOM_OUTDOOR,BetaL,Temporal,0.9137574443007628,4
75.0,2025-10-30 13:50:25.454159975,PLANT_KINGDOM_OUTDOOR,BetaL,Central,0.9653503297212804,3
75.0,2025-10-30 13:50:25.454159975,PLANT_KINGDOM_OUTDOOR,BetaL,Parietal,0.9371016804555108,9
75.0,2025-10-30 13:50:25.454159975,PLANT_KINGDOM_OUTDOOR,BetaL,Occipital,0.987241135925698,5
75.0,2025-10-30 13:50:25.454159975,PLANT_KINGDOM_OUTDOOR,BetaH,Frontal,0.992066019382381,11
75.0,2025-10-30 13:50:25.454159975,PLANT_KINGDOM_OUTDOOR,BetaH,Temporal,0.9420889828740576,4
75.0,2025-10-30 13:50:25.454159975,PLANT_KINGDOM_OUTDOOR,BetaH,Central,0.9714815103040204,3
75.0,2025-10-30 13:50:25.454159975,PLANT_KINGDOM_OUTDOOR,BetaH,Parietal,0.9629695192762906,9
75.0,2025-10-30 13:50:25.454159975,PLANT_KINGDOM_OUTDOOR,BetaH,Occipital,0.9851927935172815,5
75.0,2025-10-30 13:50:25.454159975,PLANT_KINGDOM_OUTDOOR,Gamma,Frontal,0.9904528600895439,11
75.0,2025-10-30 13:50:25.454159975,PLANT_KINGDOM_OUTDOOR,Gamma,Temporal,0.9220080183254372,4
75.0,2025-10-30 13:50:25.454159975,PLANT_KINGDOM_OUTDOOR,Gamma,Central,0.9916828954061804,3
75.0,2025-10-30 13:50:25.454159975,PLANT_KINGDOM_OUTDOOR,Gamma,Parietal,0.9733522358958275,9
75.0,2025-10-30 13:50:25.454159975,PLANT_KINGDOM_OUTDOOR,Gamma,Occipital,0.9951809944556107,5
80.0,2025-10-30 13:50:30.453550100,PLANT_KINGDOM_OUTDOOR,Theta,Frontal,0.9852310969864636,11
80.0,2025-10-30 13:50:30.453550100,PLANT_KINGDOM_OUTDOOR,Theta,Temporal,0.9381244222341832,4
80.0,2025-10-30 13:50:30.453550100,PLANT_KINGDOM_OUTDOOR,Theta,Central,0.9745809796139537,3
80.0,2025-10-30 13:50:30.453550100,PLANT_KINGDOM_OUTDOOR,Theta,Parietal,0.8600158890770528,9
80.0,2025-10-30 13:50:30.453550100,PLANT_KINGDOM_OUTDOOR,Theta,Occipital,0.9854238455622167,5
80.0,2025-10-30 13:50:30.453550100,PLANT_KINGDOM_OUTDOOR,Alpha,Frontal,0.9910286828830238,11
80.0,2025-10-30 13:50:30.453550100,PLANT_KINGDOM_OUTDOOR,Alpha,Temporal,0.9504908970812332,4
80.0,2025-10-30 13:50:30.453550100,PLANT_KINGDOM_OUTDOOR,Alpha,Central,0.9702040324113759,3
80.0,2025-10-30 13:50:30.453550100,PLANT_KINGDOM_OUTDOOR,Alpha,Parietal,0.9498669618669477,9
80.0,2025-10-30 13:50:30.453550100,PLANT_KINGDOM_OUTDOOR,Alpha,Occipital,0.9737410607302422,5
80.0,2025-10-30 13:50:30.453550100,PLANT_KINGDOM_OUTDOOR,BetaL,Frontal,0.9890211428651898,11
80.0,2025-10-30 13:50:30.453550100,PLANT_KINGDOM_OUTDOOR,BetaL,Temporal,0.9339020001043039,4
80.0,2025-10-30 13:50:30.453550100,PLANT_KINGDOM_OUTDOOR,BetaL,Central,0.957156577689587,3
80.0,2025-10-30 13:50:30.453550100,PLANT_KINGDOM_OUTDOOR,BetaL,Parietal,0.9297371071292826,9
80.0,2025-10-30 13:50:30.453550100,PLANT_KINGDOM_OUTDOOR,BetaL,Occipital,0.9752596814829612,5
80.0,2025-10-30 13:50:30.453550100,PLANT_KINGDOM_OUTDOOR,BetaH,Frontal,0.9927181155161303,11
80.0,2025-10-30 13:50:30.453550100,PLANT_KINGDOM_OUTDOOR,BetaH,Temporal,0.9426999077553145,4
80.0,2025-10-30 13:50:30.453550100,PLANT_KINGDOM_OUTDOOR,BetaH,Central,0.9711229574442066,3
80.0,2025-10-30 13:50:30.453550100,PLANT_KINGDOM_OUTDOOR,BetaH,Parietal,0.9533955326930343,9
80.0,2025-10-30 13:50:30.453550100,PLANT_KINGDOM_OUTDOOR,BetaH,Occipital,0.9857724311402617,5
80.0,2025-10-30 13:50:30.453550100,PLANT_KINGDOM_OUTDOOR,Gamma,Frontal,0.9888199847741612,11
80.0,2025-10-30 13:50:30.453550100,PLANT_KINGDOM_OUTDOOR,Gamma,Temporal,0.8748499612346844,4
80.0,2025-10-30 13:50:30.453550100,PLANT_KINGDOM_OUTDOOR,Gamma,Central,0.9819860342317251,3
80.0,2025-10-30 13:50:30.453550100,PLANT_KINGDOM_OUTDOOR,Gamma,Parietal,0.9654671654051331,9
80.0,2025-10-30 13:50:30.453550100,PLANT_KINGDOM_OUTDOOR,Gamma,Occipital,0.9943503812635854,5
85.0,2025-10-30 13:50:35.452729940,PLANT_KINGDOM_OUTDOOR,Theta,Frontal,0.9898315602373656,11
85.0,2025-10-30 13:50:35.452729940,PLANT_KINGDOM_OUTDOOR,Theta,Temporal,0.9777097568957037,4
85.0,2025-10-30 13:50:35.452729940,PLANT_KINGDOM_OUTDOOR,Theta,Central,0.9751032512803542,3
85.0,2025-10-30 13:50:35.452729940,PLANT_KINGDOM_OUTDOOR,Theta,Parietal,0.9786373271764236,9
85.0,2025-10-30 13:50:35.452729940,PLANT_KINGDOM_OUTDOOR,Theta,Occipital,0.9888857607167999,5
85.0,2025-10-30 13:50:35.452729940,PLANT_KINGDOM_OUTDOOR,Alpha,Frontal,0.9868482455386653,11
85.0,2025-10-30 13:50:35.452729940,PLANT_KINGDOM_OUTDOOR,Alpha,Temporal,0.9316140978600032,4
85.0,2025-10-30 13:50:35.452729940,PLANT_KINGDOM_OUTDOOR,Alpha,Central,0.959142179787761,3
85.0,2025-10-30 13:50:35.452729940,PLANT_KINGDOM_OUTDOOR,Alpha,Parietal,0.9307624293319698,9
85.0,2025-10-30 13:50:35.452729940,PLANT_KINGDOM_OUTDOOR,Alpha,Occipital,0.9477544599580312,5
85.0,2025-10-30 13:50:35.452729940,PLANT_KINGDOM_OUTDOOR,BetaL,Frontal,0.9932402671880673,11
85.0,2025-10-30 13:50:35.452729940,PLANT_KINGDOM_OUTDOOR,BetaL,Temporal,0.9385331422150459,4
85.0,2025-10-30 13:50:35.452729940,PLANT_KINGDOM_OUTDOOR,BetaL,Central,0.9732203629270423,3
85.0,2025-10-30 13:50:35.452729940,PLANT_KINGDOM_OUTDOOR,BetaL,Parietal,0.9533321008163268,9
85.0,2025-10-30 13:50:35.452729940,PLANT_KINGDOM_OUTDOOR,BetaL,Occipital,0.97532293753785,5
85.0,2025-10-30 13:50:35.452729940,PLANT_KINGDOM_OUTDOOR,BetaH,Frontal,0.993952091585632,11
85.0,2025-10-30 13:50:35.452729940,PLANT_KINGDOM_OUTDOOR,BetaH,Temporal,0.9456687403103806,4
85.0,2025-10-30 13:50:35.452729940,PLANT_KINGDOM_OUTDOOR,BetaH,Central,0.9789270588516468,3
85.0,2025-10-30 13:50:35.452729940,PLANT_KINGDOM_OUTDOOR,BetaH,Parietal,0.9711492678652667,9
85.0,2025-10-30 13:50:35.452729940,PLANT_KINGDOM_OUTDOOR,BetaH,Occipital,0.984558670974969,5
85.0,2025-10-30 13:50:35.452729940,PLANT_KINGDOM_OUTDOOR,Gamma,Frontal,0.9866000981970232,11
85.0,2025-10-30 13:50:35.452729940,PLANT_KINGDOM_OUTDOOR,Gamma,Temporal,0.861835991752106,4
85.0,2025-10-30 13:50:35.452729940,PLANT_KINGDOM_OUTDOOR,Gamma,Central,0.9751242512020964,3
85.0,2025-10-30 13:50:35.452729940,PLANT_KINGDOM_OUTDOOR,Gamma,Parietal,0.9624365100525053,9
85.0,2025-10-30 13:50:35.452729940,PLANT_KINGDOM_OUTDOOR,Gamma,Occipital,0.997587510762928,5
90.0,2025-10-30 13:50:40.452409983,PLANT_KINGDOM_OUTDOOR,Theta,Frontal,0.9869659266246356,11
90.0,2025-10-30 13:50:40.452409983,PLANT_KINGDOM_OUTDOOR,Theta,Temporal,0.945918048585166,4
90.0,2025-10-30 13:50:40.452409983,PLANT_KINGDOM_OUTDOOR,Theta,Central,0.9659068274029746,3
90.0,2025-10-30 13:50:40.452409983,PLANT_KINGDOM_OUTDOOR,Theta,Parietal,0.9774815691550943,9
90.0,2025-10-30 13:50:40.452409983,PLANT_KINGDOM_OUTDOOR,Theta,Occipital,0.9830502682648237,5
90.0,2025-10-30 13:50:40.452409983,PLANT_KINGDOM_OUTDOOR,Alpha,Frontal,0.9856967516555316,11
90.0,2025-10-30 13:50:40.452409983,PLANT_KINGDOM_OUTDOOR,Alpha,Temporal,0.8909234872210543,4
90.0,2025-10-30 13:50:40.452409983,PLANT_KINGDOM_OUTDOOR,Alpha,Central,0.9616075984028237,3
90.0,2025-10-30 13:50:40.452409983,PLANT_KINGDOM_OUTDOOR,Alpha,Parietal,0.9396129745945904,9
90.0,2025-10-30 13:50:40.452409983,PLANT_KINGDOM_OUTDOOR,Alpha,Occipital,0.9539546779068657,5
90.0,2025-10-30 13:50:40.452409983,PLANT_KINGDOM_OUTDOOR,BetaL,Frontal,0.99603929463841,11
90.0,2025-10-30 13:50:40.452409983,PLANT_KINGDOM_OUTDOOR,BetaL,Temporal,0.9464035269766976,4
90.0,2025-10-30 13:50:40.452409983,PLANT_KINGDOM_OUTDOOR,BetaL,Central,0.9818071460795452,3
90.0,2025-10-30 13:50:40.452409983,PLANT_KINGDOM_OUTDOOR,BetaL,Parietal,0.9673135770404557,9
90.0,2025-10-30 13:50:40.452409983,PLANT_KINGDOM_OUTDOOR,BetaL,Occipital,0.9726338017187237,5
90.0,2025-10-30 13:50:40.452409983,PLANT_KINGDOM_OUTDOOR,BetaH,Frontal,0.9934164709529049,11
90.0,2025-10-30 13:50:40.452409983,PLANT_KINGDOM_OUTDOOR,BetaH,Temporal,0.9442210980992752,4
90.0,2025-10-30 13:50:40.452409983,PLANT_KINGDOM_OUTDOOR,BetaH,Central,0.9807234081981501,3
90.0,2025-10-30 13:50:40.452409983,PLANT_KINGDOM_OUTDOOR,BetaH,Parietal,0.9774230760382785,9
90.0,2025-10-30 13:50:40.452409983,PLANT_KINGDOM_OUTDOOR,BetaH,Occipital,0.9903450349817738,5
90.0,2025-10-30 13:50:40.452409983,PLANT_KINGDOM_OUTDOOR,Gamma,Frontal,0.9855417373054508,11
90.0,2025-10-30 13:50:40.452409983,PLANT_KINGDOM_OUTDOOR,Gamma,Temporal,0.8653947887570917,4
90.0,2025-10-30 13:50:40.452409983,PLANT_KINGDOM_OUTDOOR,Gamma,Central,0.9758709881200528,3
90.0,2025-10-30 13:50:40.452409983,PLANT_KINGDOM_OUTDOOR,Gamma,Parietal,0.9552540081012851,9
90.0,2025-10-30 13:50:40.452409983,PLANT_KINGDOM_OUTDOOR,Gamma,Occipital,0.9996009268888637,5
95.0,2025-10-30 13:50:45.452300072,PLANT_KINGDOM_OUTDOOR,Theta,Frontal,0.9783079823974846,11
95.0,2025-10-30 13:50:45.452300072,PLANT_KINGDOM_OUTDOOR,Theta,Temporal,0.8869842283124023,4
95.0,2025-10-30 13:50:45.452300072,PLANT_KINGDOM_OUTDOOR,Theta,Central,0.9579673414671602,3
95.0,2025-10-30 13:50:45.452300072,PLANT_KINGDOM_OUTDOOR,Theta,Parietal,0.9619676416960996,9
95.0,2025-10-30 13:50:45.452300072,PLANT_KINGDOM_OUTDOOR,Theta,Occipital,0.9814868930710308,5
95.0,2025-10-30 13:50:45.452300072,PLANT_KINGDOM_OUTDOOR,Alpha,Frontal,0.9872971104014417,11
95.0,2025-10-30 13:50:45.452300072,PLANT_KINGDOM_OUTDOOR,Alpha,Temporal,0.883081080098589,4
95.0,2025-10-30 13:50:45.452300072,PLANT_KINGDOM_OUTDOOR,Alpha,Central,0.9729866051035319,3
95.0,2025-10-30 13:50:45.452300072,PLANT_KINGDOM_OUTDOOR,Alpha,Parietal,0.962423690007216,9
95.0,2025-10-30 13:50:45.452300072,PLANT_KINGDOM_OUTDOOR,Alpha,Occipital,0.964455024074976,5
95.0,2025-10-30 13:50:45.452300072,PLANT_KINGDOM_OUTDOOR,BetaL,Frontal,0.9935825001360725,11
95.0,2025-10-30 13:50:45.452300072,PLANT_KINGDOM_OUTDOOR,BetaL,Temporal,0.9626877827310983,4
95.0,2025-10-30 13:50:45.452300072,PLANT_KINGDOM_OUTDOOR,BetaL,Central,0.9667032399338854,3
95.0,2025-10-30 13:50:45.452300072,PLANT_KINGDOM_OUTDOOR,BetaL,Parietal,0.959776279603387,9
95.0,2025-10-30 13:50:45.452300072,PLANT_KINGDOM_OUTDOOR,BetaL,Occipital,0.9648771953110044,5
95.0,2025-10-30 13:50:45.452300072,PLANT_KINGDOM_OUTDOOR,BetaH,Frontal,0.9897142387822274,11
95.0,2025-10-30 13:50:45.452300072,PLANT_KINGDOM_OUTDOOR,BetaH,Temporal,0.9306838203390179,4
95.0,2025-10-30 13:50:45.452300072,PLANT_KINGDOM_OUTDOOR,BetaH,Central,0.9747120919982489,3
95.0,2025-10-30 13:50:45.452300072,PLANT_KINGDOM_OUTDOOR,BetaH,Parietal,0.9728352307261197,9
95.0,2025-10-30 13:50:45.452300072,PLANT_KINGDOM_OUTDOOR,BetaH,Occipital,0.9896648885304865,5
95.0,2025-10-30 13:50:45.452300072,PLANT_KINGDOM_OUTDOOR,Gamma,Frontal,0.9895844688760864,11
95.0,2025-10-30 13:50:45.452300072,PLANT_KINGDOM_OUTDOOR,Gamma,Temporal,0.8806467448512417,4
95.0,2025-10-30 13:50:45.452300072,PLANT_KINGDOM_OUTDOOR,Gamma,Central,0.9825307183870341,3
95.0,2025-10-30 13:50:45.452300072,PLANT_KINGDOM_OUTDOOR,Gamma,Parietal,0.9617265151014338,9
95.0,2025-10-30 13:50:45.452300072,PLANT_KINGDOM_OUTDOOR,Gamma,Occipital,0.9989221184184615,5
100.0,2025-10-30 13:50:50.451280117,PLANT_KINGDOM_OUTDOOR,Theta,Frontal,0.9791531114159387,11
100.0,2025-10-30 13:50:50.451280117,PLANT_KINGDOM_OUTDOOR,Theta,Temporal,0.8902507376447469,4
100.0,2025-10-30 13:50:50.451280117,PLANT_KINGDOM_OUTDOOR,Theta,Central,0.9563419220768843,3
100.0,2025-10-30 13:50:50.451280117,PLANT_KINGDOM_OUTDOOR,Theta,Parietal,0.9561051503971664,9
100.0,2025-10-30 13:50:50.451280117,PLANT_KINGDOM_OUTDOOR,Theta,Occipital,0.9819221767276005,5
100.0,2025-10-30 13:50:50.451280117,PLANT_KINGDOM_OUTDOOR,Alpha,Frontal,0.9910741909034676,11
100.0,2025-10-30 13:50:50.451280117,PLANT_KINGDOM_OUTDOOR,Alpha,Temporal,0.9200413214402428,4
100.0,2025-10-30 13:50:50.451280117,PLANT_KINGDOM_OUTDOOR,Alpha,Central,0.9818002618286817,3
100.0,2025-10-30 13:50:50.451280117,PLANT_KINGDOM_OUTDOOR,Alpha,Parietal,0.9323834376208249,9
100.0,2025-10-30 13:50:50.451280117,PLANT_KINGDOM_OUTDOOR,Alpha,Occipital,0.9324240010638432,5
100.0,2025-10-30 13:50:50.451280117,PLANT_KINGDOM_OUTDOOR,BetaL,Frontal,0.9920903771572267,11
100.0,2025-10-30 13:50:50.451280117,PLANT_KINGDOM_OUTDOOR,BetaL,Temporal,0.96145835067158,4
100.0,2025-10-30 13:50:50.451280117,PLANT_KINGDOM_OUTDOOR,BetaL,Central,0.9620309070057215,3
100.0,2025-10-30 13:50:50.451280117,PLANT_KINGDOM_OUTDOOR,BetaL,Parietal,0.9616196470689524,9
100.0,2025-10-30 13:50:50.451280117,PLANT_KINGDOM_OUTDOOR,BetaL,Occipital,0.9780999680885999,5
100.0,2025-10-30 13:50:50.451280117,PLANT_KINGDOM_OUTDOOR,BetaH,Frontal,0.9896494191250476,11
100.0,2025-10-30 13:50:50.451280117,PLANT_KINGDOM_OUTDOOR,BetaH,Temporal,0.9268230074684793,4
100.0,2025-10-30 13:50:50.451280117,PLANT_KINGDOM_OUTDOOR,BetaH,Central,0.9742371039667805,3
100.0,2025-10-30 13:50:50.451280117,PLANT_KINGDOM_OUTDOOR,BetaH,Parietal,0.960264316954413,9
100.0,2025-10-30 13:50:50.451280117,PLANT_KINGDOM_OUTDOOR,BetaH,Occipital,0.9856462854963971,5
100.0,2025-10-30 13:50:50.451280117,PLANT_KINGDOM_OUTDOOR,Gamma,Frontal,0.9909832990901201,11
100.0,2025-10-30 13:50:50.451280117,PLANT_KINGDOM_OUTDOOR,Gamma,Temporal,0.9047999344858729,4
100.0,2025-10-30 13:50:50.451280117,PLANT_KINGDOM_OUTDOOR,Gamma,Central,0.9820738570234381,3
100.0,2025-10-30 13:50:50.451280117,PLANT_KINGDOM_OUTDOOR,Gamma,Parietal,0.9599157224706732,9
100.0,2025-10-30 13:50:50.451280117,PLANT_KINGDOM_OUTDOOR,Gamma,Occipital,0.9993803992773707,5
105.0,2025-10-30 13:50:55.450670004,PLANT_KINGDOM_OUTDOOR,Theta,Frontal,0.9790896033442377,11
105.0,2025-10-30 13:50:55.450670004,PLANT_KINGDOM_OUTDOOR,Theta,Temporal,0.892754413993821,4
105.0,2025-10-30 13:50:55.450670004,PLANT_KINGDOM_OUTDOOR,Theta,Central,0.9534067434661069,3
105.0,2025-10-30 13:50:55.450670004,PLANT_KINGDOM_OUTDOOR,Theta,Parietal,0.9520824526260295,9
105.0,2025-10-30 13:50:55.450670004,PLANT_KINGDOM_OUTDOOR,Theta,Occipital,0.9794896303271466,5
105.0,2025-10-30 13:50:55.450670004,PLANT_KINGDOM_OUTDOOR,Alpha,Frontal,0.9910005275499008,11
105.0,2025-10-30 13:50:55.450670004,PLANT_KINGDOM_OUTDOOR,Alpha,Temporal,0.921975234109621,4
105.0,2025-10-30 13:50:55.450670004,PLANT_KINGDOM_OUTDOOR,Alpha,Central,0.966431375865777,3
105.0,2025-10-30 13:50:55.450670004,PLANT_KINGDOM_OUTDOOR,Alpha,Parietal,0.9380790247985846,9
105.0,2025-10-30 13:50:55.450670004,PLANT_KINGDOM_OUTDOOR,Alpha,Occipital,0.9282924945981593,5
105.0,2025-10-30 13:50:55.450670004,PLANT_KINGDOM_OUTDOOR,BetaL,Frontal,0.9909506522070137,11
105.0,2025-10-30 13:50:55.450670004,PLANT_KINGDOM_OUTDOOR,BetaL,Temporal,0.9353545626390157,4
105.0,2025-10-30 13:50:55.450670004,PLANT_KINGDOM_OUTDOOR,BetaL,Central,0.9727162113305853,3
105.0,2025-10-30 13:50:55.450670004,PLANT_KINGDOM_OUTDOOR,BetaL,Parietal,0.965015776033473,9
105.0,2025-10-30 13:50:55.450670004,PLANT_KINGDOM_OUTDOOR,BetaL,Occipital,0.9800496423628502,5
105.0,2025-10-30 13:50:55.450670004,PLANT_KINGDOM_OUTDOOR,BetaH,Frontal,0.9879216923724718,11
105.0,2025-10-30 13:50:55.450670004,PLANT_KINGDOM_OUTDOOR,BetaH,Temporal,0.9240264138482301,4
105.0,2025-10-30 13:50:55.450670004,PLANT_KINGDOM_OUTDOOR,BetaH,Central,0.9679586168286877,3
105.0,2025-10-30 13:50:55.450670004,PLANT_KINGDOM_OUTDOOR,BetaH,Parietal,0.9523901490525868,9
105.0,2025-10-30 13:50:55.450670004,PLANT_KINGDOM_OUTDOOR,BetaH,Occipital,0.9861292648203925,5
105.0,2025-10-30 13:50:55.450670004,PLANT_KINGDOM_OUTDOOR,Gamma,Frontal,0.9871599264093387,11
105.0,2025-10-30 13:50:55.450670004,PLANT_KINGDOM_OUTDOOR,Gamma,Temporal,0.8830825877796822,4
105.0,2025-10-30 13:50:55.450670004,PLANT_KINGDOM_OUTDOOR,Gamma,Central,0.982990483927419,3
105.0,2025-10-30 13:50:55.450670004,PLANT_KINGDOM_OUTDOOR,Gamma,Parietal,0.9618090161348327,9
105.0,2025-10-30 13:50:55.450670004,PLANT_KINGDOM_OUTDOOR,Gamma,Occipital,0.9992382928228541,5
110.0,2025-10-30 13:51:00.450449944,PLANT_KINGDOM_OUTDOOR,Theta,Frontal,0.9736525141571374,11
110.0,2025-10-30 13:51:00.450449944,PLANT_KINGDOM_OUTDOOR,Theta,Temporal,0.889959489480454,4
110.0,2025-10-30 13:51:00.450449944,PLANT_KINGDOM_OUTDOOR,Theta,Central,0.9450479277620017,3
110.0,2025-10-30 13:51:00.450449944,PLANT_KINGDOM_OUTDOOR,Theta,Parietal,0.9430918645388103,9
110.0,2025-10-30 13:51:00.450449944,PLANT_KINGDOM_OUTDOOR,Theta,Occipital,0.9766517061299429,5
110.0,2025-10-30 13:51:00.450449944,PLANT_KINGDOM_OUTDOOR,Alpha,Frontal,0.9876136363733887,11
110.0,2025-10-30 13:51:00.450449944,PLANT_KINGDOM_OUTDOOR,Alpha,Temporal,0.9000993310667149,4
110.0,2025-10-30 13:51:00.450449944,PLANT_KINGDOM_OUTDOOR,Alpha,Central,0.9575454875574996,3
110.0,2025-10-30 13:51:00.450449944,PLANT_KINGDOM_OUTDOOR,Alpha,Parietal,0.9579142100030472,9
110.0,2025-10-30 13:51:00.450449944,PLANT_KINGDOM_OUTDOOR,Alpha,Occipital,0.9668140045951206,5
110.0,2025-10-30 13:51:00.450449944,PLANT_KINGDOM_OUTDOOR,BetaL,Frontal,0.9894202255475629,11
110.0,2025-10-30 13:51:00.450449944,PLANT_KINGDOM_OUTDOOR,BetaL,Temporal,0.9203721021918242,4
110.0,2025-10-30 13:51:00.450449944,PLANT_KINGDOM_OUTDOOR,BetaL,Central,0.9755677628763751,3
110.0,2025-10-30 13:51:00.450449944,PLANT_KINGDOM_OUTDOOR,BetaL,Parietal,0.957036837472022,9
110.0,2025-10-30 13:51:00.450449944,PLANT_KINGDOM_OUTDOOR,BetaL,Occipital,0.9718237262485274,5
110.0,2025-10-30 13:51:00.450449944,PLANT_KINGDOM_OUTDOOR,BetaH,Frontal,0.9907473910047208,11
110.0,2025-10-30 13:51:00.450449944,PLANT_KINGDOM_OUTDOOR,BetaH,Temporal,0.9180939752506019,4
110.0,2025-10-30 13:51:00.450449944,PLANT_KINGDOM_OUTDOOR,BetaH,Central,0.968807507707272,3
110.0,2025-10-30 13:51:00.450449944,PLANT_KINGDOM_OUTDOOR,BetaH,Parietal,0.9615331305316469,9
110.0,2025-10-30 13:51:00.450449944,PLANT_KINGDOM_OUTDOOR,BetaH,Occipital,0.9859678172760925,5
110.0,2025-10-30 13:51:00.450449944,PLANT_KINGDOM_OUTDOOR,Gamma,Frontal,0.9830294403526262,11
110.0,2025-10-30 13:51:00.450449944,PLANT_KINGDOM_OUTDOOR,Gamma,Temporal,0.8789591116702336,4
110.0,2025-10-30 13:51:00.450449944,PLANT_KINGDOM_OUTDOOR,Gamma,Central,0.9825087395728096,3
110.0,2025-10-30 13:51:00.450449944,PLANT_KINGDOM_OUTDOOR,Gamma,Parietal,0.9702251578202454,9
110.0,2025-10-30 13:51:00.450449944,PLANT_KINGDOM_OUTDOOR,Gamma,Occipital,0.9971623845448925,5
115.0,2025-10-30 13:51:05.450040102,PLANT_KINGDOM_OUTDOOR,Theta,Frontal,0.9824570647436823,11
115.0,2025-10-30 13:51:05.450040102,PLANT_KINGDOM_OUTDOOR,Theta,Temporal,0.9105185768194209,4
115.0,2025-10-30 13:51:05.450040102,PLANT_KINGDOM_OUTDOOR,Theta,Central,0.9506338395643693,3
115.0,2025-10-30 13:51:05.450040102,PLANT_KINGDOM_OUTDOOR,Theta,Parietal,0.9517706359945802,9
115.0,2025-10-30 13:51:05.450040102,PLANT_KINGDOM_OUTDOOR,Theta,Occipital,0.9704894550265085,5
115.0,2025-10-30 13:51:05.450040102,PLANT_KINGDOM_OUTDOOR,Alpha,Frontal,0.9886008415084082,11
115.0,2025-10-30 13:51:05.450040102,PLANT_KINGDOM_OUTDOOR,Alpha,Temporal,0.918113679928916,4
115.0,2025-10-30 13:51:05.450040102,PLANT_KINGDOM_OUTDOOR,Alpha,Central,0.9663546684607761,3
115.0,2025-10-30 13:51:05.450040102,PLANT_KINGDOM_OUTDOOR,Alpha,Parietal,0.9525162677990888,9
115.0,2025-10-30 13:51:05.450040102,PLANT_KINGDOM_OUTDOOR,Alpha,Occipital,0.9622734057014652,5
115.0,2025-10-30 13:51:05.450040102,PLANT_KINGDOM_OUTDOOR,BetaL,Frontal,0.9904762516478292,11
115.0,2025-10-30 13:51:05.450040102,PLANT_KINGDOM_OUTDOOR,BetaL,Temporal,0.9261342717908804,4
115.0,2025-10-30 13:51:05.450040102,PLANT_KINGDOM_OUTDOOR,BetaL,Central,0.9763948729881796,3
115.0,2025-10-30 13:51:05.450040102,PLANT_KINGDOM_OUTDOOR,BetaL,Parietal,0.9655118552513167,9
115.0,2025-10-30 13:51:05.450040102,PLANT_KINGDOM_OUTDOOR,BetaL,Occipital,0.9786820530635526,5
115.0,2025-10-30 13:51:05.450040102,PLANT_KINGDOM_OUTDOOR,BetaH,Frontal,0.9913680468397071,11
115.0,2025-10-30 13:51:05.450040102,PLANT_KINGDOM_OUTDOOR,BetaH,Temporal,0.8892116534070247,4
115.0,2025-10-30 13:51:05.450040102,PLANT_KINGDOM_OUTDOOR,BetaH,Central,0.9716026727461976,3
115.0,2025-10-30 13:51:05.450040102,PLANT_KINGDOM_OUTDOOR,BetaH,Parietal,0.9645055418138924,9
115.0,2025-10-30 13:51:05.450040102,PLANT_KINGDOM_OUTDOOR,BetaH,Occipital,0.987166506628011,5
115.0,2025-10-30 13:51:05.450040102,PLANT_KINGDOM_OUTDOOR,Gamma,Frontal,0.9854334917456614,11
115.0,2025-10-30 13:51:05.450040102,PLANT_KINGDOM_OUTDOOR,Gamma,Temporal,0.8861095619381367,4
115.0,2025-10-30 13:51:05.450040102,PLANT_KINGDOM_OUTDOOR,Gamma,Central,0.9768575206992879,3
115.0,2025-10-30 13:51:05.450040102,PLANT_KINGDOM_OUTDOOR,Gamma,Parietal,0.9682786424913064,9
115.0,2025-10-30 13:51:05.450040102,PLANT_KINGDOM_OUTDOOR,Gamma,Occipital,0.9962759626568389,5
120.0,2025-10-30 13:51:10.449630022,PLANT_KINGDOM_OUTDOOR,Theta,Frontal,0.9914786578608141,11
120.0,2025-10-30 13:51:10.449630022,PLANT_KINGDOM_OUTDOOR,Theta,Temporal,0.9460538335469442,4
120.0,2025-10-30 13:51:10.449630022,PLANT_KINGDOM_OUTDOOR,Theta,Central,0.9637490583126372,3
120.0,2025-10-30 13:51:10.449630022,PLANT_KINGDOM_OUTDOOR,Theta,Parietal,0.9741095676636804,9
120.0,2025-10-30 13:51:10.449630022,PLANT_KINGDOM_OUTDOOR,Theta,Occipital,0.980430909527375,5
120.0,2025-10-30 13:51:10.449630022,PLANT_KINGDOM_OUTDOOR,Alpha,Frontal,0.9908887483178173,11
120.0,2025-10-30 13:51:10.449630022,PLANT_KINGDOM_OUTDOOR,Alpha,Temporal,0.9354191263271123,4
120.0,2025-10-30 13:51:10.449630022,PLANT_KINGDOM_OUTDOOR,Alpha,Central,0.9684978327044103,3
120.0,2025-10-30 13:51:10.449630022,PLANT_KINGDOM_OUTDOOR,Alpha,Parietal,0.9336521611865704,9
120.0,2025-10-30 13:51:10.449630022,PLANT_KINGDOM_OUTDOOR,Alpha,Occipital,0.9561170321484628,5
120.0,2025-10-30 13:51:10.449630022,PLANT_KINGDOM_OUTDOOR,BetaL,Frontal,0.9931540441713586,11
120.0,2025-10-30 13:51:10.449630022,PLANT_KINGDOM_OUTDOOR,BetaL,Temporal,0.914278848909294,4
120.0,2025-10-30 13:51:10.449630022,PLANT_KINGDOM_OUTDOOR,BetaL,Central,0.9786672534077493,3
120.0,2025-10-30 13:51:10.449630022,PLANT_KINGDOM_OUTDOOR,BetaL,Parietal,0.9606227801820421,9
120.0,2025-10-30 13:51:10.449630022,PLANT_KINGDOM_OUTDOOR,BetaL,Occipital,0.9844731960537414,5
120.0,2025-10-30 13:51:10.449630022,PLANT_KINGDOM_OUTDOOR,BetaH,Frontal,0.9907188414936913,11
120.0,2025-10-30 13:51:10.449630022,PLANT_KINGDOM_OUTDOOR,BetaH,Temporal,0.8925466133826984,4
120.0,2025-10-30 13:51:10.449630022,PLANT_KINGDOM_OUTDOOR,BetaH,Central,0.9734947034643995,3
120.0,2025-10-30 13:51:10.449630022,PLANT_KINGDOM_OUTDOOR,BetaH,Parietal,0.9625752168952934,9
120.0,2025-10-30 13:51:10.449630022,PLANT_KINGDOM_OUTDOOR,BetaH,Occipital,0.9844470671886245,5
120.0,2025-10-30 13:51:10.449630022,PLANT_KINGDOM_OUTDOOR,Gamma,Frontal,0.9881696498625265,11
120.0,2025-10-30 13:51:10.449630022,PLANT_KINGDOM_OUTDOOR,Gamma,Temporal,0.8868843244811988,4
120.0,2025-10-30 13:51:10.449630022,PLANT_KINGDOM_OUTDOOR,Gamma,Central,0.9743927486627867,3
120.0,2025-10-30 13:51:10.449630022,PLANT_KINGDOM_OUTDOOR,Gamma,Parietal,0.959834329903116,9
120.0,2025-10-30 13:51:10.449630022,PLANT_KINGDOM_OUTDOOR,Gamma,Occipital,0.999035124087809,5
125.0,2025-10-30 13:51:15.448909998,PLANT_KINGDOM_OUTDOOR,Theta,Frontal,0.9929019074107008,11
125.0,2025-10-30 13:51:15.448909998,PLANT_KINGDOM_OUTDOOR,Theta,Temporal,0.9670522303097439,4
125.0,2025-10-30 13:51:15.448909998,PLANT_KINGDOM_OUTDOOR,Theta,Central,0.9643290756583007,3
125.0,2025-10-30 13:51:15.448909998,PLANT_KINGDOM_OUTDOOR,Theta,Parietal,0.9685051540441527,9
125.0,2025-10-30 13:51:15.448909998,PLANT_KINGDOM_OUTDOOR,Theta,Occipital,0.9830588588053162,5
125.0,2025-10-30 13:51:15.448909998,PLANT_KINGDOM_OUTDOOR,Alpha,Frontal,0.9900093968280104,11
125.0,2025-10-30 13:51:15.448909998,PLANT_KINGDOM_OUTDOOR,Alpha,Temporal,0.9453328514380944,4
125.0,2025-10-30 13:51:15.448909998,PLANT_KINGDOM_OUTDOOR,Alpha,Central,0.9691817916600446,3
125.0,2025-10-30 13:51:15.448909998,PLANT_KINGDOM_OUTDOOR,Alpha,Parietal,0.8928380227081145,9
125.0,2025-10-30 13:51:15.448909998,PLANT_KINGDOM_OUTDOOR,Alpha,Occipital,0.9366975458222334,5
125.0,2025-10-30 13:51:15.448909998,PLANT_KINGDOM_OUTDOOR,BetaL,Frontal,0.9916083572287894,11
125.0,2025-10-30 13:51:15.448909998,PLANT_KINGDOM_OUTDOOR,BetaL,Temporal,0.9196984980990328,4
125.0,2025-10-30 13:51:15.448909998,PLANT_KINGDOM_OUTDOOR,BetaL,Central,0.9693959882497604,3
125.0,2025-10-30 13:51:15.448909998,PLANT_KINGDOM_OUTDOOR,BetaL,Parietal,0.9580289848680066,9
125.0,2025-10-30 13:51:15.448909998,PLANT_KINGDOM_OUTDOOR,BetaL,Occipital,0.9755288594458286,5
125.0,2025-10-30 13:51:15.448909998,PLANT_KINGDOM_OUTDOOR,BetaH,Frontal,0.9915930606027382,11
125.0,2025-10-30 13:51:15.448909998,PLANT_KINGDOM_OUTDOOR,BetaH,Temporal,0.9057741627131513,4
125.0,2025-10-30 13:51:15.448909998,PLANT_KINGDOM_OUTDOOR,BetaH,Central,0.9633023123245414,3
125.0,2025-10-30 13:51:15.448909998,PLANT_KINGDOM_OUTDOOR,BetaH,Parietal,0.9460659130836169,9
125.0,2025-10-30 13:51:15.448909998,PLANT_KINGDOM_OUTDOOR,BetaH,Occipital,0.9709996292878526,5
125.0,2025-10-30 13:51:15.448909998,PLANT_KINGDOM_OUTDOOR,Gamma,Frontal,0.987540528475844,11
125.0,2025-10-30 13:51:15.448909998,PLANT_KINGDOM_OUTDOOR,Gamma,Temporal,0.9117789966889597,4
125.0,2025-10-30 13:51:15.448909998,PLANT_KINGDOM_OUTDOOR,Gamma,Central,0.980980080912954,3
125.0,2025-10-30 13:51:15.448909998,PLANT_KINGDOM_OUTDOOR,Gamma,Parietal,0.9587488246985068,9
125.0,2025-10-30 13:51:15.448909998,PLANT_KINGDOM_OUTDOOR,Gamma,Occipital,0.999243708211126,5
130.0,2025-10-30 13:51:20.448299885,PLANT_KINGDOM_OUTDOOR,Theta,Frontal,0.9881952531006992,11
130.0,2025-10-30 13:51:20.448299885,PLANT_KINGDOM_OUTDOOR,Theta,Temporal,0.9698355001822059,4
130.0,2025-10-30 13:51:20.448299885,PLANT_KINGDOM_OUTDOOR,Theta,Central,0.9675754609181654,3
130.0,2025-10-30 13:51:20.448299885,PLANT_KINGDOM_OUTDOOR,Theta,Parietal,0.9646373275623711,9
130.0,2025-10-30 13:51:20.448299885,PLANT_KINGDOM_OUTDOOR,Theta,Occipital,0.9818678205045417,5
130.0,2025-10-30 13:51:20.448299885,PLANT_KINGDOM_OUTDOOR,Alpha,Frontal,0.9878499445570448,11
130.0,2025-10-30 13:51:20.448299885,PLANT_KINGDOM_OUTDOOR,Alpha,Temporal,0.9279119100225488,4
130.0,2025-10-30 13:51:20.448299885,PLANT_KINGDOM_OUTDOOR,Alpha,Central,0.9677454468014978,3
130.0,2025-10-30 13:51:20.448299885,PLANT_KINGDOM_OUTDOOR,Alpha,Parietal,0.8729889970036341,9
130.0,2025-10-30 13:51:20.448299885,PLANT_KINGDOM_OUTDOOR,Alpha,Occipital,0.9274490552428375,5
130.0,2025-10-30 13:51:20.448299885,PLANT_KINGDOM_OUTDOOR,BetaL,Frontal,0.9892629035437498,11
130.0,2025-10-30 13:51:20.448299885,PLANT_KINGDOM_OUTDOOR,BetaL,Temporal,0.9323235749658367,4
130.0,2025-10-30 13:51:20.448299885,PLANT_KINGDOM_OUTDOOR,BetaL,Central,0.9678820465846935,3
130.0,2025-10-30 13:51:20.448299885,PLANT_KINGDOM_OUTDOOR,BetaL,Parietal,0.9635738851220642,9
130.0,2025-10-30 13:51:20.448299885,PLANT_KINGDOM_OUTDOOR,BetaL,Occipital,0.9711186037738971,5
130.0,2025-10-30 13:51:20.448299885,PLANT_KINGDOM_OUTDOOR,BetaH,Frontal,0.9900913628631813,11
130.0,2025-10-30 13:51:20.448299885,PLANT_KINGDOM_OUTDOOR,BetaH,Temporal,0.9014410936415038,4
130.0,2025-10-30 13:51:20.448299885,PLANT_KINGDOM_OUTDOOR,BetaH,Central,0.9639251728503666,3
130.0,2025-10-30 13:51:20.448299885,PLANT_KINGDOM_OUTDOOR,BetaH,Parietal,0.9401290572826394,9
130.0,2025-10-30 13:51:20.448299885,PLANT_KINGDOM_OUTDOOR,BetaH,Occipital,0.9666944297967502,5
130.0,2025-10-30 13:51:20.448299885,PLANT_KINGDOM_OUTDOOR,Gamma,Frontal,0.9863301582914766,11
130.0,2025-10-30 13:51:20.448299885,PLANT_KINGDOM_OUTDOOR,Gamma,Temporal,0.9210692094384101,4
130.0,2025-10-30 13:51:20.448299885,PLANT_KINGDOM_OUTDOOR,Gamma,Central,0.9845400898755087,3
130.0,2025-10-30 13:51:20.448299885,PLANT_KINGDOM_OUTDOOR,Gamma,Parietal,0.9635415810085429,9
130.0,2025-10-30 13:51:20.448299885,PLANT_KINGDOM_OUTDOOR,Gamma,Occipital,0.9986498384105961,5
135.0,2025-10-30 13:51:25.447779894,PLANT_KINGDOM_OUTDOOR,Theta,Frontal,0.9860713719646779,11
135.0,2025-10-30 13:51:25.447779894,PLANT_KINGDOM_OUTDOOR,Theta,Temporal,0.960086711562072,4
135.0,2025-10-30 13:51:25.447779894,PLANT_KINGDOM_OUTDOOR,Theta,Central,0.9715547494237711,3
135.0,2025-10-30 13:51:25.447779894,PLANT_KINGDOM_OUTDOOR,Theta,Parietal,0.9709074966931361,9
135.0,2025-10-30 13:51:25.447779894,PLANT_KINGDOM_OUTDOOR,Theta,Occipital,0.980059154568777,5
135.0,2025-10-30 13:51:25.447779894,PLANT_KINGDOM_OUTDOOR,Alpha,Frontal,0.9860265443877468,11
135.0,2025-10-30 13:51:25.447779894,PLANT_KINGDOM_OUTDOOR,Alpha,Temporal,0.9266995543410926,4
135.0,2025-10-30 13:51:25.447779894,PLANT_KINGDOM_OUTDOOR,Alpha,Central,0.9639016136146751,3
135.0,2025-10-30 13:51:25.447779894,PLANT_KINGDOM_OUTDOOR,Alpha,Parietal,0.8924399233049384,9
135.0,2025-10-30 13:51:25.447779894,PLANT_KINGDOM_OUTDOOR,Alpha,Occipital,0.9310982687993303,5
135.0,2025-10-30 13:51:25.447779894,PLANT_KINGDOM_OUTDOOR,BetaL,Frontal,0.9877333593872692,11
135.0,2025-10-30 13:51:25.447779894,PLANT_KINGDOM_OUTDOOR,BetaL,Temporal,0.9348219285770732,4
135.0,2025-10-30 13:51:25.447779894,PLANT_KINGDOM_OUTDOOR,BetaL,Central,0.9609801956120304,3
135.0,2025-10-30 13:51:25.447779894,PLANT_KINGDOM_OUTDOOR,BetaL,Parietal,0.9402953638959476,9
135.0,2025-10-30 13:51:25.447779894,PLANT_KINGDOM_OUTDOOR,BetaL,Occipital,0.9818959314011395,5
135.0,2025-10-30 13:51:25.447779894,PLANT_KINGDOM_OUTDOOR,BetaH,Frontal,0.9932120761853437,11
135.0,2025-10-30 13:51:25.447779894,PLANT_KINGDOM_OUTDOOR,BetaH,Temporal,0.9367688663652559,4
135.0,2025-10-30 13:51:25.447779894,PLANT_KINGDOM_OUTDOOR,BetaH,Central,0.9770159691378989,3
135.0,2025-10-30 13:51:25.447779894,PLANT_KINGDOM_OUTDOOR,BetaH,Parietal,0.965494439527349,9
135.0,2025-10-30 13:51:25.447779894,PLANT_KINGDOM_OUTDOOR,BetaH,Occipital,0.9767426772978046,5
135.0,2025-10-30 13:51:25.447779894,PLANT_KINGDOM_OUTDOOR,Gamma,Frontal,0.988599938425117,11
135.0,2025-10-30 13:51:25.447779894,PLANT_KINGDOM_OUTDOOR,Gamma,Temporal,0.9229515764097297,4
135.0,2025-10-30 13:51:25.447779894,PLANT_KINGDOM_OUTDOOR,Gamma,Central,0.9871527582546115,3
135.0,2025-10-30 13:51:25.447779894,PLANT_KINGDOM_OUTDOOR,Gamma,Parietal,0.9627539484075756,9
135.0,2025-10-30 13:51:25.447779894,PLANT_KINGDOM_OUTDOOR,Gamma,Occipital,0.999110751551833,5
