Session,Window,T0_sec,T1_sec,Tmid_sec,Channel,Exponent,Offset
PLANT_KINGDOM_INDOOR,0,0.0,20.0,10.0,Cz,1.244976999732469,2.2682012608348407
PLANT_KINGDOM_INDOOR,0,0.0,20.0,10.0,Fz,1.250999379807219,2.1651358655862945
PLANT_KINGDOM_INDOOR,0,0.0,20.0,10.0,Fp1,0.9198371471761925,1.7996961499978699
PLANT_KINGDOM_INDOOR,0,0.0,20.0,10.0,F7,0.9555929168163527,1.6447307374976368
PLANT_KINGDOM_INDOOR,0,0.0,20.0,10.0,F3,1.0811089273903922,1.9191233202979971
PLANT_KINGDOM_INDOOR,0,0.0,20.0,10.0,FC1,1.1575567647042406,1.9111448942561187
PLANT_KINGDOM_INDOOR,0,0.0,20.0,10.0,C3,1.2441063466444626,2.052417944108533
PLANT_KINGDOM_INDOOR,0,0.0,20.0,10.0,FC5,1.076672413921919,1.7979312685322926
PLANT_KINGDOM_INDOOR,0,0.0,20.0,10.0,FT9,1.095701931138521,1.3867356388506584
PLANT_KINGDOM_INDOOR,0,0.0,20.0,10.0,T7,0.9535014311785962,1.3879916507485757
PLANT_KINGDOM_INDOOR,0,0.0,20.0,10.0,CP5,1.181827071611161,1.850161542078832
PLANT_KINGDOM_INDOOR,0,0.0,20.0,10.0,CP1,1.340853807515067,2.0793595737850494
PLANT_KINGDOM_INDOOR,0,0.0,20.0,10.0,P3,1.2025086890500083,2.065077612418306
PLANT_KINGDOM_INDOOR,0,0.0,20.0,10.0,P7,1.0063279431723424,1.511341835579456
PLANT_KINGDOM_INDOOR,0,0.0,20.0,10.0,PO9,0.8315179071003655,1.2703149088075962
PLANT_KINGDOM_INDOOR,0,0.0,20.0,10.0,O1,0.9974393508762804,1.798116411155019
PLANT_KINGDOM_INDOOR,0,0.0,20.0,10.0,Pz,1.3362950637822981,2.2708914520410404
PLANT_KINGDOM_INDOOR,0,0.0,20.0,10.0,Oz,1.0276949419645602,1.8274536782376476
PLANT_KINGDOM_INDOOR,0,0.0,20.0,10.0,O2,1.02723997639293,1.8867721284027217
PLANT_KINGDOM_INDOOR,0,0.0,20.0,10.0,PO10,1.2380464438703631,1.952617650286148
PLANT_KINGDOM_INDOOR,0,0.0,20.0,10.0,P8,1.3910442558399005,2.3481769476034438
PLANT_KINGDOM_INDOOR,0,0.0,20.0,10.0,P4,1.3227601097952302,2.340056826167184
PLANT_KINGDOM_INDOOR,0,0.0,20.0,10.0,CP2,1.3368897710413132,2.2937913405101127
PLANT_KINGDOM_INDOOR,0,0.0,20.0,10.0,CP6,1.3768245575505171,2.3279979254359606
PLANT_KINGDOM_INDOOR,0,0.0,20.0,10.0,T8,1.4368829199960282,2.3304952878713725
PLANT_KINGDOM_INDOOR,0,0.0,20.0,10.0,FT10,1.3002333209718027,1.9622990153328557
PLANT_KINGDOM_INDOOR,0,0.0,20.0,10.0,FC6,1.2857183643745873,2.1895862052555004
PLANT_KINGDOM_INDOOR,0,0.0,20.0,10.0,C4,1.3339283670560602,2.3237164987684666
PLANT_KINGDOM_INDOOR,0,0.0,20.0,10.0,FC2,1.2126168102998571,1.7851023661074892
PLANT_KINGDOM_INDOOR,0,0.0,20.0,10.0,F4,1.2091696316803668,2.101663502166205
PLANT_KINGDOM_INDOOR,0,0.0,20.0,10.0,F8,1.233983131281678,2.0585959603093054
PLANT_KINGDOM_INDOOR,0,0.0,20.0,10.0,Fp2,0.9989593143801027,1.8947645788485223
PLANT_KINGDOM_INDOOR,1,5.0,25.0,15.0,Cz,1.2611154500266593,2.3295072207045573
PLANT_KINGDOM_INDOOR,1,5.0,25.0,15.0,Fz,1.2788626244987247,2.2540918031132
PLANT_KINGDOM_INDOOR,1,5.0,25.0,15.0,Fp1,1.0044003905706818,1.932869048532795
PLANT_KINGDOM_INDOOR,1,5.0,25.0,15.0,F7,1.0639680511518812,1.7890880756070724
PLANT_KINGDOM_INDOOR,1,5.0,25.0,15.0,F3,1.156841443367491,2.0550598800944964
PLANT_KINGDOM_INDOOR,1,5.0,25.0,15.0,FC1,1.2188547986461382,2.0312053364963107
PLANT_KINGDOM_INDOOR,1,5.0,25.0,15.0,C3,1.237893782451467,2.085498592734367
PLANT_KINGDOM_INDOOR,1,5.0,25.0,15.0,FC5,1.1035216438231048,1.8726822317681575
PLANT_KINGDOM_INDOOR,1,5.0,25.0,15.0,FT9,1.118295510302021,1.4129624650333585
PLANT_KINGDOM_INDOOR,1,5.0,25.0,15.0,T7,0.948883848631431,1.4073890323598814
PLANT_KINGDOM_INDOOR,1,5.0,25.0,15.0,CP5,1.1093213227215275,1.8076184758800937
PLANT_KINGDOM_INDOOR,1,5.0,25.0,15.0,CP1,1.3241233238567274,2.114156222662576
PLANT_KINGDOM_INDOOR,1,5.0,25.0,15.0,P3,1.1470255910012064,2.0633343398156843
PLANT_KINGDOM_INDOOR,1,5.0,25.0,15.0,P7,0.9983979242525767,1.570126658917077
PLANT_KINGDOM_INDOOR,1,5.0,25.0,15.0,PO9,0.9162963846577691,1.4492487700185808
PLANT_KINGDOM_INDOOR,1,5.0,25.0,15.0,O1,0.9956716789033732,1.8790349011987946
PLANT_KINGDOM_INDOOR,1,5.0,25.0,15.0,Pz,1.3189240850934425,2.3132096815048997
PLANT_KINGDOM_INDOOR,1,5.0,25.0,15.0,Oz,1.0555778067715138,1.9291752999091851
PLANT_KINGDOM_INDOOR,1,5.0,25.0,15.0,O2,1.061501105258202,1.9849809271610577
PLANT_KINGDOM_INDOOR,1,5.0,25.0,15.0,PO10,1.2610470688528306,2.025010221964023
PLANT_KINGDOM_INDOOR,1,5.0,25.0,15.0,P8,1.4426979608785155,2.4447387122594053
PLANT_KINGDOM_INDOOR,1,5.0,25.0,15.0,P4,1.3319836041713384,2.4056902271088876
PLANT_KINGDOM_INDOOR,1,5.0,25.0,15.0,CP2,1.3373212337664686,2.3460665006662764
PLANT_KINGDOM_INDOOR,1,5.0,25.0,15.0,CP6,1.373058186432542,2.3500070338658756
PLANT_KINGDOM_INDOOR,1,5.0,25.0,15.0,T8,1.4662234222001498,2.3785948502486676
PLANT_KINGDOM_INDOOR,1,5.0,25.0,15.0,FT10,1.381708014885304,2.0822736274610376
PLANT_KINGDOM_INDOOR,1,5.0,25.0,15.0,FC6,1.312722871447577,2.233936222036982
PLANT_KINGDOM_INDOOR,1,5.0,25.0,15.0,C4,1.3141668867750904,2.306916500578308
PLANT_KINGDOM_INDOOR,1,5.0,25.0,15.0,FC2,1.212350851250963,1.8227668888315727
PLANT_KINGDOM_INDOOR,1,5.0,25.0,15.0,F4,1.22680119909839,2.148053622912803
PLANT_KINGDOM_INDOOR,1,5.0,25.0,15.0,F8,1.3152820907168694,2.171023099198328
PLANT_KINGDOM_INDOOR,1,5.0,25.0,15.0,Fp2,1.0745925683533406,2.003606244686735
PLANT_KINGDOM_INDOOR,2,10.0,30.0,20.0,Cz,1.315525084682856,2.4190967057272252
PLANT_KINGDOM_INDOOR,2,10.0,30.0,20.0,Fz,1.379563160427866,2.397042159588239
PLANT_KINGDOM_INDOOR,2,10.0,30.0,20.0,Fp1,1.1358601291099697,2.0889786659360063
PLANT_KINGDOM_INDOOR,2,10.0,30.0,20.0,F7,1.1114227584110017,1.8568702918724955
PLANT_KINGDOM_INDOOR,2,10.0,30.0,20.0,F3,1.291615813920372,2.231616187913728
PLANT_KINGDOM_INDOOR,2,10.0,30.0,20.0,FC1,1.3225037338688548,2.1786443841204255
PLANT_KINGDOM_INDOOR,2,10.0,30.0,20.0,C3,1.2981227374124362,2.1721400253630554
PLANT_KINGDOM_INDOOR,2,10.0,30.0,20.0,FC5,1.169588656641945,1.9667531824473274
PLANT_KINGDOM_INDOOR,2,10.0,30.0,20.0,FT9,1.09205104382499,1.4158397058089405
PLANT_KINGDOM_INDOOR,2,10.0,30.0,20.0,T7,0.9952597424048328,1.4765655457777525
PLANT_KINGDOM_INDOOR,2,10.0,30.0,20.0,CP5,1.1566929997330786,1.8679743269708646
PLANT_KINGDOM_INDOOR,2,10.0,30.0,20.0,CP1,1.4021524188320713,2.2230894464598387
PLANT_KINGDOM_INDOOR,2,10.0,30.0,20.0,P3,1.25385901464226,2.1910131539907756
PLANT_KINGDOM_INDOOR,2,10.0,30.0,20.0,P7,1.0387308952414467,1.6080711626463264
PLANT_KINGDOM_INDOOR,2,10.0,30.0,20.0,PO9,0.9819433238246307,1.5033838419649757
PLANT_KINGDOM_INDOOR,2,10.0,30.0,20.0,O1,1.115500081596149,2.0074906650234783
PLANT_KINGDOM_INDOOR,2,10.0,30.0,20.0,Pz,1.3859934041979618,2.406030359078908
PLANT_KINGDOM_INDOOR,2,10.0,30.0,20.0,Oz,1.1623367618068854,2.056538421169441
PLANT_KINGDOM_INDOOR,2,10.0,30.0,20.0,O2,1.1368917237042921,2.0800155940322242
PLANT_KINGDOM_INDOOR,2,10.0,30.0,20.0,PO10,1.3077197341731763,2.099648909673446
PLANT_KINGDOM_INDOOR,2,10.0,30.0,20.0,P8,1.468389183673812,2.492584294114781
PLANT_KINGDOM_INDOOR,2,10.0,30.0,20.0,P4,1.3700162060133687,2.4618013557687988
PLANT_KINGDOM_INDOOR,2,10.0,30.0,20.0,CP2,1.4084203901634034,2.4470135493269054
PLANT_KINGDOM_INDOOR,2,10.0,30.0,20.0,CP6,1.396162202404786,2.392865163527612
PLANT_KINGDOM_INDOOR,2,10.0,30.0,20.0,T8,1.4380624852376238,2.3436799256997944
PLANT_KINGDOM_INDOOR,2,10.0,30.0,20.0,FT10,1.3342782881899478,2.0173903674055578
PLANT_KINGDOM_INDOOR,2,10.0,30.0,20.0,FC6,1.3396310279555197,2.281557737828054
PLANT_KINGDOM_INDOOR,2,10.0,30.0,20.0,C4,1.3444871846186675,2.377345940889901
PLANT_KINGDOM_INDOOR,2,10.0,30.0,20.0,FC2,1.307577813872907,1.9748084373501162
PLANT_KINGDOM_INDOOR,2,10.0,30.0,20.0,F4,1.292501303162661,2.24554727723616
PLANT_KINGDOM_INDOOR,2,10.0,30.0,20.0,F8,1.2837850054194164,2.1391500986312577
PLANT_KINGDOM_INDOOR,2,10.0,30.0,20.0,Fp2,1.150826341950527,2.0961902230981884
PLANT_KINGDOM_INDOOR,3,15.0,35.0,25.0,Cz,1.336099283601848,2.4322054304940632
PLANT_KINGDOM_INDOOR,3,15.0,35.0,25.0,Fz,1.3902329933854194,2.4030850963348755
PLANT_KINGDOM_INDOOR,3,15.0,35.0,25.0,Fp1,1.02131912634768,1.9127861264426256
PLANT_KINGDOM_INDOOR,3,15.0,35.0,25.0,F7,1.0903497604006558,1.803733214537191
PLANT_KINGDOM_INDOOR,3,15.0,35.0,25.0,F3,1.2765284854638053,2.191342168407052
PLANT_KINGDOM_INDOOR,3,15.0,35.0,25.0,FC1,1.320623463343711,2.168187311297489
PLANT_KINGDOM_INDOOR,3,15.0,35.0,25.0,C3,1.3369803665665778,2.207609775202857
PLANT_KINGDOM_INDOOR,3,15.0,35.0,25.0,FC5,1.1978904472970018,1.9751294525188878
PLANT_KINGDOM_INDOOR,3,15.0,35.0,25.0,FT9,1.1049216506974813,1.406807997037617
PLANT_KINGDOM_INDOOR,3,15.0,35.0,25.0,T7,1.0700610828433552,1.537695386071571
PLANT_KINGDOM_INDOOR,3,15.0,35.0,25.0,CP5,1.2015859257473551,1.9142365104984518
PLANT_KINGDOM_INDOOR,3,15.0,35.0,25.0,CP1,1.4454641752900064,2.270400608436451
PLANT_KINGDOM_INDOOR,3,15.0,35.0,25.0,P3,1.3239803404854413,2.276675508536266
PLANT_KINGDOM_INDOOR,3,15.0,35.0,25.0,P7,1.0670745014999816,1.63996125448362
PLANT_KINGDOM_INDOOR,3,15.0,35.0,25.0,PO9,1.0303584486626278,1.5605897457667872
PLANT_KINGDOM_INDOOR,3,15.0,35.0,25.0,O1,1.1624680291842735,2.0686865590586234
PLANT_KINGDOM_INDOOR,3,15.0,35.0,25.0,Pz,1.4285803040744813,2.4562629429887988
PLANT_KINGDOM_INDOOR,3,15.0,35.0,25.0,Oz,1.1864390934741842,2.0852647456051994
PLANT_KINGDOM_INDOOR,3,15.0,35.0,25.0,O2,1.1355821962987478,2.0667863999259524
PLANT_KINGDOM_INDOOR,3,15.0,35.0,25.0,PO10,1.2865662592222957,2.059783493754324
PLANT_KINGDOM_INDOOR,3,15.0,35.0,25.0,P8,1.4384931641564447,2.431504188651647
PLANT_KINGDOM_INDOOR,3,15.0,35.0,25.0,P4,1.4059423786970906,2.4926250998338366
PLANT_KINGDOM_INDOOR,3,15.0,35.0,25.0,CP2,1.4412048404933877,2.4849201182945944
PLANT_KINGDOM_INDOOR,3,15.0,35.0,25.0,CP6,1.3926217954500295,2.380900467808594
PLANT_KINGDOM_INDOOR,3,15.0,35.0,25.0,T8,1.4768301589153454,2.3754157915556817
PLANT_KINGDOM_INDOOR,3,15.0,35.0,25.0,FT10,1.348338684488814,2.0184462370809233
PLANT_KINGDOM_INDOOR,3,15.0,35.0,25.0,FC6,1.3384456468430832,2.277152946283304
PLANT_KINGDOM_INDOOR,3,15.0,35.0,25.0,C4,1.3383610652936646,2.3729693929893236
PLANT_KINGDOM_INDOOR,3,15.0,35.0,25.0,FC2,1.3228706932091396,1.988692050896907
PLANT_KINGDOM_INDOOR,3,15.0,35.0,25.0,F4,1.3026404328007064,2.2449363791471266
PLANT_KINGDOM_INDOOR,3,15.0,35.0,25.0,F8,1.3160334845023343,2.1681263188993847
PLANT_KINGDOM_INDOOR,3,15.0,35.0,25.0,Fp2,1.1116309552821735,2.022336983769799
PLANT_KINGDOM_INDOOR,4,20.0,40.0,30.0,Cz,1.2923418729940377,2.392139256386482
PLANT_KINGDOM_INDOOR,4,20.0,40.0,30.0,Fz,1.4105844124620357,2.4386231808684133
PLANT_KINGDOM_INDOOR,4,20.0,40.0,30.0,Fp1,1.1064794372853783,2.031985556384454
PLANT_KINGDOM_INDOOR,4,20.0,40.0,30.0,F7,1.0904158614427322,1.8405760066198227
PLANT_KINGDOM_INDOOR,4,20.0,40.0,30.0,F3,1.2983979487989765,2.2382241658468467
PLANT_KINGDOM_INDOOR,4,20.0,40.0,30.0,FC1,1.3182636867646582,2.1746011452233134
PLANT_KINGDOM_INDOOR,4,20.0,40.0,30.0,C3,1.325208864965424,2.193226731706471
PLANT_KINGDOM_INDOOR,4,20.0,40.0,30.0,FC5,1.1913273379846225,1.9964398209852074
PLANT_KINGDOM_INDOOR,4,20.0,40.0,30.0,FT9,1.0911054327882628,1.4092493802515818
PLANT_KINGDOM_INDOOR,4,20.0,40.0,30.0,T7,1.0710365856232542,1.5591473082495133
PLANT_KINGDOM_INDOOR,4,20.0,40.0,30.0,CP5,1.1969309048167576,1.8995050876842656
PLANT_KINGDOM_INDOOR,4,20.0,40.0,30.0,CP1,1.45318693988015,2.2702272082394552
PLANT_KINGDOM_INDOOR,4,20.0,40.0,30.0,P3,1.3511669069568375,2.2756757712796003
PLANT_KINGDOM_INDOOR,4,20.0,40.0,30.0,P7,1.1125350613096483,1.667706046613622
PLANT_KINGDOM_INDOOR,4,20.0,40.0,30.0,PO9,1.1366787793303614,1.6704928228300973
PLANT_KINGDOM_INDOOR,4,20.0,40.0,30.0,O1,1.2710196508850082,2.190050232134041
PLANT_KINGDOM_INDOOR,4,20.0,40.0,30.0,Pz,1.4418523969757746,2.4710117563321714
PLANT_KINGDOM_INDOOR,4,20.0,40.0,30.0,Oz,1.2896255053249244,2.2057143254593687
PLANT_KINGDOM_INDOOR,4,20.0,40.0,30.0,O2,1.212737179325257,2.1762499829492827
PLANT_KINGDOM_INDOOR,4,20.0,40.0,30.0,PO10,1.3146248789934405,2.121078297956694
PLANT_KINGDOM_INDOOR,4,20.0,40.0,30.0,P8,1.4282032337488013,2.439596618800958
PLANT_KINGDOM_INDOOR,4,20.0,40.0,30.0,P4,1.4230531814541982,2.5279769349006194
PLANT_KINGDOM_INDOOR,4,20.0,40.0,30.0,CP2,1.4248341133742302,2.455107661631138
PLANT_KINGDOM_INDOOR,4,20.0,40.0,30.0,CP6,1.3604922358795521,2.3580150150206682
PLANT_KINGDOM_INDOOR,4,20.0,40.0,30.0,T8,1.4512353219310807,2.3465596769014563
PLANT_KINGDOM_INDOOR,4,20.0,40.0,30.0,FT10,1.3004180437549995,1.9547935387588884
PLANT_KINGDOM_INDOOR,4,20.0,40.0,30.0,FC6,1.3346565961630887,2.275724085971421
PLANT_KINGDOM_INDOOR,4,20.0,40.0,30.0,C4,1.3318950855425002,2.3670402342166588
PLANT_KINGDOM_INDOOR,4,20.0,40.0,30.0,FC2,1.3399842897239005,2.0135683002595983
PLANT_KINGDOM_INDOOR,4,20.0,40.0,30.0,F4,1.288067506246691,2.241095906754701
PLANT_KINGDOM_INDOOR,4,20.0,40.0,30.0,F8,1.3055523313343942,2.1537079209483125
PLANT_KINGDOM_INDOOR,4,20.0,40.0,30.0,Fp2,1.134838337268953,2.08762039490419
PLANT_KINGDOM_INDOOR,5,25.0,45.0,35.0,Cz,1.3051226271861711,2.3883737409936496
PLANT_KINGDOM_INDOOR,5,25.0,45.0,35.0,Fz,1.338727696642063,2.3335897567499067
PLANT_KINGDOM_INDOOR,5,25.0,45.0,35.0,Fp1,1.0655221111764512,1.9764885700060078
PLANT_KINGDOM_INDOOR,5,25.0,45.0,35.0,F7,1.1051962588038144,1.8423834458939448
PLANT_KINGDOM_INDOOR,5,25.0,45.0,35.0,F3,1.2438303372999118,2.1551685142379156
PLANT_KINGDOM_INDOOR,5,25.0,45.0,35.0,FC1,1.2849543206058058,2.1134422759279405
PLANT_KINGDOM_INDOOR,5,25.0,45.0,35.0,C3,1.31143833765865,2.1762314399252434
PLANT_KINGDOM_INDOOR,5,25.0,45.0,35.0,FC5,1.214494439441383,2.0043166818106943
PLANT_KINGDOM_INDOOR,5,25.0,45.0,35.0,FT9,1.1554122106232168,1.4825142559077225
PLANT_KINGDOM_INDOOR,5,25.0,45.0,35.0,T7,1.1497780439005165,1.6519828609212805
PLANT_KINGDOM_INDOOR,5,25.0,45.0,35.0,CP5,1.267851780663789,1.9745343049870776
PLANT_KINGDOM_INDOOR,5,25.0,45.0,35.0,CP1,1.4597637267862764,2.273122499146057
PLANT_KINGDOM_INDOOR,5,25.0,45.0,35.0,P3,1.3835896619737447,2.308504709576073
PLANT_KINGDOM_INDOOR,5,25.0,45.0,35.0,P7,1.1523536375713026,1.687180679846376
PLANT_KINGDOM_INDOOR,5,25.0,45.0,35.0,PO9,1.1065048401871869,1.5981384588972196
PLANT_KINGDOM_INDOOR,5,25.0,45.0,35.0,O1,1.275657049251458,2.157525457359114
PLANT_KINGDOM_INDOOR,5,25.0,45.0,35.0,Pz,1.4492343526628992,2.4744879940837006
PLANT_KINGDOM_INDOOR,5,25.0,45.0,35.0,Oz,1.26552614090537,2.160346957826486
PLANT_KINGDOM_INDOOR,5,25.0,45.0,35.0,O2,1.1626865765782404,2.110801568226804
PLANT_KINGDOM_INDOOR,5,25.0,45.0,35.0,PO10,1.2738793792398486,2.064674435009339
PLANT_KINGDOM_INDOOR,5,25.0,45.0,35.0,P8,1.4065495754878554,2.40873025319957
PLANT_KINGDOM_INDOOR,5,25.0,45.0,35.0,P4,1.4110876994450443,2.5185657106806807
PLANT_KINGDOM_INDOOR,5,25.0,45.0,35.0,CP2,1.404528277560992,2.43345027821499
PLANT_KINGDOM_INDOOR,5,25.0,45.0,35.0,CP6,1.3528745133037632,2.349711066368261
PLANT_KINGDOM_INDOOR,5,25.0,45.0,35.0,T8,1.3864121693002016,2.2639178100611246
PLANT_KINGDOM_INDOOR,5,25.0,45.0,35.0,FT10,1.2426647941711113,1.8818154423757496
PLANT_KINGDOM_INDOOR,5,25.0,45.0,35.0,FC6,1.286068361414283,2.2248686430075035
PLANT_KINGDOM_INDOOR,5,25.0,45.0,35.0,C4,1.3231023559190895,2.3618972654157466
PLANT_KINGDOM_INDOOR,5,25.0,45.0,35.0,FC2,1.3163707214504599,1.974761671860155
PLANT_KINGDOM_INDOOR,5,25.0,45.0,35.0,F4,1.2480670933324665,2.1838691266103196
PLANT_KINGDOM_INDOOR,5,25.0,45.0,35.0,F8,1.2335142651922495,2.0583020497313793
PLANT_KINGDOM_INDOOR,5,25.0,45.0,35.0,Fp2,1.1064234149612546,2.0467698796292386
PLANT_KINGDOM_INDOOR,6,30.0,50.0,40.0,Cz,1.3253373471583005,2.428574861235902
PLANT_KINGDOM_INDOOR,6,30.0,50.0,40.0,Fz,1.3915362557381987,2.3986219234601776
PLANT_KINGDOM_INDOOR,6,30.0,50.0,40.0,Fp1,1.1098793661918862,2.037436288738877
PLANT_KINGDOM_INDOOR,6,30.0,50.0,40.0,F7,1.1705263010768232,1.9227859767070985
PLANT_KINGDOM_INDOOR,6,30.0,50.0,40.0,F3,1.284491132653465,2.208261642233493
PLANT_KINGDOM_INDOOR,6,30.0,50.0,40.0,FC1,1.3279123803482835,2.1681320695585216
PLANT_KINGDOM_INDOOR,6,30.0,50.0,40.0,C3,1.3619570829442915,2.236375891588957
PLANT_KINGDOM_INDOOR,6,30.0,50.0,40.0,FC5,1.2689691838081822,2.0869338717145194
PLANT_KINGDOM_INDOOR,6,30.0,50.0,40.0,FT9,1.2247114678324482,1.5761531926187382
PLANT_KINGDOM_INDOOR,6,30.0,50.0,40.0,T7,1.261539106727708,1.7884065733181962
PLANT_KINGDOM_INDOOR,6,30.0,50.0,40.0,CP5,1.3156919790711983,2.0284014386940354
PLANT_KINGDOM_INDOOR,6,30.0,50.0,40.0,CP1,1.4529459091626398,2.2688595074453883
PLANT_KINGDOM_INDOOR,6,30.0,50.0,40.0,P3,1.3807896720922468,2.319715729146389
PLANT_KINGDOM_INDOOR,6,30.0,50.0,40.0,P7,1.3378358891781148,1.9266815972260478
PLANT_KINGDOM_INDOOR,6,30.0,50.0,40.0,PO9,1.2694973468413628,1.8362071040240258
PLANT_KINGDOM_INDOOR,6,30.0,50.0,40.0,O1,1.3274081699356368,2.2681861460640134
PLANT_KINGDOM_INDOOR,6,30.0,50.0,40.0,Pz,1.4845772800522246,2.5088848579736167
PLANT_KINGDOM_INDOOR,6,30.0,50.0,40.0,Oz,1.355047776456091,2.2859925244839
PLANT_KINGDOM_INDOOR,6,30.0,50.0,40.0,O2,1.2768248868360914,2.246236134221012
PLANT_KINGDOM_INDOOR,6,30.0,50.0,40.0,PO10,1.4300795522563745,2.248490950098553
PLANT_KINGDOM_INDOOR,6,30.0,50.0,40.0,P8,1.5508674973552241,2.578005052893586
PLANT_KINGDOM_INDOOR,6,30.0,50.0,40.0,P4,1.4604555095694947,2.569821242875941
PLANT_KINGDOM_INDOOR,6,30.0,50.0,40.0,CP2,1.4470159097014121,2.4724440902537834
PLANT_KINGDOM_INDOOR,6,30.0,50.0,40.0,CP6,1.4544138101659054,2.481522142746786
PLANT_KINGDOM_INDOOR,6,30.0,50.0,40.0,T8,1.521999917525781,2.4496751411188042
PLANT_KINGDOM_INDOOR,6,30.0,50.0,40.0,FT10,1.3958990722970643,2.075828042220255
PLANT_KINGDOM_INDOOR,6,30.0,50.0,40.0,FC6,1.3893804694951142,2.366492917980494
PLANT_KINGDOM_INDOOR,6,30.0,50.0,40.0,C4,1.382021988989843,2.446730948295232
PLANT_KINGDOM_INDOOR,6,30.0,50.0,40.0,FC2,1.3461951594400152,2.015486871155817
PLANT_KINGDOM_INDOOR,6,30.0,50.0,40.0,F4,1.2919906264212577,2.2504355591334835
PLANT_KINGDOM_INDOOR,6,30.0,50.0,40.0,F8,1.305151797704783,2.1518791315793595
PLANT_KINGDOM_INDOOR,6,30.0,50.0,40.0,Fp2,1.1080911074431383,2.076271862651913
PLANT_KINGDOM_INDOOR,7,35.0,55.0,45.0,Cz,1.2743688731402918,2.330914797382626
PLANT_KINGDOM_INDOOR,7,35.0,55.0,45.0,Fz,1.2612514904521503,2.200086818355653
PLANT_KINGDOM_INDOOR,7,35.0,55.0,45.0,Fp1,1.0267421982641034,1.899506055975642
PLANT_KINGDOM_INDOOR,7,35.0,55.0,45.0,F7,1.116959239674515,1.8341755495051733
PLANT_KINGDOM_INDOOR,7,35.0,55.0,45.0,F3,1.204068370747806,2.0741554594682015
PLANT_KINGDOM_INDOOR,7,35.0,55.0,45.0,FC1,1.2279237901139366,2.014407558789444
PLANT_KINGDOM_INDOOR,7,35.0,55.0,45.0,C3,1.3279142652474965,2.1936019566098466
PLANT_KINGDOM_INDOOR,7,35.0,55.0,45.0,FC5,1.20546821049309,1.994265053632948
PLANT_KINGDOM_INDOOR,7,35.0,55.0,45.0,FT9,1.1870855090448231,1.495503246925577
PLANT_KINGDOM_INDOOR,7,35.0,55.0,45.0,T7,1.2261278823139365,1.7534023838445871
PLANT_KINGDOM_INDOOR,7,35.0,55.0,45.0,CP5,1.3168359499421802,2.0608798415142817
PLANT_KINGDOM_INDOOR,7,35.0,55.0,45.0,CP1,1.4422677689234817,2.247725438471557
PLANT_KINGDOM_INDOOR,7,35.0,55.0,45.0,P3,1.3903030481059688,2.3551629751624317
PLANT_KINGDOM_INDOOR,7,35.0,55.0,45.0,P7,1.4342490722193968,2.064310775914948
PLANT_KINGDOM_INDOOR,7,35.0,55.0,45.0,PO9,1.2686037776990782,1.8213347172856609
PLANT_KINGDOM_INDOOR,7,35.0,55.0,45.0,O1,1.3303135331038105,2.2618803731349626
PLANT_KINGDOM_INDOOR,7,35.0,55.0,45.0,Pz,1.4958576997880133,2.5079446045581317
PLANT_KINGDOM_INDOOR,7,35.0,55.0,45.0,Oz,1.3278604280191293,2.2369811304909093
PLANT_KINGDOM_INDOOR,7,35.0,55.0,45.0,O2,1.2375872870732587,2.1661197709053392
PLANT_KINGDOM_INDOOR,7,35.0,55.0,45.0,PO10,1.3814278689352493,2.1549845128593006
PLANT_KINGDOM_INDOOR,7,35.0,55.0,45.0,P8,1.5593769816088914,2.54689048509935
PLANT_KINGDOM_INDOOR,7,35.0,55.0,45.0,P4,1.4655454988435113,2.5509152834510695
PLANT_KINGDOM_INDOOR,7,35.0,55.0,45.0,CP2,1.4599167575427632,2.4728433996215857
PLANT_KINGDOM_INDOOR,7,35.0,55.0,45.0,CP6,1.4511064049385165,2.447150452870192
PLANT_KINGDOM_INDOOR,7,35.0,55.0,45.0,T8,1.4554004392805866,2.3193931611597045
PLANT_KINGDOM_INDOOR,7,35.0,55.0,45.0,FT10,1.3768679791297367,2.0140455603836247
PLANT_KINGDOM_INDOOR,7,35.0,55.0,45.0,FC6,1.2792686517153125,2.1691021252447547
PLANT_KINGDOM_INDOOR,7,35.0,55.0,45.0,C4,1.3147628659668427,2.3299380349710295
PLANT_KINGDOM_INDOOR,7,35.0,55.0,45.0,FC2,1.2522046779032825,1.85179025514997
PLANT_KINGDOM_INDOOR,7,35.0,55.0,45.0,F4,1.2001440976654938,2.0800476367545895
PLANT_KINGDOM_INDOOR,7,35.0,55.0,45.0,F8,1.2083535289356941,1.983260021227802
PLANT_KINGDOM_INDOOR,7,35.0,55.0,45.0,Fp2,1.0817170827477611,1.9810513301391843
PLANT_KINGDOM_INDOOR,8,40.0,60.0,50.0,Cz,1.3153706979055944,2.39360376997123
PLANT_KINGDOM_INDOOR,8,40.0,60.0,50.0,Fz,1.2976819238113502,2.244853157197151
PLANT_KINGDOM_INDOOR,8,40.0,60.0,50.0,Fp1,1.1305475076268148,2.0094003689896813
PLANT_KINGDOM_INDOOR,8,40.0,60.0,50.0,F7,1.1925261593730194,1.923794198947942
PLANT_KINGDOM_INDOOR,8,40.0,60.0,50.0,F3,1.2666845087502774,2.1439097524928585
PLANT_KINGDOM_INDOOR,8,40.0,60.0,50.0,FC1,1.259664217338424,2.0492876419195714
PLANT_KINGDOM_INDOOR,8,40.0,60.0,50.0,C3,1.380905970961355,2.255777274033401
PLANT_KINGDOM_INDOOR,8,40.0,60.0,50.0,FC5,1.2538723471752462,2.048900928440865
PLANT_KINGDOM_INDOOR,8,40.0,60.0,50.0,FT9,1.2193438368858227,1.5232379465644523
PLANT_KINGDOM_INDOOR,8,40.0,60.0,50.0,T7,1.263868222265423,1.782593804822825
PLANT_KINGDOM_INDOOR,8,40.0,60.0,50.0,CP5,1.316828664303613,2.054446525100552
PLANT_KINGDOM_INDOOR,8,40.0,60.0,50.0,CP1,1.5152620626451265,2.358218229546587
PLANT_KINGDOM_INDOOR,8,40.0,60.0,50.0,P3,1.4093892186397483,2.4033448316761126
PLANT_KINGDOM_INDOOR,8,40.0,60.0,50.0,P7,1.3480320347973676,1.9604110831450212
PLANT_KINGDOM_INDOOR,8,40.0,60.0,50.0,PO9,1.2595194573106614,1.8013094715536626
PLANT_KINGDOM_INDOOR,8,40.0,60.0,50.0,O1,1.2906749578978836,2.230214357167899
PLANT_KINGDOM_INDOOR,8,40.0,60.0,50.0,Pz,1.549102678720318,2.598610861264225
PLANT_KINGDOM_INDOOR,8,40.0,60.0,50.0,Oz,1.308320218841805,2.2285240216063613
PLANT_KINGDOM_INDOOR,8,40.0,60.0,50.0,O2,1.2417173526682328,2.175278621005204
PLANT_KINGDOM_INDOOR,8,40.0,60.0,50.0,PO10,1.358023835729211,2.118936292985233
PLANT_KINGDOM_INDOOR,8,40.0,60.0,50.0,P8,1.5209969406516837,2.489964576445395
PLANT_KINGDOM_INDOOR,8,40.0,60.0,50.0,P4,1.513157080040965,2.609290397826013
PLANT_KINGDOM_INDOOR,8,40.0,60.0,50.0,CP2,1.5403589244903768,2.584819881482474
PLANT_KINGDOM_INDOOR,8,40.0,60.0,50.0,CP6,1.553241603827012,2.556302677934298
PLANT_KINGDOM_INDOOR,8,40.0,60.0,50.0,T8,1.5244577562855295,2.391480724666548
PLANT_KINGDOM_INDOOR,8,40.0,60.0,50.0,FT10,1.451568271463381,2.084234091638037
PLANT_KINGDOM_INDOOR,8,40.0,60.0,50.0,FC6,1.3595178783269117,2.2599278852683624
PLANT_KINGDOM_INDOOR,8,40.0,60.0,50.0,C4,1.4121870768743536,2.44753877527485
PLANT_KINGDOM_INDOOR,8,40.0,60.0,50.0,FC2,1.2659977801682498,1.86360826969394
PLANT_KINGDOM_INDOOR,8,40.0,60.0,50.0,F4,1.2833906489796088,2.1737013268505794
PLANT_KINGDOM_INDOOR,8,40.0,60.0,50.0,F8,1.2624668309667173,2.0308382742890303
PLANT_KINGDOM_INDOOR,8,40.0,60.0,50.0,Fp2,1.153913388733517,2.055654989650877
PLANT_KINGDOM_INDOOR,9,45.0,65.0,55.0,Cz,1.2502614400464105,2.298446198306077
PLANT_KINGDOM_INDOOR,9,45.0,65.0,55.0,Fz,1.2561125467701295,2.165970111718437
PLANT_KINGDOM_INDOOR,9,45.0,65.0,55.0,Fp1,0.999286688223498,1.8382263695442473
PLANT_KINGDOM_INDOOR,9,45.0,65.0,55.0,F7,1.1143095035415536,1.8430072338850412
PLANT_KINGDOM_INDOOR,9,45.0,65.0,55.0,F3,1.2205300958192589,2.079440957988095
PLANT_KINGDOM_INDOOR,9,45.0,65.0,55.0,FC1,1.228067350356821,2.0158773368736567
PLANT_KINGDOM_INDOOR,9,45.0,65.0,55.0,C3,1.3784422655778856,2.245726843577797
PLANT_KINGDOM_INDOOR,9,45.0,65.0,55.0,FC5,1.2173633184926502,1.9951604679987704
PLANT_KINGDOM_INDOOR,9,45.0,65.0,55.0,FT9,1.2039332195516554,1.4997605230822246
PLANT_KINGDOM_INDOOR,9,45.0,65.0,55.0,T7,1.1997144143944418,1.693792985560844
PLANT_KINGDOM_INDOOR,9,45.0,65.0,55.0,CP5,1.3669085311347118,2.120460975447632
PLANT_KINGDOM_INDOOR,9,45.0,65.0,55.0,CP1,1.477067146922523,2.3010858345309813
PLANT_KINGDOM_INDOOR,9,45.0,65.0,55.0,P3,1.4505229244638944,2.4559269658015213
PLANT_KINGDOM_INDOOR,9,45.0,65.0,55.0,P7,1.437940194924055,2.072774637768129
PLANT_KINGDOM_INDOOR,9,45.0,65.0,55.0,PO9,1.2557395267107183,1.8054208472277344
PLANT_KINGDOM_INDOOR,9,45.0,65.0,55.0,O1,1.3060556618167154,2.260368107977417
PLANT_KINGDOM_INDOOR,9,45.0,65.0,55.0,Pz,1.5163043848994024,2.5508502105253905
PLANT_KINGDOM_INDOOR,9,45.0,65.0,55.0,Oz,1.259214558114124,2.177068115888345
PLANT_KINGDOM_INDOOR,9,45.0,65.0,55.0,O2,1.2241786262723195,2.1487811409702076
PLANT_KINGDOM_INDOOR,9,45.0,65.0,55.0,PO10,1.346537061158461,2.100138637744305
PLANT_KINGDOM_INDOOR,9,45.0,65.0,55.0,P8,1.4874412297136068,2.456195008501678
PLANT_KINGDOM_INDOOR,9,45.0,65.0,55.0,P4,1.4607984269133738,2.5249735791891084
PLANT_KINGDOM_INDOOR,9,45.0,65.0,55.0,CP2,1.4827940674907414,2.5063348953783584
PLANT_KINGDOM_INDOOR,9,45.0,65.0,55.0,CP6,1.4510178346261537,2.415637103882994
PLANT_KINGDOM_INDOOR,9,45.0,65.0,55.0,T8,1.431214741955093,2.267476478630784
PLANT_KINGDOM_INDOOR,9,45.0,65.0,55.0,FT10,1.3972165499475273,2.0212013580155666
PLANT_KINGDOM_INDOOR,9,45.0,65.0,55.0,FC6,1.2654039658007155,2.113531755627821
PLANT_KINGDOM_INDOOR,9,45.0,65.0,55.0,C4,1.336240142796703,2.328444669736878
PLANT_KINGDOM_INDOOR,9,45.0,65.0,55.0,FC2,1.2008268789583147,1.7531328120179475
PLANT_KINGDOM_INDOOR,9,45.0,65.0,55.0,F4,1.2008684909184986,2.0462969199973844
PLANT_KINGDOM_INDOOR,9,45.0,65.0,55.0,F8,1.2133778775886666,1.961100169679099
PLANT_KINGDOM_INDOOR,9,45.0,65.0,55.0,Fp2,1.0787748472262413,1.9360254687752276
PLANT_KINGDOM_INDOOR,10,50.0,70.0,60.0,Cz,1.3557612054028716,2.4184415480614803
PLANT_KINGDOM_INDOOR,10,50.0,70.0,60.0,Fz,1.3462070964660993,2.288404826004276
PLANT_KINGDOM_INDOOR,10,50.0,70.0,60.0,Fp1,1.0365227131529966,1.9013868575097534
PLANT_KINGDOM_INDOOR,10,50.0,70.0,60.0,F7,1.1388345088153249,1.8813706198608173
PLANT_KINGDOM_INDOOR,10,50.0,70.0,60.0,F3,1.3000699006930245,2.184024090357635
PLANT_KINGDOM_INDOOR,10,50.0,70.0,60.0,FC1,1.3073220110011532,2.1129120040366343
PLANT_KINGDOM_INDOOR,10,50.0,70.0,60.0,C3,1.3872593037575187,2.2450173165412792
PLANT_KINGDOM_INDOOR,10,50.0,70.0,60.0,FC5,1.2400143487147048,2.022616484024055
PLANT_KINGDOM_INDOOR,10,50.0,70.0,60.0,FT9,1.1531030349158213,1.4244385750989328
PLANT_KINGDOM_INDOOR,10,50.0,70.0,60.0,T7,1.1414411460139098,1.6094948520393701
PLANT_KINGDOM_INDOOR,10,50.0,70.0,60.0,CP5,1.3039253127106456,1.9914938750136748
PLANT_KINGDOM_INDOOR,10,50.0,70.0,60.0,CP1,1.5608799583593882,2.3761432159658558
PLANT_KINGDOM_INDOOR,10,50.0,70.0,60.0,P3,1.4184403727811528,2.3632170495575355
PLANT_KINGDOM_INDOOR,10,50.0,70.0,60.0,P7,1.2029081681404346,1.7298729908058534
PLANT_KINGDOM_INDOOR,10,50.0,70.0,60.0,PO9,1.077404730435351,1.5519543014600468
PLANT_KINGDOM_INDOOR,10,50.0,70.0,60.0,O1,1.2224338000935062,2.142448434864172
PLANT_KINGDOM_INDOOR,10,50.0,70.0,60.0,Pz,1.5266801208350156,2.5545025955448564
PLANT_KINGDOM_INDOOR,10,50.0,70.0,60.0,Oz,1.2252941242521556,2.1278680085213235
PLANT_KINGDOM_INDOOR,10,50.0,70.0,60.0,O2,1.1579953798459308,2.0790478744091083
PLANT_KINGDOM_INDOOR,10,50.0,70.0,60.0,PO10,1.250365646309863,1.9880224439118952
PLANT_KINGDOM_INDOOR,10,50.0,70.0,60.0,P8,1.4226698413637842,2.3727933403015573
PLANT_KINGDOM_INDOOR,10,50.0,70.0,60.0,P4,1.502758089681657,2.5842492079109993
PLANT_KINGDOM_INDOOR,10,50.0,70.0,60.0,CP2,1.5228123631711163,2.5395557157120465
PLANT_KINGDOM_INDOOR,10,50.0,70.0,60.0,CP6,1.4006781352677289,2.358858412736494
PLANT_KINGDOM_INDOOR,10,50.0,70.0,60.0,T8,1.3943575135260864,2.2340148651714666
PLANT_KINGDOM_INDOOR,10,50.0,70.0,60.0,FT10,1.3560108737621304,1.978440991147293
PLANT_KINGDOM_INDOOR,10,50.0,70.0,60.0,FC6,1.2411219008169831,2.1045561589945136
PLANT_KINGDOM_INDOOR,10,50.0,70.0,60.0,C4,1.3319063778587439,2.330508646006562
PLANT_KINGDOM_INDOOR,10,50.0,70.0,60.0,FC2,1.291882704825489,1.8835641789872637
PLANT_KINGDOM_INDOOR,10,50.0,70.0,60.0,F4,1.23742824945155,2.1146256791212545
PLANT_KINGDOM_INDOOR,10,50.0,70.0,60.0,F8,1.141430622289553,1.8935233713455042
PLANT_KINGDOM_INDOOR,10,50.0,70.0,60.0,Fp2,1.0808197437525948,1.9608538943900653
PLANT_KINGDOM_INDOOR,11,55.0,75.0,65.0,Cz,1.3250898517769711,2.386821003716014
PLANT_KINGDOM_INDOOR,11,55.0,75.0,65.0,Fz,1.3445454566564308,2.2886510809485876
PLANT_KINGDOM_INDOOR,11,55.0,75.0,65.0,Fp1,0.9671430169154522,1.818433475614436
PLANT_KINGDOM_INDOOR,11,55.0,75.0,65.0,F7,1.0903603502004326,1.80361059552046
PLANT_KINGDOM_INDOOR,11,55.0,75.0,65.0,F3,1.2699003013883734,2.140873827123586
PLANT_KINGDOM_INDOOR,11,55.0,75.0,65.0,FC1,1.3029371771758003,2.107009206931369
PLANT_KINGDOM_INDOOR,11,55.0,75.0,65.0,C3,1.3410334225245735,2.1745264567991107
PLANT_KINGDOM_INDOOR,11,55.0,75.0,65.0,FC5,1.248255861811945,2.018987912932322
PLANT_KINGDOM_INDOOR,11,55.0,75.0,65.0,FT9,1.1125447100188042,1.3790999393003307
PLANT_KINGDOM_INDOOR,11,55.0,75.0,65.0,T7,1.1038083234869334,1.5508183152400115
PLANT_KINGDOM_INDOOR,11,55.0,75.0,65.0,CP5,1.2515450048759063,1.918445022947448
PLANT_KINGDOM_INDOOR,11,55.0,75.0,65.0,CP1,1.4845916072285401,2.2675932861334704
PLANT_KINGDOM_INDOOR,11,55.0,75.0,65.0,P3,1.3415657733788937,2.2478021739120067
PLANT_KINGDOM_INDOOR,11,55.0,75.0,65.0,P7,1.216763256671106,1.7348848607202474
PLANT_KINGDOM_INDOOR,11,55.0,75.0,65.0,PO9,1.0198964558393555,1.4891534604740078
PLANT_KINGDOM_INDOOR,11,55.0,75.0,65.0,O1,1.2679790278408496,2.1807337274262015
PLANT_KINGDOM_INDOOR,11,55.0,75.0,65.0,Pz,1.481943272227505,2.475457051345525
PLANT_KINGDOM_INDOOR,11,55.0,75.0,65.0,Oz,1.2397647037441377,2.134790574417859
PLANT_KINGDOM_INDOOR,11,55.0,75.0,65.0,O2,1.1616199080824785,2.078911508350211
PLANT_KINGDOM_INDOOR,11,55.0,75.0,65.0,PO10,1.3005285865869936,2.049372751302098
PLANT_KINGDOM_INDOOR,11,55.0,75.0,65.0,P8,1.4738356462447513,2.4306697334604173
PLANT_KINGDOM_INDOOR,11,55.0,75.0,65.0,P4,1.5063958625548621,2.5643639120933694
PLANT_KINGDOM_INDOOR,11,55.0,75.0,65.0,CP2,1.4891432547875052,2.4775074063236286
PLANT_KINGDOM_INDOOR,11,55.0,75.0,65.0,CP6,1.3673125862196194,2.2944466837731676
PLANT_KINGDOM_INDOOR,11,55.0,75.0,65.0,T8,1.440405701346621,2.3012437637835643
PLANT_KINGDOM_INDOOR,11,55.0,75.0,65.0,FT10,1.279604573519011,1.896635964005266
PLANT_KINGDOM_INDOOR,11,55.0,75.0,65.0,FC6,1.2154005045924663,2.09138960270416
PLANT_KINGDOM_INDOOR,11,55.0,75.0,65.0,C4,1.2987980000657278,2.2807929743322584
PLANT_KINGDOM_INDOOR,11,55.0,75.0,65.0,FC2,1.2863838344583685,1.8932369736511572
PLANT_KINGDOM_INDOOR,11,55.0,75.0,65.0,F4,1.2089044041622272,2.0902867318534444
PLANT_KINGDOM_INDOOR,11,55.0,75.0,65.0,F8,1.1472996029771187,1.9114804364117235
PLANT_KINGDOM_INDOOR,11,55.0,75.0,65.0,Fp2,1.0346843227510467,1.904760078226757
PLANT_KINGDOM_INDOOR,12,60.0,80.0,70.0,Cz,1.4093619934582748,2.5056077067515625
PLANT_KINGDOM_INDOOR,12,60.0,80.0,70.0,Fz,1.4454717833585948,2.4335655567658177
PLANT_KINGDOM_INDOOR,12,60.0,80.0,70.0,Fp1,1.0434494795789657,1.9131557388471947
PLANT_KINGDOM_INDOOR,12,60.0,80.0,70.0,F7,1.1772569200900829,1.898324073763013
PLANT_KINGDOM_INDOOR,12,60.0,80.0,70.0,F3,1.3677239352225938,2.2669608282324814
PLANT_KINGDOM_INDOOR,12,60.0,80.0,70.0,FC1,1.4009840401738811,2.2428261913381875
PLANT_KINGDOM_INDOOR,12,60.0,80.0,70.0,C3,1.4225646676894772,2.2696436099964066
PLANT_KINGDOM_INDOOR,12,60.0,80.0,70.0,FC5,1.3421244431900932,2.128648450384535
PLANT_KINGDOM_INDOOR,12,60.0,80.0,70.0,FT9,1.142807765295942,1.4110369131868652
PLANT_KINGDOM_INDOOR,12,60.0,80.0,70.0,T7,1.5050919996068708,2.061146763519134
PLANT_KINGDOM_INDOOR,12,60.0,80.0,70.0,CP5,1.2567846879126796,1.909240530020621
PLANT_KINGDOM_INDOOR,12,60.0,80.0,70.0,CP1,1.5211545540946874,2.303031993171219
PLANT_KINGDOM_INDOOR,12,60.0,80.0,70.0,P3,1.3663254874311632,2.264813475275847
PLANT_KINGDOM_INDOOR,12,60.0,80.0,70.0,P7,1.2475535369852964,1.7428253943805314
PLANT_KINGDOM_INDOOR,12,60.0,80.0,70.0,PO9,1.0439948913263357,1.5196789726284088
PLANT_KINGDOM_INDOOR,12,60.0,80.0,70.0,O1,1.2475475806554406,2.136918578890825
PLANT_KINGDOM_INDOOR,12,60.0,80.0,70.0,Pz,1.4561112710640023,2.4400207350056737
PLANT_KINGDOM_INDOOR,12,60.0,80.0,70.0,Oz,1.2176518933367904,2.0852832077611465
PLANT_KINGDOM_INDOOR,12,60.0,80.0,70.0,O2,1.0935413920507597,1.9892745471784141
PLANT_KINGDOM_INDOOR,12,60.0,80.0,70.0,PO10,1.2704178203400547,2.0071475322072896
PLANT_KINGDOM_INDOOR,12,60.0,80.0,70.0,P8,1.4570398348407188,2.4021804309348362
PLANT_KINGDOM_INDOOR,12,60.0,80.0,70.0,P4,1.4517364775122472,2.5237077263385492
PLANT_KINGDOM_INDOOR,12,60.0,80.0,70.0,CP2,1.4960426077985463,2.4848896231461843
PLANT_KINGDOM_INDOOR,12,60.0,80.0,70.0,CP6,1.3803914432907294,2.3101883606619653
PLANT_KINGDOM_INDOOR,12,60.0,80.0,70.0,T8,1.4640316380841594,2.333154378588069
PLANT_KINGDOM_INDOOR,12,60.0,80.0,70.0,FT10,1.3454682207836044,1.969272492694511
PLANT_KINGDOM_INDOOR,12,60.0,80.0,70.0,FC6,1.3070165347544056,2.2211866698179206
PLANT_KINGDOM_INDOOR,12,60.0,80.0,70.0,C4,1.3858149327434977,2.409447967012851
PLANT_KINGDOM_INDOOR,12,60.0,80.0,70.0,FC2,1.3863789276103595,2.0434538519475884
PLANT_KINGDOM_INDOOR,12,60.0,80.0,70.0,F4,1.3250978511750398,2.240226711349411
PLANT_KINGDOM_INDOOR,12,60.0,80.0,70.0,F8,1.2441680400814426,2.0382368616333095
PLANT_KINGDOM_INDOOR,12,60.0,80.0,70.0,Fp2,1.1203360291955478,2.0147665323229695
PLANT_KINGDOM_INDOOR,13,65.0,85.0,75.0,Cz,1.36209363353637,2.4168711906454137
PLANT_KINGDOM_INDOOR,13,65.0,85.0,75.0,Fz,1.3730842539073116,2.317848963889042
PLANT_KINGDOM_INDOOR,13,65.0,85.0,75.0,Fp1,0.971875429189332,1.8201955451076208
PLANT_KINGDOM_INDOOR,13,65.0,85.0,75.0,F7,1.0577044193708012,1.7323121825582604
PLANT_KINGDOM_INDOOR,13,65.0,85.0,75.0,F3,1.2626026439056208,2.1179988901476214
PLANT_KINGDOM_INDOOR,13,65.0,85.0,75.0,FC1,1.3318241063926899,2.1295013942597607
PLANT_KINGDOM_INDOOR,13,65.0,85.0,75.0,C3,1.344214377020351,2.143500845715326
PLANT_KINGDOM_INDOOR,13,65.0,85.0,75.0,FC5,1.2496870451694528,1.9883471304327203
PLANT_KINGDOM_INDOOR,13,65.0,85.0,75.0,FT9,1.028686016756214,1.2388346328306306
PLANT_KINGDOM_INDOOR,13,65.0,85.0,75.0,T7,1.4172848652904655,1.9230559072939064
PLANT_KINGDOM_INDOOR,13,65.0,85.0,75.0,CP5,1.21112927866794,1.8390538235283267
PLANT_KINGDOM_INDOOR,13,65.0,85.0,75.0,CP1,1.4447638809106569,2.2023657570557478
PLANT_KINGDOM_INDOOR,13,65.0,85.0,75.0,P3,1.3104277983590236,2.1736843037271334
PLANT_KINGDOM_INDOOR,13,65.0,85.0,75.0,P7,1.2754061303673119,1.7762013629952553
PLANT_KINGDOM_INDOOR,13,65.0,85.0,75.0,PO9,1.0522295386986449,1.515149538910306
PLANT_KINGDOM_INDOOR,13,65.0,85.0,75.0,O1,1.2296526669107997,2.102446738807743
PLANT_KINGDOM_INDOOR,13,65.0,85.0,75.0,Pz,1.4484347814277763,2.404449061319509
PLANT_KINGDOM_INDOOR,13,65.0,85.0,75.0,Oz,1.2187834894332166,2.0723468661073543
PLANT_KINGDOM_INDOOR,13,65.0,85.0,75.0,O2,1.127582933096503,2.0162848368571646
PLANT_KINGDOM_INDOOR,13,65.0,85.0,75.0,PO10,1.3111205451017907,2.0256986260403003
PLANT_KINGDOM_INDOOR,13,65.0,85.0,75.0,P8,1.5257819836473945,2.464644409760872
PLANT_KINGDOM_INDOOR,13,65.0,85.0,75.0,P4,1.4396966555856954,2.4833641236701194
PLANT_KINGDOM_INDOOR,13,65.0,85.0,75.0,CP2,1.463141837677887,2.428293575002891
PLANT_KINGDOM_INDOOR,13,65.0,85.0,75.0,CP6,1.4115338458606628,2.3083451757159597
PLANT_KINGDOM_INDOOR,13,65.0,85.0,75.0,T8,1.4677535808884308,2.308402095059311
PLANT_KINGDOM_INDOOR,13,65.0,85.0,75.0,FT10,1.3216752497517978,1.9104799302665738
PLANT_KINGDOM_INDOOR,13,65.0,85.0,75.0,FC6,1.249384462049742,2.1127361472909256
PLANT_KINGDOM_INDOOR,13,65.0,85.0,75.0,C4,1.3367431117939117,2.3229037769494782
PLANT_KINGDOM_INDOOR,13,65.0,85.0,75.0,FC2,1.3274283643869194,1.955066352998959
PLANT_KINGDOM_INDOOR,13,65.0,85.0,75.0,F4,1.2370295722478186,2.1235587435572962
PLANT_KINGDOM_INDOOR,13,65.0,85.0,75.0,F8,1.2119644067561552,1.974040447350442
PLANT_KINGDOM_INDOOR,13,65.0,85.0,75.0,Fp2,1.0118796602189362,1.8818337427562009
PLANT_KINGDOM_INDOOR,14,70.0,90.0,80.0,Cz,1.3713641543538757,2.4484396795990735
PLANT_KINGDOM_INDOOR,14,70.0,90.0,80.0,Fz,1.3486831707133722,2.304458723666873
PLANT_KINGDOM_INDOOR,14,70.0,90.0,80.0,Fp1,0.9834171940124057,1.8609788941238141
PLANT_KINGDOM_INDOOR,14,70.0,90.0,80.0,F7,1.1028240816692587,1.7830365621438315
PLANT_KINGDOM_INDOOR,14,70.0,90.0,80.0,F3,1.2613034923954483,2.1295381927284223
PLANT_KINGDOM_INDOOR,14,70.0,90.0,80.0,FC1,1.3449574525505317,2.171420331211119
PLANT_KINGDOM_INDOOR,14,70.0,90.0,80.0,C3,1.377177947955079,2.2146827728524245
PLANT_KINGDOM_INDOOR,14,70.0,90.0,80.0,FC5,1.2476483941977181,1.994550154322264
PLANT_KINGDOM_INDOOR,14,70.0,90.0,80.0,FT9,1.026779945802097,1.2301901679518648
PLANT_KINGDOM_INDOOR,14,70.0,90.0,80.0,T7,1.4499450024159908,1.97978591744412
PLANT_KINGDOM_INDOOR,14,70.0,90.0,80.0,CP5,1.1648906469343825,1.811612204601407
PLANT_KINGDOM_INDOOR,14,70.0,90.0,80.0,CP1,1.4482612136407411,2.236195601433143
PLANT_KINGDOM_INDOOR,14,70.0,90.0,80.0,P3,1.288748740202784,2.17092655259864
PLANT_KINGDOM_INDOOR,14,70.0,90.0,80.0,P7,1.2090007281002622,1.6876786155327703
PLANT_KINGDOM_INDOOR,14,70.0,90.0,80.0,PO9,1.0816839607536861,1.5278723624330701
PLANT_KINGDOM_INDOOR,14,70.0,90.0,80.0,O1,1.1821337718070728,2.0392762513387037
PLANT_KINGDOM_INDOOR,14,70.0,90.0,80.0,Pz,1.4676438681383073,2.45009939558771
PLANT_KINGDOM_INDOOR,14,70.0,90.0,80.0,Oz,1.1894438152689908,2.0370953162188314
PLANT_KINGDOM_INDOOR,14,70.0,90.0,80.0,O2,1.0842771567016383,1.9628764657097177
PLANT_KINGDOM_INDOOR,14,70.0,90.0,80.0,PO10,1.243235854492375,1.9480986958236644
PLANT_KINGDOM_INDOOR,14,70.0,90.0,80.0,P8,1.4498514340180915,2.3872415265464237
PLANT_KINGDOM_INDOOR,14,70.0,90.0,80.0,P4,1.4192964688344516,2.4671296189870526
PLANT_KINGDOM_INDOOR,14,70.0,90.0,80.0,CP2,1.4706501341712819,2.459511752667966
PLANT_KINGDOM_INDOOR,14,70.0,90.0,80.0,CP6,1.4360500411692925,2.349024534736977
PLANT_KINGDOM_INDOOR,14,70.0,90.0,80.0,T8,1.4311475902408397,2.2619646847229506
PLANT_KINGDOM_INDOOR,14,70.0,90.0,80.0,FT10,1.3173161676204368,1.9025196159640312
PLANT_KINGDOM_INDOOR,14,70.0,90.0,80.0,FC6,1.2963168996536647,2.1869448472869544
PLANT_KINGDOM_INDOOR,14,70.0,90.0,80.0,C4,1.3674752254175813,2.3838070922463435
PLANT_KINGDOM_INDOOR,14,70.0,90.0,80.0,FC2,1.3115743940705906,1.9484487958471277
PLANT_KINGDOM_INDOOR,14,70.0,90.0,80.0,F4,1.2618789990967991,2.158096776618167
PLANT_KINGDOM_INDOOR,14,70.0,90.0,80.0,F8,1.219188487279003,1.975397611169074
PLANT_KINGDOM_INDOOR,14,70.0,90.0,80.0,Fp2,0.9975757698695681,1.8590754584295457
PLANT_KINGDOM_INDOOR,15,75.0,95.0,85.0,Cz,1.3157636235200383,2.356247847415801
PLANT_KINGDOM_INDOOR,15,75.0,95.0,85.0,Fz,1.3194208746808038,2.2451087353315167
PLANT_KINGDOM_INDOOR,15,75.0,95.0,85.0,Fp1,0.9443939014447407,1.8057670543773752
PLANT_KINGDOM_INDOOR,15,75.0,95.0,85.0,F7,1.1299024807842792,1.810840275791904
PLANT_KINGDOM_INDOOR,15,75.0,95.0,85.0,F3,1.2569677285646592,2.1099163806845027
PLANT_KINGDOM_INDOOR,15,75.0,95.0,85.0,FC1,1.3004862239357295,2.092929196950931
PLANT_KINGDOM_INDOOR,15,75.0,95.0,85.0,C3,1.4187598517508015,2.2518487023135547
PLANT_KINGDOM_INDOOR,15,75.0,95.0,85.0,FC5,1.300676338992016,2.0385218121487516
PLANT_KINGDOM_INDOOR,15,75.0,95.0,85.0,FT9,1.0885991938195718,1.314526005926023
PLANT_KINGDOM_INDOOR,15,75.0,95.0,85.0,T7,1.3651722009004308,1.8725433478669027
PLANT_KINGDOM_INDOOR,15,75.0,95.0,85.0,CP5,1.2352171842299808,1.894764550234545
PLANT_KINGDOM_INDOOR,15,75.0,95.0,85.0,CP1,1.4453605247376042,2.2212035577064566
PLANT_KINGDOM_INDOOR,15,75.0,95.0,85.0,P3,1.3369452247309095,2.229667195899001
PLANT_KINGDOM_INDOOR,15,75.0,95.0,85.0,P7,1.1979971466163413,1.6858865289003466
PLANT_KINGDOM_INDOOR,15,75.0,95.0,85.0,PO9,1.0695158772658835,1.522254618205375
PLANT_KINGDOM_INDOOR,15,75.0,95.0,85.0,O1,1.1051972709777824,1.945645391409527
PLANT_KINGDOM_INDOOR,15,75.0,95.0,85.0,Pz,1.4490067923179226,2.420768528673224
PLANT_KINGDOM_INDOOR,15,75.0,95.0,85.0,Oz,1.1535948003407142,1.992411754170359
PLANT_KINGDOM_INDOOR,15,75.0,95.0,85.0,O2,1.0688652798706424,1.944254240823431
PLANT_KINGDOM_INDOOR,15,75.0,95.0,85.0,PO10,1.2558783583817024,1.9455846108396508
PLANT_KINGDOM_INDOOR,15,75.0,95.0,85.0,P8,1.4418725225804792,2.3853301568596827
PLANT_KINGDOM_INDOOR,15,75.0,95.0,85.0,P4,1.3796873392446916,2.4235685893505594
PLANT_KINGDOM_INDOOR,15,75.0,95.0,85.0,CP2,1.427554295576309,2.407561439676617
PLANT_KINGDOM_INDOOR,15,75.0,95.0,85.0,CP6,1.422614481829137,2.356220555771675
PLANT_KINGDOM_INDOOR,15,75.0,95.0,85.0,T8,1.3666256512035522,2.195284618178678
PLANT_KINGDOM_INDOOR,15,75.0,95.0,85.0,FT10,1.2764951457264628,1.8439603020979831
PLANT_KINGDOM_INDOOR,15,75.0,95.0,85.0,FC6,1.2230085535360735,2.089408914739436
PLANT_KINGDOM_INDOOR,15,75.0,95.0,85.0,C4,1.333091295354461,2.3344391058054446
PLANT_KINGDOM_INDOOR,15,75.0,95.0,85.0,FC2,1.2587128478233303,1.8614985548158658
PLANT_KINGDOM_INDOOR,15,75.0,95.0,85.0,F4,1.2492986372169126,2.126784253693901
PLANT_KINGDOM_INDOOR,15,75.0,95.0,85.0,F8,1.1700496265309817,1.9046646839195087
PLANT_KINGDOM_INDOOR,15,75.0,95.0,85.0,Fp2,0.975933765387709,1.835523779447207
PLANT_KINGDOM_INDOOR,16,80.0,100.0,90.0,Cz,1.3486660766054295,2.3663638963811517
PLANT_KINGDOM_INDOOR,16,80.0,100.0,90.0,Fz,1.2968392516280922,2.193846831045443
PLANT_KINGDOM_INDOOR,16,80.0,100.0,90.0,Fp1,0.9598605886709503,1.805075314319152
PLANT_KINGDOM_INDOOR,16,80.0,100.0,90.0,F7,1.1070133092625327,1.7606790179523915
PLANT_KINGDOM_INDOOR,16,80.0,100.0,90.0,F3,1.2444416174168331,2.074535614114483
PLANT_KINGDOM_INDOOR,16,80.0,100.0,90.0,FC1,1.30295130338274,2.073164067033974
PLANT_KINGDOM_INDOOR,16,80.0,100.0,90.0,C3,1.4389533202490812,2.2495207007630564
PLANT_KINGDOM_INDOOR,16,80.0,100.0,90.0,FC5,1.2600658586965343,1.9682295003052908
PLANT_KINGDOM_INDOOR,16,80.0,100.0,90.0,FT9,1.0550490211136692,1.226211161586612
PLANT_KINGDOM_INDOOR,16,80.0,100.0,90.0,T7,1.1181814372790766,1.5093631486213117
PLANT_KINGDOM_INDOOR,16,80.0,100.0,90.0,CP5,1.1931354498856912,1.8128681784842906
PLANT_KINGDOM_INDOOR,16,80.0,100.0,90.0,CP1,1.4402865893264598,2.19040622012536
PLANT_KINGDOM_INDOOR,16,80.0,100.0,90.0,P3,1.2636258242479106,2.1252246936360333
PLANT_KINGDOM_INDOOR,16,80.0,100.0,90.0,P7,1.2190074960453774,1.7007903324583147
PLANT_KINGDOM_INDOOR,16,80.0,100.0,90.0,PO9,1.0594869242160623,1.4772100594587323
PLANT_KINGDOM_INDOOR,16,80.0,100.0,90.0,O1,1.1119522865441234,1.9285010347779052
PLANT_KINGDOM_INDOOR,16,80.0,100.0,90.0,Pz,1.473817517733953,2.4180204022656997
PLANT_KINGDOM_INDOOR,16,80.0,100.0,90.0,Oz,1.1578935073726866,1.9946614421644273
PLANT_KINGDOM_INDOOR,16,80.0,100.0,90.0,O2,1.0789524489038322,1.9628787373201895
PLANT_KINGDOM_INDOOR,16,80.0,100.0,90.0,PO10,1.3348361810458798,2.0448956998305063
PLANT_KINGDOM_INDOOR,16,80.0,100.0,90.0,P8,1.4830359657622463,2.4310345756599676
PLANT_KINGDOM_INDOOR,16,80.0,100.0,90.0,P4,1.4116321696394205,2.4353864361613886
PLANT_KINGDOM_INDOOR,16,80.0,100.0,90.0,CP2,1.4537652035288697,2.401592209351122
PLANT_KINGDOM_INDOOR,16,80.0,100.0,90.0,CP6,1.466608987246001,2.3938608007109567
PLANT_KINGDOM_INDOOR,16,80.0,100.0,90.0,T8,1.392039816482737,2.217592307017735
PLANT_KINGDOM_INDOOR,16,80.0,100.0,90.0,FT10,1.2712639783044712,1.8337779876635378
PLANT_KINGDOM_INDOOR,16,80.0,100.0,90.0,FC6,1.2677591222605291,2.139222370844066
PLANT_KINGDOM_INDOOR,16,80.0,100.0,90.0,C4,1.380193127277128,2.3618792080836872
PLANT_KINGDOM_INDOOR,16,80.0,100.0,90.0,FC2,1.27833213601055,1.8570122312036543
PLANT_KINGDOM_INDOOR,16,80.0,100.0,90.0,F4,1.292357590646752,2.16420649098672
PLANT_KINGDOM_INDOOR,16,80.0,100.0,90.0,F8,1.1830665562605451,1.9295135785109465
PLANT_KINGDOM_INDOOR,16,80.0,100.0,90.0,Fp2,0.9955664442028042,1.831842214808664
PLANT_KINGDOM_INDOOR,17,85.0,105.0,95.0,Cz,1.3160545402842643,2.331700334720173
PLANT_KINGDOM_INDOOR,17,85.0,105.0,95.0,Fz,1.294720683860933,2.2039560007670587
PLANT_KINGDOM_INDOOR,17,85.0,105.0,95.0,Fp1,0.9276799108119566,1.7888316031669866
PLANT_KINGDOM_INDOOR,17,85.0,105.0,95.0,F7,1.1167294007211068,1.7797235777158082
PLANT_KINGDOM_INDOOR,17,85.0,105.0,95.0,F3,1.2680271461601564,2.1074687836849084
PLANT_KINGDOM_INDOOR,17,85.0,105.0,95.0,FC1,1.2920071234401662,2.0648427180956515
PLANT_KINGDOM_INDOOR,17,85.0,105.0,95.0,C3,1.431149285619334,2.242796808407352
PLANT_KINGDOM_INDOOR,17,85.0,105.0,95.0,FC5,1.3274786739628217,2.0492080426010175
PLANT_KINGDOM_INDOOR,17,85.0,105.0,95.0,FT9,1.0989943079147864,1.2910022334306703
PLANT_KINGDOM_INDOOR,17,85.0,105.0,95.0,T7,1.1097113528035234,1.5116186215963823
PLANT_KINGDOM_INDOOR,17,85.0,105.0,95.0,CP5,1.253553115038168,1.8994851383846023
PLANT_KINGDOM_INDOOR,17,85.0,105.0,95.0,CP1,1.480230071301368,2.2384513799238346
PLANT_KINGDOM_INDOOR,17,85.0,105.0,95.0,P3,1.3420889023160534,2.240023223283221
PLANT_KINGDOM_INDOOR,17,85.0,105.0,95.0,P7,1.2076399601957597,1.689429790724558
PLANT_KINGDOM_INDOOR,17,85.0,105.0,95.0,PO9,0.9734381644507354,1.378938720670425
PLANT_KINGDOM_INDOOR,17,85.0,105.0,95.0,O1,1.0254170788518915,1.831479427487356
PLANT_KINGDOM_INDOOR,17,85.0,105.0,95.0,Pz,1.484823976253591,2.4403119434485308
PLANT_KINGDOM_INDOOR,17,85.0,105.0,95.0,Oz,1.1020840725768657,1.9125218489687839
PLANT_KINGDOM_INDOOR,17,85.0,105.0,95.0,O2,0.9915357443195143,1.8459430261243066
PLANT_KINGDOM_INDOOR,17,85.0,105.0,95.0,PO10,1.2659320360870083,1.9495960360808904
PLANT_KINGDOM_INDOOR,17,85.0,105.0,95.0,P8,1.4206804512411886,2.3520259221791244
PLANT_KINGDOM_INDOOR,17,85.0,105.0,95.0,P4,1.410001353015583,2.4379090171219464
PLANT_KINGDOM_INDOOR,17,85.0,105.0,95.0,CP2,1.4481436298600097,2.4022518314587415
PLANT_KINGDOM_INDOOR,17,85.0,105.0,95.0,CP6,1.4668700488678135,2.404720766447695
PLANT_KINGDOM_INDOOR,17,85.0,105.0,95.0,T8,1.4397830807724619,2.283177396012038
PLANT_KINGDOM_INDOOR,17,85.0,105.0,95.0,FT10,1.2993179893335034,1.8744481470213543
PLANT_KINGDOM_INDOOR,17,85.0,105.0,95.0,FC6,1.2609580028199727,2.1303340932043513
PLANT_KINGDOM_INDOOR,17,85.0,105.0,95.0,C4,1.3889234081319006,2.377948722434413
PLANT_KINGDOM_INDOOR,17,85.0,105.0,95.0,FC2,1.2643125880677106,1.8538681955320213
PLANT_KINGDOM_INDOOR,17,85.0,105.0,95.0,F4,1.2554466478015165,2.129008590014182
PLANT_KINGDOM_INDOOR,17,85.0,105.0,95.0,F8,1.1794394306448657,1.9242801154277382
PLANT_KINGDOM_INDOOR,17,85.0,105.0,95.0,Fp2,0.9559951445270966,1.8197120283003871
PLANT_KINGDOM_INDOOR,18,90.0,110.0,100.0,Cz,1.375904846409716,2.3885553715814867
PLANT_KINGDOM_INDOOR,18,90.0,110.0,100.0,Fz,1.3298161608852723,2.228283027463853
PLANT_KINGDOM_INDOOR,18,90.0,110.0,100.0,Fp1,0.9664831000997501,1.814182886536835
PLANT_KINGDOM_INDOOR,18,90.0,110.0,100.0,F7,1.0628134190574512,1.7051354940628307
PLANT_KINGDOM_INDOOR,18,90.0,110.0,100.0,F3,1.249106377383127,2.072752024591906
PLANT_KINGDOM_INDOOR,18,90.0,110.0,100.0,FC1,1.344517436032707,2.1131387409374893
PLANT_KINGDOM_INDOOR,18,90.0,110.0,100.0,C3,1.442749863899106,2.2362913981606516
PLANT_KINGDOM_INDOOR,18,90.0,110.0,100.0,FC5,1.2689371055910157,1.9592927269079894
PLANT_KINGDOM_INDOOR,18,90.0,110.0,100.0,FT9,1.0687589099449861,1.234222450161343
PLANT_KINGDOM_INDOOR,18,90.0,110.0,100.0,T7,1.0792612472594871,1.4420604901911607
PLANT_KINGDOM_INDOOR,18,90.0,110.0,100.0,CP5,1.256211343253811,1.886828665946115
PLANT_KINGDOM_INDOOR,18,90.0,110.0,100.0,CP1,1.5272844397842387,2.2817350440555457
PLANT_KINGDOM_INDOOR,18,90.0,110.0,100.0,P3,1.2886104565366883,2.1745336659541548
PLANT_KINGDOM_INDOOR,18,90.0,110.0,100.0,P7,1.251014186788069,1.757090081229148
PLANT_KINGDOM_INDOOR,18,90.0,110.0,100.0,PO9,1.0356927747011588,1.4519584924921312
PLANT_KINGDOM_INDOOR,18,90.0,110.0,100.0,O1,1.13691884463735,1.982554059453335
PLANT_KINGDOM_INDOOR,18,90.0,110.0,100.0,Pz,1.5528754298374061,2.5047452406685853
PLANT_KINGDOM_INDOOR,18,90.0,110.0,100.0,Oz,1.1670026575139598,1.9943449382466354
PLANT_KINGDOM_INDOOR,18,90.0,110.0,100.0,O2,1.0650269128724505,1.9495594728214551
PLANT_KINGDOM_INDOOR,18,90.0,110.0,100.0,PO10,1.3085069960234683,1.997401317850841
PLANT_KINGDOM_INDOOR,18,90.0,110.0,100.0,P8,1.4713045608339104,2.388301823518497
PLANT_KINGDOM_INDOOR,18,90.0,110.0,100.0,P4,1.471163180833429,2.500003074669952
PLANT_KINGDOM_INDOOR,18,90.0,110.0,100.0,CP2,1.52790949144239,2.4839449677630396
PLANT_KINGDOM_INDOOR,18,90.0,110.0,100.0,CP6,1.5307569067998303,2.4615920573752557
PLANT_KINGDOM_INDOOR,18,90.0,110.0,100.0,T8,1.51981521782249,2.368865653944759
PLANT_KINGDOM_INDOOR,18,90.0,110.0,100.0,FT10,1.3187087489214273,1.8975716435971313
PLANT_KINGDOM_INDOOR,18,90.0,110.0,100.0,FC6,1.3371383007346607,2.2085601843957927
PLANT_KINGDOM_INDOOR,18,90.0,110.0,100.0,C4,1.4679361644704376,2.456176283835267
PLANT_KINGDOM_INDOOR,18,90.0,110.0,100.0,FC2,1.3406435980941485,1.931742710886047
PLANT_KINGDOM_INDOOR,18,90.0,110.0,100.0,F4,1.2962058365427058,2.1696269745580277
PLANT_KINGDOM_INDOOR,18,90.0,110.0,100.0,F8,1.2008484296896833,1.959960779628741
PLANT_KINGDOM_INDOOR,18,90.0,110.0,100.0,Fp2,1.0009949574922898,1.8860938185832616
PLANT_KINGDOM_INDOOR,19,95.0,115.0,105.0,Cz,1.3591519988320995,2.373516333944302
PLANT_KINGDOM_INDOOR,19,95.0,115.0,105.0,Fz,1.3408836632533392,2.2387126052325743
PLANT_KINGDOM_INDOOR,19,95.0,115.0,105.0,Fp1,1.0965317716229979,2.0119614538261175
PLANT_KINGDOM_INDOOR,19,95.0,115.0,105.0,F7,1.1349003561952151,1.812481902343941
PLANT_KINGDOM_INDOOR,19,95.0,115.0,105.0,F3,1.2775992074984603,2.1027963966908367
PLANT_KINGDOM_INDOOR,19,95.0,115.0,105.0,FC1,1.3343190668311238,2.0987178087060303
PLANT_KINGDOM_INDOOR,19,95.0,115.0,105.0,C3,1.3568862290305947,2.1355079163837676
PLANT_KINGDOM_INDOOR,19,95.0,115.0,105.0,FC5,1.291817352363821,1.9871882733375488
PLANT_KINGDOM_INDOOR,19,95.0,115.0,105.0,FT9,1.1111536167396732,1.3028238715541736
PLANT_KINGDOM_INDOOR,19,95.0,115.0,105.0,T7,1.1277532483793602,1.5053105879017237
PLANT_KINGDOM_INDOOR,19,95.0,115.0,105.0,CP5,1.2634291271230864,1.8859419828442934
PLANT_KINGDOM_INDOOR,19,95.0,115.0,105.0,CP1,1.4914908839947756,2.2499093830537813
PLANT_KINGDOM_INDOOR,19,95.0,115.0,105.0,P3,1.3297964717815354,2.2381582525616466
PLANT_KINGDOM_INDOOR,19,95.0,115.0,105.0,P7,1.3279148916273535,1.8773611508866757
PLANT_KINGDOM_INDOOR,19,95.0,115.0,105.0,PO9,1.1374758566027252,1.6003366414521527
PLANT_KINGDOM_INDOOR,19,95.0,115.0,105.0,O1,1.1938067630939022,2.0788270446232673
PLANT_KINGDOM_INDOOR,19,95.0,115.0,105.0,Pz,1.5320648087387707,2.494793023155653
PLANT_KINGDOM_INDOOR,19,95.0,115.0,105.0,Oz,1.165582191494528,2.0240840706161696
PLANT_KINGDOM_INDOOR,19,95.0,115.0,105.0,O2,1.0804984929243335,1.9750370786598526
PLANT_KINGDOM_INDOOR,19,95.0,115.0,105.0,PO10,1.3520220113597412,2.0523399171548613
PLANT_KINGDOM_INDOOR,19,95.0,115.0,105.0,P8,1.5336421039563228,2.4653744851963606
PLANT_KINGDOM_INDOOR,19,95.0,115.0,105.0,P4,1.4894064737684343,2.522048075829944
PLANT_KINGDOM_INDOOR,19,95.0,115.0,105.0,CP2,1.479821017448757,2.440442465696519
PLANT_KINGDOM_INDOOR,19,95.0,115.0,105.0,CP6,1.5589177860213597,2.5072234780819525
PLANT_KINGDOM_INDOOR,19,95.0,115.0,105.0,T8,1.5908148218611569,2.4664532923258107
PLANT_KINGDOM_INDOOR,19,95.0,115.0,105.0,FT10,1.3914230805553003,2.005620662877424
PLANT_KINGDOM_INDOOR,19,95.0,115.0,105.0,FC6,1.3536233144659446,2.238436757825143
PLANT_KINGDOM_INDOOR,19,95.0,115.0,105.0,C4,1.4616039961236538,2.449634388635549
PLANT_KINGDOM_INDOOR,19,95.0,115.0,105.0,FC2,1.337704859748782,1.9245998803735807
PLANT_KINGDOM_INDOOR,19,95.0,115.0,105.0,F4,1.3064816929466827,2.188600600443264
PLANT_KINGDOM_INDOOR,19,95.0,115.0,105.0,F8,1.2347336839728962,2.0111838526930534
PLANT_KINGDOM_INDOOR,19,95.0,115.0,105.0,Fp2,1.124865962982356,2.0744860381201438
PLANT_KINGDOM_INDOOR,20,100.0,120.0,110.0,Cz,1.3779044402134113,2.3817025936616845
PLANT_KINGDOM_INDOOR,20,100.0,120.0,110.0,Fz,1.3265767997491282,2.2324238261003524
PLANT_KINGDOM_INDOOR,20,100.0,120.0,110.0,Fp1,1.0159862200522214,1.910443519141714
PLANT_KINGDOM_INDOOR,20,100.0,120.0,110.0,F7,0.9892446631235152,1.6669142424086605
PLANT_KINGDOM_INDOOR,20,100.0,120.0,110.0,F3,1.2268014849690965,2.051074961440855
PLANT_KINGDOM_INDOOR,20,100.0,120.0,110.0,FC1,1.3505470757559765,2.116954358126186
PLANT_KINGDOM_INDOOR,20,100.0,120.0,110.0,C3,1.3586476854308605,2.1477355495489943
PLANT_KINGDOM_INDOOR,20,100.0,120.0,110.0,FC5,1.1620384925725373,1.8654181697449086
PLANT_KINGDOM_INDOOR,20,100.0,120.0,110.0,FT9,1.0465026044633547,1.2821633824507324
PLANT_KINGDOM_INDOOR,20,100.0,120.0,110.0,T7,0.9752298676430996,1.3310230304724282
PLANT_KINGDOM_INDOOR,20,100.0,120.0,110.0,CP5,1.2042538312579303,1.806922068044834
PLANT_KINGDOM_INDOOR,20,100.0,120.0,110.0,CP1,1.502659265821107,2.2614230972813814
PLANT_KINGDOM_INDOOR,20,100.0,120.0,110.0,P3,1.3176879896359932,2.207151225790511
PLANT_KINGDOM_INDOOR,20,100.0,120.0,110.0,P7,1.2503006523515554,1.7615337915380398
PLANT_KINGDOM_INDOOR,20,100.0,120.0,110.0,PO9,1.0535672569298244,1.487993037593983
PLANT_KINGDOM_INDOOR,20,100.0,120.0,110.0,O1,1.13039043616366,2.00307466466682
PLANT_KINGDOM_INDOOR,20,100.0,120.0,110.0,Pz,1.5383890321450215,2.498512542814132
PLANT_KINGDOM_INDOOR,20,100.0,120.0,110.0,Oz,1.1605423027679136,2.01170508336003
PLANT_KINGDOM_INDOOR,20,100.0,120.0,110.0,O2,1.1015684708535263,2.0003887681758736
PLANT_KINGDOM_INDOOR,20,100.0,120.0,110.0,PO10,1.2934093061262228,1.9958636497830748
PLANT_KINGDOM_INDOOR,20,100.0,120.0,110.0,P8,1.488285241300809,2.425592596833474
PLANT_KINGDOM_INDOOR,20,100.0,120.0,110.0,P4,1.4704063267402228,2.5107877170195327
PLANT_KINGDOM_INDOOR,20,100.0,120.0,110.0,CP2,1.5198464611220581,2.480896599899384
PLANT_KINGDOM_INDOOR,20,100.0,120.0,110.0,CP6,1.4992474025045748,2.4501113421673524
PLANT_KINGDOM_INDOOR,20,100.0,120.0,110.0,T8,1.5576550366048745,2.4499500368655496
PLANT_KINGDOM_INDOOR,20,100.0,120.0,110.0,FT10,1.3195822571166518,1.950617337511703
PLANT_KINGDOM_INDOOR,20,100.0,120.0,110.0,FC6,1.2948156290495916,2.192120582803877
PLANT_KINGDOM_INDOOR,20,100.0,120.0,110.0,C4,1.4291585432300433,2.4151403161662413
PLANT_KINGDOM_INDOOR,20,100.0,120.0,110.0,FC2,1.3329731791722248,1.9212350146969146
PLANT_KINGDOM_INDOOR,20,100.0,120.0,110.0,F4,1.2768284850784872,2.1678913655135674
PLANT_KINGDOM_INDOOR,20,100.0,120.0,110.0,F8,1.1587361070651414,1.9495290938706413
PLANT_KINGDOM_INDOOR,20,100.0,120.0,110.0,Fp2,1.0874766960747415,2.036147685588024
PLANT_KINGDOM_INDOOR,21,105.0,125.0,115.0,Cz,1.2912543018309988,2.290290757464468
PLANT_KINGDOM_INDOOR,21,105.0,125.0,115.0,Fz,1.2977630377244889,2.1974427728647563
PLANT_KINGDOM_INDOOR,21,105.0,125.0,115.0,Fp1,1.0642542452985706,1.9707906749200266
PLANT_KINGDOM_INDOOR,21,105.0,125.0,115.0,F7,1.0102118859382316,1.69036611990713
PLANT_KINGDOM_INDOOR,21,105.0,125.0,115.0,F3,1.1901216758316988,2.010406159095735
PLANT_KINGDOM_INDOOR,21,105.0,125.0,115.0,FC1,1.262679000504258,2.010316357627207
PLANT_KINGDOM_INDOOR,21,105.0,125.0,115.0,C3,1.2765616290072654,2.0472293650970235
PLANT_KINGDOM_INDOOR,21,105.0,125.0,115.0,FC5,1.1022109928989334,1.784997626363686
PLANT_KINGDOM_INDOOR,21,105.0,125.0,115.0,FT9,1.0264431378424583,1.2510593172526685
PLANT_KINGDOM_INDOOR,21,105.0,125.0,115.0,T7,0.9537918755568087,1.2961499036439652
PLANT_KINGDOM_INDOOR,21,105.0,125.0,115.0,CP5,1.1471146474762919,1.7649859232035459
PLANT_KINGDOM_INDOOR,21,105.0,125.0,115.0,CP1,1.4058622838572254,2.15600723147869
PLANT_KINGDOM_INDOOR,21,105.0,125.0,115.0,P3,1.2778427553119522,2.180412580918282
PLANT_KINGDOM_INDOOR,21,105.0,125.0,115.0,P7,1.2109259842151174,1.7172735254430402
PLANT_KINGDOM_INDOOR,21,105.0,125.0,115.0,PO9,1.0661035753781285,1.5096520523586745
PLANT_KINGDOM_INDOOR,21,105.0,125.0,115.0,O1,1.1136190597673048,1.9920504029029802
PLANT_KINGDOM_INDOOR,21,105.0,125.0,115.0,Pz,1.4375795143957228,2.3891573291856005
PLANT_KINGDOM_INDOOR,21,105.0,125.0,115.0,Oz,1.1890509028650396,2.061673559380997
PLANT_KINGDOM_INDOOR,21,105.0,125.0,115.0,O2,1.1512720750607426,2.0693342987682564
PLANT_KINGDOM_INDOOR,21,105.0,125.0,115.0,PO10,1.3530734010393395,2.0770745479137345
PLANT_KINGDOM_INDOOR,21,105.0,125.0,115.0,P8,1.5169322861887566,2.478848655536944
PLANT_KINGDOM_INDOOR,21,105.0,125.0,115.0,P4,1.4415762028643568,2.4753536612344997
PLANT_KINGDOM_INDOOR,21,105.0,125.0,115.0,CP2,1.3985348790247794,2.344196007578589
PLANT_KINGDOM_INDOOR,21,105.0,125.0,115.0,CP6,1.5025357011823541,2.4583639712891383
PLANT_KINGDOM_INDOOR,21,105.0,125.0,115.0,T8,1.6059397204673915,2.5081723196416426
PLANT_KINGDOM_INDOOR,21,105.0,125.0,115.0,FT10,1.340514090426566,1.9858511384403505
PLANT_KINGDOM_INDOOR,21,105.0,125.0,115.0,FC6,1.3186371896283062,2.209786688075208
PLANT_KINGDOM_INDOOR,21,105.0,125.0,115.0,C4,1.3775129999543003,2.3432153207278326
PLANT_KINGDOM_INDOOR,21,105.0,125.0,115.0,FC2,1.282586004167467,1.85931842555465
PLANT_KINGDOM_INDOOR,21,105.0,125.0,115.0,F4,1.2784868658889246,2.158128493715761
PLANT_KINGDOM_INDOOR,21,105.0,125.0,115.0,F8,1.2090740863753031,1.9959099969291114
PLANT_KINGDOM_INDOOR,21,105.0,125.0,115.0,Fp2,1.1909626180695716,2.1572696477548265
PLANT_KINGDOM_INDOOR,22,110.0,130.0,120.0,Cz,1.3731288801310595,2.40213964980797
PLANT_KINGDOM_INDOOR,22,110.0,130.0,120.0,Fz,1.3540629491600238,2.281878210585107
PLANT_KINGDOM_INDOOR,22,110.0,130.0,120.0,Fp1,1.0185603162717853,1.9068350115259527
PLANT_KINGDOM_INDOOR,22,110.0,130.0,120.0,F7,1.0245740303742403,1.7122843108528116
PLANT_KINGDOM_INDOOR,22,110.0,130.0,120.0,F3,1.243542718575183,2.0842166762097216
PLANT_KINGDOM_INDOOR,22,110.0,130.0,120.0,FC1,1.3593980086241522,2.1319672391011464
PLANT_KINGDOM_INDOOR,22,110.0,130.0,120.0,C3,1.4280158720758351,2.251293245180796
PLANT_KINGDOM_INDOOR,22,110.0,130.0,120.0,FC5,1.1882213279550682,1.9029525615637946
PLANT_KINGDOM_INDOOR,22,110.0,130.0,120.0,FT9,1.073585911411982,1.33450135119858
PLANT_KINGDOM_INDOOR,22,110.0,130.0,120.0,T7,1.032747630865542,1.3996281147216103
PLANT_KINGDOM_INDOOR,22,110.0,130.0,120.0,CP5,1.1621641726883147,1.7790615771964449
PLANT_KINGDOM_INDOOR,22,110.0,130.0,120.0,CP1,1.4874705258522631,2.277016090133945
PLANT_KINGDOM_INDOOR,22,110.0,130.0,120.0,P3,1.294834740338189,2.2040841553783106
PLANT_KINGDOM_INDOOR,22,110.0,130.0,120.0,P7,1.1688977679965018,1.6259238092546504
PLANT_KINGDOM_INDOOR,22,110.0,130.0,120.0,PO9,1.0034213007278017,1.4044966524128637
PLANT_KINGDOM_INDOOR,22,110.0,130.0,120.0,O1,1.1190804945541477,1.9760797429279546
PLANT_KINGDOM_INDOOR,22,110.0,130.0,120.0,Pz,1.5042601669356173,2.4925692268217174
PLANT_KINGDOM_INDOOR,22,110.0,130.0,120.0,Oz,1.240901039819052,2.109149933922135
PLANT_KINGDOM_INDOOR,22,110.0,130.0,120.0,O2,1.1944774579869757,2.1137162078033316
PLANT_KINGDOM_INDOOR,22,110.0,130.0,120.0,PO10,1.3528479344532731,2.091245426955796
PLANT_KINGDOM_INDOOR,22,110.0,130.0,120.0,P8,1.5000740800878918,2.4650718970629404
PLANT_KINGDOM_INDOOR,22,110.0,130.0,120.0,P4,1.4781911507577903,2.543292063469941
PLANT_KINGDOM_INDOOR,22,110.0,130.0,120.0,CP2,1.505724498487974,2.4938617467621413
PLANT_KINGDOM_INDOOR,22,110.0,130.0,120.0,CP6,1.5030276778669633,2.456752491328014
PLANT_KINGDOM_INDOOR,22,110.0,130.0,120.0,T8,1.5238438550156326,2.398950123728322
PLANT_KINGDOM_INDOOR,22,110.0,130.0,120.0,FT10,1.2450857022255482,1.8594075328347501
PLANT_KINGDOM_INDOOR,22,110.0,130.0,120.0,FC6,1.2734427377235107,2.167985541217107
PLANT_KINGDOM_INDOOR,22,110.0,130.0,120.0,C4,1.4166352520593504,2.411206446767476
PLANT_KINGDOM_INDOOR,22,110.0,130.0,120.0,FC2,1.3069915793527889,1.9183101951692196
PLANT_KINGDOM_INDOOR,22,110.0,130.0,120.0,F4,1.241552814240555,2.128463322156582
PLANT_KINGDOM_INDOOR,22,110.0,130.0,120.0,F8,1.181939572535613,1.9576935937536994
PLANT_KINGDOM_INDOOR,22,110.0,130.0,120.0,Fp2,1.1155454084716472,2.036956114781835
PLANT_KINGDOM_INDOOR,23,115.0,135.0,125.0,Cz,1.4035251920103644,2.444960407650652
PLANT_KINGDOM_INDOOR,23,115.0,135.0,125.0,Fz,1.3894393546795503,2.320263833690827
PLANT_KINGDOM_INDOOR,23,115.0,135.0,125.0,Fp1,0.9384333418556448,1.8202582095418178
PLANT_KINGDOM_INDOOR,23,115.0,135.0,125.0,F7,1.0140485792915594,1.6810670258373406
PLANT_KINGDOM_INDOOR,23,115.0,135.0,125.0,F3,1.2195179017550501,2.055047184833628
PLANT_KINGDOM_INDOOR,23,115.0,135.0,125.0,FC1,1.3369789529125193,2.115038416245602
PLANT_KINGDOM_INDOOR,23,115.0,135.0,125.0,C3,1.4643014010727062,2.298005903777908
PLANT_KINGDOM_INDOOR,23,115.0,135.0,125.0,FC5,1.1524127111522213,1.8550302122417044
PLANT_KINGDOM_INDOOR,23,115.0,135.0,125.0,FT9,1.1995358653628105,1.495358652459307
PLANT_KINGDOM_INDOOR,23,115.0,135.0,125.0,T7,1.1346381901217706,1.5280882539547793
PLANT_KINGDOM_INDOOR,23,115.0,135.0,125.0,CP5,1.2210043087604074,1.8579939894722857
PLANT_KINGDOM_INDOOR,23,115.0,135.0,125.0,CP1,1.5265206252260795,2.3106160599349335
PLANT_KINGDOM_INDOOR,23,115.0,135.0,125.0,P3,1.3594480111563825,2.290566473911326
PLANT_KINGDOM_INDOOR,23,115.0,135.0,125.0,P7,1.2300927509279624,1.6959342845403327
PLANT_KINGDOM_INDOOR,23,115.0,135.0,125.0,PO9,1.1200798135470993,1.5610585502934164
PLANT_KINGDOM_INDOOR,23,115.0,135.0,125.0,O1,1.1928485171118606,2.070089009775971
PLANT_KINGDOM_INDOOR,23,115.0,135.0,125.0,Pz,1.5308413145286026,2.518611823990035
PLANT_KINGDOM_INDOOR,23,115.0,135.0,125.0,Oz,1.2972923872699522,2.1738713385356134
PLANT_KINGDOM_INDOOR,23,115.0,135.0,125.0,O2,1.2090305624698265,2.1336944364522257
PLANT_KINGDOM_INDOOR,23,115.0,135.0,125.0,PO10,1.3997235678774487,2.139514187797314
PLANT_KINGDOM_INDOOR,23,115.0,135.0,125.0,P8,1.4789589292964465,2.4263110669305186
PLANT_KINGDOM_INDOOR,23,115.0,135.0,125.0,P4,1.5011764876011338,2.551762548074545
PLANT_KINGDOM_INDOOR,23,115.0,135.0,125.0,CP2,1.5210256554639654,2.5021201450572805
PLANT_KINGDOM_INDOOR,23,115.0,135.0,125.0,CP6,1.5127914206642752,2.455311953027714
PLANT_KINGDOM_INDOOR,23,115.0,135.0,125.0,T8,1.6208686335567761,2.5156710308653554
PLANT_KINGDOM_INDOOR,23,115.0,135.0,125.0,FT10,1.408365081360369,2.0642431992615795
PLANT_KINGDOM_INDOOR,23,115.0,135.0,125.0,FC6,1.367312014907997,2.2727489939184733
PLANT_KINGDOM_INDOOR,23,115.0,135.0,125.0,C4,1.4224031434065887,2.409034611044946
PLANT_KINGDOM_INDOOR,23,115.0,135.0,125.0,FC2,1.319466488185115,1.9403870662404883
PLANT_KINGDOM_INDOOR,23,115.0,135.0,125.0,F4,1.2800005299830746,2.1679464883719555
PLANT_KINGDOM_INDOOR,23,115.0,135.0,125.0,F8,1.2672213573540962,2.06153191266234
PLANT_KINGDOM_INDOOR,23,115.0,135.0,125.0,Fp2,1.1195094098655132,2.027105972937937
PLANT_KINGDOM_INDOOR,24,120.0,140.0,130.0,Cz,1.4106140020300446,2.411416481378164
PLANT_KINGDOM_INDOOR,24,120.0,140.0,130.0,Fz,1.3830196368789616,2.277862401259371
PLANT_KINGDOM_INDOOR,24,120.0,140.0,130.0,Fp1,0.9523038016390426,1.8265897892222673
PLANT_KINGDOM_INDOOR,24,120.0,140.0,130.0,F7,1.1369996469813437,1.8409971866627475
PLANT_KINGDOM_INDOOR,24,120.0,140.0,130.0,F3,1.2186042087407227,2.0333428642089677
PLANT_KINGDOM_INDOOR,24,120.0,140.0,130.0,FC1,1.3397712276354015,2.086337840897358
PLANT_KINGDOM_INDOOR,24,120.0,140.0,130.0,C3,1.4597647746948783,2.252067115139134
PLANT_KINGDOM_INDOOR,24,120.0,140.0,130.0,FC5,1.233517331240423,1.919094053464505
PLANT_KINGDOM_INDOOR,24,120.0,140.0,130.0,FT9,1.372528713547048,1.7070710294767235
PLANT_KINGDOM_INDOOR,24,120.0,140.0,130.0,T7,1.2878386914697342,1.7089308609660605
PLANT_KINGDOM_INDOOR,24,120.0,140.0,130.0,CP5,1.2475831491339964,1.860927933119133
PLANT_KINGDOM_INDOOR,24,120.0,140.0,130.0,CP1,1.5283751614436059,2.2491620575002282
PLANT_KINGDOM_INDOOR,24,120.0,140.0,130.0,P3,1.38890057187161,2.2689485463478776
PLANT_KINGDOM_INDOOR,24,120.0,140.0,130.0,P7,1.3404678021636993,1.8081544351052246
PLANT_KINGDOM_INDOOR,24,120.0,140.0,130.0,PO9,1.2656871689444245,1.7276035923290818
PLANT_KINGDOM_INDOOR,24,120.0,140.0,130.0,O1,1.344450726881995,2.2042911593966923
PLANT_KINGDOM_INDOOR,24,120.0,140.0,130.0,Pz,1.5126241445813795,2.430191103981738
PLANT_KINGDOM_INDOOR,24,120.0,140.0,130.0,Oz,1.4016854120126605,2.2502735307107997
PLANT_KINGDOM_INDOOR,24,120.0,140.0,130.0,O2,1.2921829668678395,2.1963528802900965
PLANT_KINGDOM_INDOOR,24,120.0,140.0,130.0,PO10,1.4934510144183533,2.2378876866033277
PLANT_KINGDOM_INDOOR,24,120.0,140.0,130.0,P8,1.5666548045937894,2.505717702556079
PLANT_KINGDOM_INDOOR,24,120.0,140.0,130.0,P4,1.4973333718503836,2.5018355751335215
PLANT_KINGDOM_INDOOR,24,120.0,140.0,130.0,CP2,1.5167610832080627,2.4317666250655026
PLANT_KINGDOM_INDOOR,24,120.0,140.0,130.0,CP6,1.5282034793964114,2.4148386649665134
PLANT_KINGDOM_INDOOR,24,120.0,140.0,130.0,T8,1.6848014666837048,2.551760732460033
PLANT_KINGDOM_INDOOR,24,120.0,140.0,130.0,FT10,1.4860103143016183,2.140668719772641
PLANT_KINGDOM_INDOOR,24,120.0,140.0,130.0,FC6,1.3701574508220238,2.2394386602530307
PLANT_KINGDOM_INDOOR,24,120.0,140.0,130.0,C4,1.434356127922433,2.3606543816504093
PLANT_KINGDOM_INDOOR,24,120.0,140.0,130.0,FC2,1.2879482417693406,1.8567690226254472
PLANT_KINGDOM_INDOOR,24,120.0,140.0,130.0,F4,1.234986229766801,2.086375780220517
PLANT_KINGDOM_INDOOR,24,120.0,140.0,130.0,F8,1.241344092721609,2.017071584111077
PLANT_KINGDOM_INDOOR,24,120.0,140.0,130.0,Fp2,1.074568997328611,1.9511034359206019
