Time,v_l2,dt_s
2025-10-05 16:12:40.947829962,6.156665298729662,0.124989987
2025-10-05 16:12:41.072720051,7.596360657101794,0.124989987
2025-10-05 16:12:41.197809935,8.712221137936238,0.124989987
2025-10-05 16:12:41.322700024,8.47075695873533,0.124989987
2025-10-05 16:12:41.447900057,6.840507860122156,0.124989987
2025-10-05 16:12:41.572690010,4.824352705136514,0.124989987
2025-10-05 16:12:41.697779894,3.681851388813922,0.124989987
2025-10-05 16:12:41.822669983,3.674662413473243,0.124989987
2025-10-05 16:12:41.947870016,4.130721566724995,0.124989987
2025-10-05 16:12:42.072760105,4.323467982617427,0.124989987
2025-10-05 16:12:42.197849989,3.740565894053198,0.124989987
2025-10-05 16:12:42.322639942,2.772983301206482,0.124989987
2025-10-05 16:12:42.447839975,2.620721426478976,0.124989987
2025-10-05 16:12:42.572730064,3.323018588893538,0.124989987
2025-10-05 16:12:42.697819948,3.8373502826868697,0.124989987
2025-10-05 16:12:42.822710037,3.846109542949472,0.124989987
2025-10-05 16:12:42.947799921,3.5023397001166234,0.124989987
2025-10-05 16:12:43.072700024,3.013982000262775,0.124989987
2025-10-05 16:12:43.197890043,2.5524448410140033,0.124989987
2025-10-05 16:12:43.322679996,2.4751216599642127,0.124989987
2025-10-05 16:12:43.447669983,2.9039884854981777,0.124989987
2025-10-05 16:12:43.572570086,3.745610061955062,0.124989987
2025-10-05 16:12:43.697659969,5.347094103627222,0.124989987
2025-10-05 16:12:43.822550058,7.175001908802116,0.124989987
2025-10-05 16:12:43.947740078,8.407644809431057,0.124989987
2025-10-05 16:12:44.072540045,8.83969488101699,0.124989987
2025-10-05 16:12:44.197629929,8.614764496911102,0.124989987
2025-10-05 16:12:44.322520018,7.5387627801007255,0.124989987
2025-10-05 16:12:44.447710037,6.137060488492352,0.124989987
2025-10-05 16:12:44.572609901,6.072741639580018,0.124989987
2025-10-05 16:12:44.697599888,6.702199158871288,0.124989987
2025-10-05 16:12:44.822590113,6.550895134787765,0.124989987
2025-10-05 16:12:44.947580099,6.0356947858659975,0.124989987
2025-10-05 16:12:45.072380066,6.073387826154442,0.124989987
2025-10-05 16:12:45.197469950,6.278412547498853,0.124989987
2025-10-05 16:12:45.322360039,6.22489413621573,0.124989987
2025-10-05 16:12:45.447449923,5.759290520539314,0.124989987
2025-10-05 16:12:45.572340012,4.858925553071996,0.124989987
2025-10-05 16:12:45.697439909,4.219097405722816,0.124989987
2025-10-05 16:12:45.822329998,5.632766956930404,0.124989987
2025-10-05 16:12:45.947419882,8.50233993275216,0.124989987
2025-10-05 16:12:46.072309971,10.882871172314914,0.124989987
2025-10-05 16:12:46.197410107,11.39840229075641,0.124989987
2025-10-05 16:12:46.322299957,10.033074897366758,0.124989987
2025-10-05 16:12:46.447390079,8.456231172220104,0.124989987
2025-10-05 16:12:46.572279930,8.288194302504076,0.124989987
2025-10-05 16:12:46.697380066,8.201122753283663,0.124989987
2025-10-05 16:12:46.822269917,6.905114090585614,0.124989987
2025-10-05 16:12:46.947360039,5.365399012784885,0.124989987
2025-10-05 16:12:47.072249889,5.4930976904377005,0.124989987
2025-10-05 16:12:47.197449923,6.218661490258093,0.124989987
2025-10-05 16:12:47.322340012,6.095886095889259,0.124989987
2025-10-05 16:12:47.447429895,5.443283075393931,0.124989987
2025-10-05 16:12:47.572319984,5.691117057794365,0.124989987
2025-10-05 16:12:47.697319984,7.5360733518563245,0.124989987
2025-10-05 16:12:47.822210073,9.896536804973698,0.124989987
2025-10-05 16:12:47.947200060,11.241826499461379,0.124989987
2025-10-05 16:12:48.072089911,10.209744696149407,0.124989987
2025-10-05 16:12:48.197180033,7.087502121049841,0.124989987
2025-10-05 16:12:48.322180033,5.900119857511879,0.124989987
2025-10-05 16:12:48.447170019,9.597614742954,0.124989987
2025-10-05 16:12:48.572060108,12.883006934970192,0.124989987
2025-10-05 16:12:48.697149992,13.392771690982077,0.124989987
2025-10-05 16:12:48.822050095,11.395267713282696,0.124989987
2025-10-05 16:12:48.947139978,9.162484314937297,0.124989987
2025-10-05 16:12:49.072030067,8.944546140991616,0.124989987
2025-10-05 16:12:49.197119951,9.470075901370484,0.124989987
2025-10-05 16:12:49.322020054,8.640499632625996,0.124989987
2025-10-05 16:12:49.447109938,6.677393227520002,0.124989987
2025-10-05 16:12:49.572000027,6.603518206476154,0.124989987
2025-10-05 16:12:49.697089911,9.16738752471706,0.124989987
2025-10-05 16:12:49.821990013,10.987898177745324,0.124989987
2025-10-05 16:12:49.947079897,10.347921364463106,0.124989987
2025-10-05 16:12:50.072069883,7.801947057110937,0.124989987
2025-10-05 16:12:50.197060108,6.011875513946626,0.124989987
2025-10-05 16:12:50.322050095,7.481721972137965,0.124989987
2025-10-05 16:12:50.447050095,9.30592002823751,0.124989987
2025-10-05 16:12:50.572040081,9.311142143168473,0.124989987
2025-10-05 16:12:50.697129965,7.323315746276409,0.124989987
2025-10-05 16:12:50.822020054,4.4879369383815995,0.124989987
2025-10-05 16:12:50.947119951,4.872377997531288,0.124989987
2025-10-05 16:12:51.071909904,8.727068854448785,0.124989987
2025-10-05 16:12:51.197000027,11.988342284586265,0.124989987
2025-10-05 16:12:51.321990013,12.920765970588896,0.124989987
2025-10-05 16:12:51.447190046,11.23978967984717,0.124989987
2025-10-05 16:12:51.572180033,8.032041362721559,0.124989987
2025-10-05 16:12:51.697069883,5.288290019515382,0.124989987
2025-10-05 16:12:51.821959972,4.350022961353653,0.124989987
2025-10-05 16:12:51.947060108,4.342770893024867,0.124989987
2025-10-05 16:12:52.071850061,5.7475618412043215,0.124989987
2025-10-05 16:12:52.196939945,9.005348449993427,0.124989987
2025-10-05 16:12:52.321929932,12.254273547566337,0.124989987
2025-10-05 16:12:52.447030067,13.771084030012162,0.124989987
2025-10-05 16:12:52.571919918,12.787234209020458,0.124989987
2025-10-05 16:12:52.697010040,10.43582053053525,0.124989987
2025-10-05 16:12:52.822099924,9.84185458032189,0.124989987
2025-10-05 16:12:52.947089911,11.480370881017086,0.124989987
2025-10-05 16:12:53.071890116,12.41690512981085,0.124989987
2025-10-05 16:12:53.196980000,11.419021395478161,0.124989987
2025-10-05 16:12:53.321870089,9.267355323628257,0.124989987
2025-10-05 16:12:53.446959972,7.481349824390315,0.124989987
2025-10-05 16:12:53.571860075,6.778997270927759,0.124989987
2025-10-05 16:12:53.697050095,6.723158061292252,0.124989987
2025-10-05 16:12:53.821939945,6.8171850337665045,0.124989987
2025-10-05 16:12:53.947030067,6.938507444042629,0.124989987
2025-10-05 16:12:54.071929932,7.041565996307569,0.124989987
2025-10-05 16:12:54.197020054,6.859775053008883,0.124989987
2025-10-05 16:12:54.321909904,6.367430284866256,0.124989987
2025-10-05 16:12:54.447000027,6.017170689075392,0.124989987
2025-10-05 16:12:54.571899891,5.39383667083246,0.124989987
2025-10-05 16:12:54.696890116,5.009761657155556,0.124989987
2025-10-05 16:12:54.821779966,7.215017664327234,0.124989987
2025-10-05 16:12:54.946870089,9.794423990881238,0.124989987
2025-10-05 16:12:55.071769953,9.898056253118183,0.124989987
2025-10-05 16:12:55.196860075,7.656604928764644,0.124989987
2025-10-05 16:12:55.321749926,7.910391870670506,0.124989987
2025-10-05 16:12:55.446739912,10.572615391508146,0.124989987
2025-10-05 16:12:55.571630001,11.018872065643835,0.124989987
2025-10-05 16:12:55.696729898,9.619652473574657,0.124989987
2025-10-05 16:12:55.821520090,9.724908113485291,0.124989987
2025-10-05 16:12:55.946510077,10.084896093654557,0.124989987
2025-10-05 16:12:56.071599960,8.090161075905351,0.124989987
2025-10-05 16:12:56.196599960,8.510023550185334,0.124989987
2025-10-05 16:12:56.321589947,14.826681489178858,0.124989987
2025-10-05 16:12:56.446680069,19.749544246565236,0.124989987
2025-10-05 16:12:56.571569920,19.221694898657923,0.124989987
2025-10-05 16:12:56.696569920,13.47312990000794,0.124989987
2025-10-05 16:12:56.821559906,7.781124530695741,0.124989987
2025-10-05 16:12:56.946650028,10.326643384044981,0.124989987
2025-10-05 16:12:57.071540117,14.212325650066317,0.124989987
2025-10-05 16:12:57.196540117,14.309930256872043,0.124989987
2025-10-05 16:12:57.321530104,11.383523798300462,0.124989987
2025-10-05 16:12:57.446520090,11.052279098696069,0.124989987
2025-10-05 16:12:57.571510077,15.064646073565587,0.124989987
2025-10-05 16:12:57.696500063,17.684576201834325,0.124989987
2025-10-05 16:12:57.821500063,16.42806415069603,0.124989987
2025-10-05 16:12:57.946490049,11.688621663159646,0.124989987
2025-10-05 16:12:58.071480036,7.6317810264154575,0.124989987
2025-10-05 16:12:58.196470022,9.490229474206563,0.124989987
2025-10-05 16:12:58.321470022,12.717966138869807,0.124989987
2025-10-05 16:12:58.446559906,13.376832703654514,0.124989987
2025-10-05 16:12:58.571549892,12.273043079014185,0.124989987
2025-10-05 16:12:58.696540117,9.909789649925724,0.124989987
2025-10-05 16:12:58.821540117,7.269944423621201,0.124989987
2025-10-05 16:12:58.946530104,5.341691594231644,0.124989987
2025-10-05 16:12:59.071520090,6.447724326366242,0.124989987
2025-10-05 16:12:59.196510077,9.114698405842015,0.124989987
2025-10-05 16:12:59.321510077,10.89783218537577,0.124989987
2025-10-05 16:12:59.446399927,11.435177469962547,0.124989987
2025-10-05 16:12:59.571389914,11.874468305186971,0.124989987
2025-10-05 16:12:59.696379900,12.836385228368462,0.124989987
2025-10-05 16:12:59.821379900,12.899024754308911,0.124989987
2025-10-05 16:12:59.946369886,10.81821276858969,0.124989987
2025-10-05 16:13:00.071460009,7.939664325598341,0.124989987
2025-10-05 16:13:00.196549892,9.013091329036008,0.124989987
2025-10-05 16:13:00.321439981,13.107526284403665,0.124989987
2025-10-05 16:13:00.446439981,15.772531263493475,0.124989987
2025-10-05 16:13:00.571429968,15.596429950647453,0.124989987
2025-10-05 16:13:00.696419954,12.903694780705681,0.124989987
2025-10-05 16:13:00.821409941,9.303443750674424,0.124989987
2025-10-05 16:13:00.946409941,9.46463540224683,0.124989987
2025-10-05 16:13:01.071300030,13.547684685697924,0.124989987
2025-10-05 16:13:01.196290016,16.39996046869525,0.124989987
2025-10-05 16:13:01.321280003,15.672774990088257,0.124989987
2025-10-05 16:13:01.446280003,11.585340815574487,0.124989987
2025-10-05 16:13:01.571269989,6.782559206735387,0.124989987
2025-10-05 16:13:01.696259975,7.15423775724682,0.124989987
2025-10-05 16:13:01.821150064,10.421219524948986,0.124989987
2025-10-05 16:13:01.946150064,11.43981549834546,0.124989987
2025-10-05 16:13:02.071039915,9.063101793836976,0.124989987
2025-10-05 16:13:02.196029902,4.602898375157873,0.124989987
2025-10-05 16:13:02.321120024,4.882097207179821,0.124989987
2025-10-05 16:13:02.446219921,8.176880837428536,0.124989987
2025-10-05 16:13:02.571110010,8.608668332390614,0.124989987
2025-10-05 16:13:02.696099997,6.680674770423718,0.124989987
2025-10-05 16:13:02.821089983,7.276954967508048,0.124989987
2025-10-05 16:13:02.946079969,10.76318211914139,0.124989987
2025-10-05 16:13:03.071180105,12.194081427393455,0.124989987
2025-10-05 16:13:03.196170092,10.41423933891751,0.124989987
2025-10-05 16:13:03.321160078,7.512324054013245,0.124989987
2025-10-05 16:13:03.446150064,7.24509716284309,0.124989987
2025-10-05 16:13:03.571150064,9.564706509993238,0.124989987
2025-10-05 16:13:03.696140051,11.930942973742269,0.124989987
2025-10-05 16:13:03.821130037,12.820900916858921,0.124989987
2025-10-05 16:13:03.946219921,11.854469512877118,0.124989987
2025-10-05 16:13:04.071120024,10.869720007623519,0.124989987
2025-10-05 16:13:04.196110010,11.83918934869102,0.124989987
2025-10-05 16:13:04.320899963,13.578642021840773,0.124989987
2025-10-05 16:13:04.445889950,14.129038839166943,0.124989987
2025-10-05 16:13:04.571089983,12.785425940782615,0.124989987
2025-10-05 16:13:04.696079969,10.58108912918576,0.124989987
2025-10-05 16:13:04.821170092,10.077132141335994,0.124989987
2025-10-05 16:13:04.946160078,11.829188435819383,0.124989987
2025-10-05 16:13:05.070950031,13.43857335318876,0.124989987
2025-10-05 16:13:05.195950031,13.289088915782266,0.124989987
2025-10-05 16:13:05.321039915,11.116621602059906,0.124989987
2025-10-05 16:13:05.446130037,7.858367984192838,0.124989987
2025-10-05 16:13:05.571019888,6.346680738578552,0.124989987
2025-10-05 16:13:05.696019888,7.970869721014952,0.124989987
2025-10-05 16:13:05.820909977,9.03006650322549,0.124989987
2025-10-05 16:13:05.945899963,7.673856915618898,0.124989987
2025-10-05 16:13:06.070990086,4.92579218179594,0.124989987
2025-10-05 16:13:06.195990086,5.068258337629604,0.124989987
2025-10-05 16:13:06.320980072,8.190245662123022,0.124989987
2025-10-05 16:13:06.445970058,11.429145481362728,0.124989987
2025-10-05 16:13:06.570960045,13.925115091352637,0.124989987
2025-10-05 16:13:06.695960045,14.359071965613897,0.124989987
2025-10-05 16:13:06.821049929,12.034864988931538,0.124989987
2025-10-05 16:13:06.946039915,8.35863632629994,0.124989987
2025-10-05 16:13:07.071029902,8.792603578404803,0.124989987
2025-10-05 16:13:07.196019888,13.2568234781262,0.124989987
2025-10-05 16:13:07.320919991,16.36039416359777,0.124989987
2025-10-05 16:13:07.445909977,15.983601367134629,0.124989987
2025-10-05 16:13:07.570899963,12.406804113738518,0.124989987
2025-10-05 16:13:07.695889950,8.173132780219404,0.124989987
2025-10-05 16:13:07.820990086,7.783396294955821,0.124989987
2025-10-05 16:13:07.946079969,9.616503720242822,0.124989987
2025-10-05 16:13:08.070869923,9.188637012094393,0.124989987
2025-10-05 16:13:08.195859909,6.0612513950928495,0.124989987
2025-10-05 16:13:08.320859909,3.635992291531983,0.124989987
2025-10-05 16:13:08.445849895,6.786327006450102,0.124989987
2025-10-05 16:13:08.570839882,9.878859892599348,0.124989987
2025-10-05 16:13:08.695830107,10.441756610886552,0.124989987
2025-10-05 16:13:08.820830107,8.449508457796524,0.124989987
2025-10-05 16:13:08.945719957,5.465480133640776,0.124989987
2025-10-05 16:13:09.070709944,3.6362801763883645,0.124989987
2025-10-05 16:13:09.195600033,3.2113031655097592,0.124989987
2025-10-05 16:13:09.320600033,2.748783204247472,0.124989987
2025-10-05 16:13:09.445489883,2.5714831729925827,0.124989987
2025-10-05 16:13:09.570480108,3.325768392756778,0.124989987
2025-10-05 16:13:09.695569992,4.404476753842276,0.124989987
2025-10-05 16:13:09.820569992,5.836254739803344,0.124989987
2025-10-05 16:13:09.945559978,7.901827096724276,0.124989987
2025-10-05 16:13:10.070549965,9.88249392558766,0.124989987
2025-10-05 16:13:10.195440054,10.396964085410318,0.124989987
2025-10-05 16:13:10.320630074,8.519271671539181,0.124989987
2025-10-05 16:13:10.445529938,4.718267911417281,0.124989987
2025-10-05 16:13:10.570519924,2.8702226340033272,0.124989987
2025-10-05 16:13:10.695410013,6.555122164758488,0.124989987
2025-10-05 16:13:10.820400000,9.432371156183741,0.124989987
2025-10-05 16:13:10.945499897,10.249781088337887,0.124989987
2025-10-05 16:13:11.070489883,9.437305307198553,0.124989987
2025-10-05 16:13:11.195379972,7.923113694575574,0.124989987
2025-10-05 16:13:11.320369959,6.125557622540254,0.124989987
2025-10-05 16:13:11.445470095,4.331587185382166,0.124989987
2025-10-05 16:13:11.570460081,3.135262689490308,0.124989987
2025-10-05 16:13:11.695450068,3.1483776036862223,0.124989987
2025-10-05 16:13:11.820539951,3.6533895671336505,0.124989987
2025-10-05 16:13:11.945440054,3.5906397627021844,0.124989987
2025-10-05 16:13:12.070430040,2.641251993986375,0.124989987
2025-10-05 16:13:12.195420027,1.5157559279211146,0.124989987
2025-10-05 16:13:12.320410013,1.748690797779584,0.124989987
2025-10-05 16:13:12.445400000,2.3556217111246878,0.124989987
2025-10-05 16:13:12.570400000,2.573896549442887,0.124989987
2025-10-05 16:13:12.695389986,3.107255443393735,0.124989987
2025-10-05 16:13:12.820480108,3.8651495867239083,0.124989987
2025-10-05 16:13:12.945470095,3.8536692759777655,0.124989987
2025-10-05 16:13:13.070470095,2.7562295750490375,0.124989987
2025-10-05 16:13:13.195359945,1.8414399742619907,0.124989987
2025-10-05 16:13:13.320349932,3.1004482355332104,0.124989987
2025-10-05 16:13:13.445339918,4.185067958091601,0.124989987
2025-10-05 16:13:13.570339918,4.401646364794882,0.124989987
2025-10-05 16:13:13.695329905,6.701750260904088,0.124989987
2025-10-05 16:13:13.820319891,11.602607923082939,0.124989987
2025-10-05 16:13:13.945310116,15.761460453088729,0.124989987
2025-10-05 16:13:14.070310116,16.710868693890994,0.124989987
2025-10-05 16:13:14.195300102,13.840256225751205,0.124989987
2025-10-05 16:13:14.320290089,8.967335535404654,0.124989987
2025-10-05 16:13:14.445280075,5.788890065726503,0.124989987
2025-10-05 16:13:14.570280075,5.452702630507187,0.124989987
2025-10-05 16:13:14.695169926,4.938753083476234,0.124989987
2025-10-05 16:13:14.820159912,5.497069746150399,0.124989987
2025-10-05 16:13:14.945250034,6.923737241256847,0.124989987
2025-10-05 16:13:15.070240021,7.006882865089227,0.124989987
2025-10-05 16:13:15.195240021,5.854142240847672,0.124989987
2025-10-05 16:13:15.320230007,5.975033089071894,0.124989987
2025-10-05 16:13:15.445219994,7.954533620180129,0.124989987
2025-10-05 16:13:15.570310116,9.637800765906976,0.124989987
2025-10-05 16:13:15.695209980,9.290490272360223,0.124989987
2025-10-05 16:13:15.820300102,6.70871886227706,0.124989987
2025-10-05 16:13:15.945290089,5.419589916930523,0.124989987
2025-10-05 16:13:16.070280075,9.188497770011104,0.124989987
2025-10-05 16:13:16.195179939,13.07928563980954,0.124989987
2025-10-05 16:13:16.320169926,14.705244129395368,0.124989987
2025-10-05 16:13:16.445159912,14.47037676959325,0.124989987
2025-10-05 16:13:16.570250034,13.92006583208639,0.124989987
2025-10-05 16:13:16.695149899,13.169678648724048,0.124989987
2025-10-05 16:13:16.820139885,10.879265667208058,0.124989987
2025-10-05 16:13:16.945130110,7.4269414723666705,0.124989987
2025-10-05 16:13:17.070120096,6.601109374467523,0.124989987
2025-10-05 16:13:17.195110083,8.928715191383304,0.124989987
2025-10-05 16:13:17.320110083,10.498425467824925,0.124989987
2025-10-05 16:13:17.444999933,10.524864400413955,0.124989987
2025-10-05 16:13:17.569989920,10.200831248705665,0.124989987
2025-10-05 16:13:17.694979906,10.648840222727827,0.124989987
2025-10-05 16:13:17.820080042,11.73343061668662,0.124989987
2025-10-05 16:13:17.945070028,12.69357261594623,0.124989987
2025-10-05 16:13:18.070060015,12.763286574933785,0.124989987
2025-10-05 16:13:18.195050001,11.64868001089896,0.124989987
2025-10-05 16:13:18.320050001,9.663687721943157,0.124989987
2025-10-05 16:13:18.445039988,7.35756463824763,0.124989987
2025-10-05 16:13:18.570130110,5.662827639324457,0.124989987
2025-10-05 16:13:18.695019960,6.319685494635711,0.124989987
2025-10-05 16:13:18.820019960,8.039052780594862,0.124989987
2025-10-05 16:13:18.945009947,7.7328445853851235,0.124989987
2025-10-05 16:13:19.069999933,5.2062149646728955,0.124989987
2025-10-05 16:13:19.194989920,6.586970996521083,0.124989987
2025-10-05 16:13:19.319989920,11.835607832708005,0.124989987
2025-10-05 16:13:19.444979906,15.603404436971147,0.124989987
2025-10-05 16:13:19.569969893,16.22704361469541,0.124989987
2025-10-05 16:13:19.694960117,14.251438726203052,0.124989987
2025-10-05 16:13:19.819950104,10.953887764446693,0.124989987
2025-10-05 16:13:19.944950104,7.641354081249016,0.124989987
2025-10-05 16:13:20.069839954,6.449054062745558,0.124989987
2025-10-05 16:13:20.194829941,8.075410402846348,0.124989987
2025-10-05 16:13:20.319819927,9.952587246002016,0.124989987
2025-10-05 16:13:20.444920063,12.306292431139283,0.124989987
2025-10-05 16:13:20.569809914,17.71641760398425,0.124989987
2025-10-05 16:13:20.694799900,24.028099808516778,0.124989987
2025-10-05 16:13:20.819689989,26.971100620193056,0.124989987
2025-10-05 16:13:20.944689989,22.682986887324603,0.124989987
2025-10-05 16:13:21.069679976,12.967378411174519,0.124989987
2025-10-05 16:13:21.194669962,9.313021775791137,0.124989987
2025-10-05 16:13:21.319659948,18.395080957282953,0.124989987
2025-10-05 16:13:21.444659948,23.836589500598656,0.124989987
2025-10-05 16:13:21.569849968,22.670510270219705,0.124989987
2025-10-05 16:13:21.694839954,16.852913458958664,0.124989987
2025-10-05 16:13:21.819730043,11.073973006860996,0.124989987
2025-10-05 16:13:21.944730043,9.316320850545296,0.124989987
2025-10-05 16:13:22.069619894,9.77044845918999,0.124989987
2025-10-05 16:13:22.194610119,9.774055397039348,0.124989987
2025-10-05 16:13:22.319499969,8.871252619144546,0.124989987
2025-10-05 16:13:22.444489956,7.553779651030736,0.124989987
2025-10-05 16:13:22.569489956,7.045849677171663,0.124989987
2025-10-05 16:13:22.694479942,7.05901387552263,0.124989987
2025-10-05 16:13:22.819570065,6.49316673949961,0.124989987
2025-10-05 16:13:22.944560051,6.599915369324215,0.124989987
2025-10-05 16:13:23.069560051,9.925261828870713,0.124989987
2025-10-05 16:13:23.194550037,14.638340678503793,0.124989987
2025-10-05 16:13:23.319540024,17.928460977069314,0.124989987
2025-10-05 16:13:23.444530010,18.509660275661865,0.124989987
2025-10-05 16:13:23.569530010,16.176945788726282,0.124989987
2025-10-05 16:13:23.694519997,12.846081434915979,0.124989987
2025-10-05 16:13:23.819509983,13.180689888963443,0.124989987
2025-10-05 16:13:23.944499969,17.3606925248996,0.124989987
2025-10-05 16:13:24.069499969,21.097155605043067,0.124989987
2025-10-05 16:13:24.194489956,22.310781494357453,0.124989987
2025-10-05 16:13:24.319580078,25.756291326095166,0.124989987
2025-10-05 16:13:24.444469929,43.71908793111168,0.124989987
2025-10-05 16:13:24.569560051,69.05939537633151,0.124989987
2025-10-05 16:13:24.694560051,85.34993661983603,0.124989987
2025-10-05 16:13:24.819550037,78.3118472476011,0.124989987
2025-10-05 16:13:24.944540024,46.91046094906871,0.124989987
2025-10-05 16:13:25.069430113,6.6179091377155554,0.124989987
2025-10-05 16:13:25.194430113,50.06891334558351,0.124989987
2025-10-05 16:13:25.319420099,80.2567269759202,0.124989987
2025-10-05 16:13:25.444410086,84.32697244202467,0.124989987
2025-10-05 16:13:25.569400072,66.27270451916021,0.124989987
2025-10-05 16:13:25.694499969,38.52740363394484,0.124989987
2025-10-05 16:13:25.819489956,16.113345089997143,0.124989987
2025-10-05 16:13:25.944479942,11.093473226192327,0.124989987
2025-10-05 16:13:26.069370031,13.650565236728884,0.124989987
2025-10-05 16:13:26.194370031,13.651991607780012,0.124989987
2025-10-05 16:13:26.319459915,10.26916971059876,0.124989987
2025-10-05 16:13:26.444449902,4.695397133598073,0.124989987
2025-10-05 16:13:26.569339991,3.6518777380245098,0.124989987
2025-10-05 16:13:26.694339991,8.136307822937564,0.124989987
2025-10-05 16:13:26.819329977,10.238582865559323,0.124989987
2025-10-05 16:13:26.944319963,9.239817699792082,0.124989987
2025-10-05 16:13:27.069309950,6.194817738270997,0.124989987
2025-10-05 16:13:27.194299936,4.471133197438988,0.124989987
2025-10-05 16:13:27.319299936,5.695138019295318,0.124989987
2025-10-05 16:13:27.444289923,6.1465503201727705,0.124989987
2025-10-05 16:13:27.569279909,5.302647679485124,0.124989987
2025-10-05 16:13:27.694269896,5.791873145761744,0.124989987
2025-10-05 16:13:27.819269896,7.108845420727266,0.124989987
2025-10-05 16:13:27.944259882,6.734400211928379,0.124989987
2025-10-05 16:13:28.069149971,8.404813174863614,0.124989987
2025-10-05 16:13:28.194139957,14.80679467217095,0.124989987
2025-10-05 16:13:28.319240093,19.70829083689466,0.124989987
2025-10-05 16:13:28.444230080,18.813698372892343,0.124989987
2025-10-05 16:13:28.569220066,11.497042990931536,0.124989987
2025-10-05 16:13:28.694210052,3.9190533852600162,0.124989987
2025-10-05 16:13:28.819210052,13.078456735333951,0.124989987
2025-10-05 16:13:28.944200039,20.013041367998646,0.124989987
2025-10-05 16:13:29.069190025,21.256412738658703,0.124989987
2025-10-05 16:13:29.194180012,17.852091877397815,0.124989987
2025-10-05 16:13:29.319180012,12.287498129815198,0.124989987
2025-10-05 16:13:29.444169998,7.193478304571995,0.124989987
2025-10-05 16:13:29.569259882,4.558327557237083,0.124989987
2025-10-05 16:13:29.694250107,4.2171296166901255,0.124989987
2025-10-05 16:13:29.819240093,3.8964804880662505,0.124989987
2025-10-05 16:13:29.944240093,3.9541237417297657,0.124989987
2025-10-05 16:13:30.069230080,5.087890514695456,0.124989987
2025-10-05 16:13:30.194119930,5.963576261227736,0.124989987
2025-10-05 16:13:30.319109917,5.57502411153674,0.124989987
2025-10-05 16:13:30.444010019,4.593937604823449,0.124989987
2025-10-05 16:13:30.569000006,4.6947171162105175,0.124989987
2025-10-05 16:13:30.693890095,5.487433712586787,0.124989987
2025-10-05 16:13:30.818880081,4.94274594922893,0.124989987
2025-10-05 16:13:30.943880081,2.82974277231889,0.124989987
2025-10-05 16:13:31.068870068,2.9107547900690625,0.124989987
2025-10-05 16:13:31.193860054,6.006439369778904,0.124989987
2025-10-05 16:13:31.318949938,7.910749940948268,0.124989987
2025-10-05 16:13:31.443850040,7.741587425658253,0.124989987
2025-10-05 16:13:31.568939924,6.349533131597079,0.124989987
2025-10-05 16:13:31.693830013,5.259762735017713,0.124989987
2025-10-05 16:13:31.818820000,5.4593680776834415,0.124989987
2025-10-05 16:13:31.943820000,6.938554041452152,0.124989987
2025-10-05 16:13:32.068909883,8.544329367248377,0.124989987
2025-10-05 16:13:32.193900108,8.72309673501991,0.124989987
2025-10-05 16:13:32.318789959,6.937685690317988,0.124989987
2025-10-05 16:13:32.443779945,5.315872697712859,0.124989987
2025-10-05 16:13:32.568979979,8.16462626520443,0.124989987
2025-10-05 16:13:32.694070101,12.12531136607881,0.124989987
2025-10-05 16:13:32.818959951,14.145890978882242,0.124989987
2025-10-05 16:13:32.944050074,13.923678717871868,0.124989987
2025-10-05 16:13:33.068949938,12.094056449051699,0.124989987
2025-10-05 16:13:33.193939924,9.30269840694962,0.124989987
2025-10-05 16:13:33.318830013,6.2151790559657245,0.124989987
2025-10-05 16:13:33.443720102,3.5026684280395424,0.124989987
2025-10-05 16:13:33.568820000,2.0867073965311955,0.124989987
2025-10-05 16:13:33.693710089,2.2990790688562672,0.124989987
2025-10-05 16:13:33.818799973,2.7139656150870817,0.124989987
2025-10-05 16:13:33.943690062,2.6733441935093207,0.124989987
2025-10-05 16:13:34.068789959,2.198669967102384,0.124989987
2025-10-05 16:13:34.193579912,1.5204506908347935,0.124989987
2025-10-05 16:13:34.318670034,1.7705170465815911,0.124989987
2025-10-05 16:13:34.443660021,3.247259311549818,0.124989987
2025-10-05 16:13:34.568749905,4.552579670843115,0.124989987
2025-10-05 16:13:34.693650007,4.751889381241845,0.124989987
2025-10-05 16:13:34.818739891,3.4937267857010514,0.124989987
2025-10-05 16:13:34.943629980,1.6075913851961883,0.124989987
2025-10-05 16:13:35.068720102,2.504175539057316,0.124989987
2025-10-05 16:13:35.193720102,4.150834820686918,0.124989987
2025-10-05 16:13:35.318809986,4.615202655099882,0.124989987
2025-10-05 16:13:35.443700075,4.009852597414149,0.124989987
2025-10-05 16:13:35.568690062,3.2254744037685374,0.124989987
2025-10-05 16:13:35.693589926,2.732082822044017,0.124989987
2025-10-05 16:13:35.818680048,2.114456264788657,0.124989987
2025-10-05 16:13:35.943670034,1.6377087907100583,0.124989987
2025-10-05 16:13:36.068660021,2.646417584246296,0.124989987
2025-10-05 16:13:36.193559885,4.662015019465081,0.124989987
2025-10-05 16:13:36.318449974,6.649601688467663,0.124989987
2025-10-05 16:13:36.443439960,7.757783909282856,0.124989987
2025-10-05 16:13:36.568429947,7.36818001447983,0.124989987
2025-10-05 16:13:36.693330050,5.660432693542607,0.124989987
2025-10-05 16:13:36.818419933,3.9866149303330016,0.124989987
2025-10-05 16:13:36.943409920,4.0744398591147455,0.124989987
2025-10-05 16:13:37.068399906,5.155771917104557,0.124989987
2025-10-05 16:13:37.193289995,7.848899191166046,0.124989987
2025-10-05 16:13:37.318389893,13.837173643446915,0.124989987
2025-10-05 16:13:37.443279982,21.099041583865652,0.124989987
2025-10-05 16:13:37.568370104,26.045242503247383,0.124989987
2025-10-05 16:13:37.693360090,25.87614231894938,0.124989987
2025-10-05 16:13:37.818459988,19.662885258423014,0.124989987
2025-10-05 16:13:37.943249941,9.763779990296998,0.124989987
2025-10-05 16:13:38.068439960,8.961566920360749,0.124989987
2025-10-05 16:13:38.193229914,16.82635733551965,0.124989987
2025-10-05 16:13:38.318330050,20.194038141170576,0.124989987
2025-10-05 16:13:38.443320036,18.06101319970029,0.124989987
2025-10-05 16:13:38.568409920,13.345455549000942,0.124989987
2025-10-05 16:13:38.693399906,9.786574158007948,0.124989987
2025-10-05 16:13:38.818500042,8.368571017971348,0.124989987
2025-10-05 16:13:38.943289995,7.116467143376271,0.124989987
2025-10-05 16:13:39.068380117,6.643569989526864,0.124989987
2025-10-05 16:13:39.193370104,8.257060073578126,0.124989987
2025-10-05 16:13:39.318360090,10.081880670242185,0.124989987
2025-10-05 16:13:39.443360090,10.310672287600017,0.124989987
2025-10-05 16:13:39.568350077,8.970864001433585,0.124989987
2025-10-05 16:13:39.693239927,7.0938034200788245,0.124989987
2025-10-05 16:13:39.818330050,6.248956004033394,0.124989987
2025-10-05 16:13:39.943330050,6.99843914355001,0.124989987
2025-10-05 16:13:40.068419933,7.952279140966066,0.124989987
2025-10-05 16:13:40.193310022,8.579405990012829,0.124989987
2025-10-05 16:13:40.318500042,8.122296799796842,0.124989987
2025-10-05 16:13:40.443399906,5.6155557720024465,0.124989987
2025-10-05 16:13:40.568389893,5.009800902211884,0.124989987
2025-10-05 16:13:40.693380117,12.414013703695595,0.124989987
2025-10-05 16:13:40.818470001,20.706865498275157,0.124989987
2025-10-05 16:13:40.943470001,25.376415236330722,0.124989987
2025-10-05 16:13:41.068559885,23.87736486327059,0.124989987
2025-10-05 16:13:41.193550110,16.1344645831762,0.124989987
2025-10-05 16:13:41.318439960,7.224836674465587,0.124989987
2025-10-05 16:13:41.443340063,11.080662913330002,0.124989987
2025-10-05 16:13:41.568429947,16.533623533535625,0.124989987
2025-10-05 16:13:41.693219900,15.903092173996383,0.124989987
2025-10-05 16:13:41.818310022,11.014031683818283,0.124989987
2025-10-05 16:13:41.943099976,9.37995626282303,0.124989987
2025-10-05 16:13:42.068200111,11.69078173687688,0.124989987
2025-10-05 16:13:42.192990065,10.599617854444329,0.124989987
2025-10-05 16:13:42.318079948,6.407026813827692,0.124989987
2025-10-05 16:13:42.442869902,7.9602791777067115,0.124989987
2025-10-05 16:13:42.567970037,14.380984158713618,0.124989987
2025-10-05 16:13:42.692859888,18.560967271196265,0.124989987
2025-10-05 16:13:42.817950010,18.7405827625942,0.124989987
2025-10-05 16:13:42.942840099,15.412464901313257,0.124989987
2025-10-05 16:13:43.067939997,10.302639259608434,0.124989987
2025-10-05 16:13:43.193030119,7.031520994612688,0.124989987
2025-10-05 16:13:43.318020105,9.072841459642177,0.124989987
2025-10-05 16:13:43.443010092,12.640597159495394,0.124989987
2025-10-05 16:13:43.568109989,15.207256671260238,0.124989987
2025-10-05 16:13:43.693000078,16.314350070257476,0.124989987
2025-10-05 16:13:43.817889929,15.378173372090425,0.124989987
2025-10-05 16:13:43.942679882,12.608939061277717,0.124989987
2025-10-05 16:13:44.067879915,9.503566010532415,0.124989987
2025-10-05 16:13:44.192770004,8.455564515044339,0.124989987
2025-10-05 16:13:44.317960024,10.617464069895172,0.124989987
2025-10-05 16:13:44.442749977,13.676527113944502,0.124989987
2025-10-05 16:13:44.567939997,15.935691331081212,0.124989987
2025-10-05 16:13:44.692840099,16.466114742678158,0.124989987
2025-10-05 16:13:44.817929983,14.975728671878809,0.124989987
2025-10-05 16:13:44.942820072,12.398397539356893,0.124989987
2025-10-05 16:13:45.067909956,10.527980013811291,0.124989987
2025-10-05 16:13:45.192810059,10.049957893895675,0.124989987
2025-10-05 16:13:45.317899942,10.095703833183103,0.124989987
2025-10-05 16:13:45.442790031,10.058239379206533,0.124989987
2025-10-05 16:13:45.567879915,9.905854915674313,0.124989987
2025-10-05 16:13:45.692780018,9.502594710718018,0.124989987
2025-10-05 16:13:45.817970037,8.654752043566354,0.124989987
2025-10-05 16:13:45.942759991,7.484056727609766,0.124989987
2025-10-05 16:13:46.067749977,6.192847203084298,0.124989987
2025-10-05 16:13:46.192850113,4.395260883764239,0.124989987
2025-10-05 16:13:46.317939997,4.880819440974846,0.124989987
2025-10-05 16:13:46.442729950,8.836522546160227,0.124989987
2025-10-05 16:13:46.567919970,12.473573533808944,0.124989987
2025-10-05 16:13:46.692810059,13.286758891540668,0.124989987
2025-10-05 16:13:46.817810059,10.451112133089904,0.124989987
2025-10-05 16:13:46.942800045,6.180019253693634,0.124989987
2025-10-05 16:13:47.067790031,7.297792781212621,0.124989987
2025-10-05 16:13:47.192879915,10.785172631530289,0.124989987
2025-10-05 16:13:47.317780018,11.61392805272372,0.124989987
2025-10-05 16:13:47.442670107,9.892553081070375,0.124989987
2025-10-05 16:13:47.567660093,7.2405119923393535,0.124989987
2025-10-05 16:13:47.692549944,5.559409869936556,0.124989987
2025-10-05 16:13:47.817749977,5.3249861809505195,0.124989987
2025-10-05 16:13:47.942640066,5.826852280645614,0.124989987
2025-10-05 16:13:48.067630053,6.270428189306293,0.124989987
2025-10-05 16:13:48.192519903,6.283559953064424,0.124989987
2025-10-05 16:13:48.317719936,6.5618383082336775,0.124989987
2025-10-05 16:13:48.442610025,7.36047365791883,0.124989987
2025-10-05 16:13:48.567699909,8.13434461189425,0.124989987
2025-10-05 16:13:48.692589998,8.348881365046157,0.124989987
2025-10-05 16:13:48.817589998,7.587833013275726,0.124989987
2025-10-05 16:13:48.942280054,5.904796704756483,0.124989987
2025-10-05 16:13:49.067470074,5.004556783551467,0.124989987
2025-10-05 16:13:49.192460060,7.42049173788887,0.124989987
2025-10-05 16:13:49.317549944,11.607238340454115,0.124989987
2025-10-05 16:13:49.442450047,15.346362743932389,0.124989987
2025-10-05 16:13:49.567640066,16.63062129765307,0.124989987
2025-10-05 16:13:49.692529917,13.983705181926284,0.124989987
2025-10-05 16:13:49.817620039,7.956869646776356,0.124989987
2025-10-05 16:13:49.942620039,6.986870508036412,0.124989987
2025-10-05 16:13:50.067709923,14.014807792886172,0.124989987
2025-10-05 16:13:50.192600012,18.20912947827647,0.124989987
2025-10-05 16:13:50.317589998,16.94602722063702,0.124989987
2025-10-05 16:13:50.442490101,10.988586783207976,0.124989987
2025-10-05 16:13:50.567579985,4.940446034055833,0.124989987
2025-10-05 16:13:50.692470074,8.778039998412346,0.124989987
2025-10-05 16:13:50.817559958,13.16358148393719,0.124989987
2025-10-05 16:13:50.942460060,13.883256920632565,0.124989987
2025-10-05 16:13:51.067549944,11.462661959492088,0.124989987
2025-10-05 16:13:51.192539930,7.6150185083629305,0.124989987
2025-10-05 16:13:51.317529917,4.631158232346418,0.124989987
2025-10-05 16:13:51.442430019,4.224407180783831,0.124989987
2025-10-05 16:13:51.567620039,5.700136035194863,0.124989987
2025-10-05 16:13:51.692509890,7.280298875510812,0.124989987
2025-10-05 16:13:51.817600012,7.726151775048559,0.124989987
2025-10-05 16:13:51.942490101,6.751630874645697,0.124989987
2025-10-05 16:13:52.067589998,4.829854442889245,0.124989987
2025-10-05 16:13:52.192480087,3.420147216840235,0.124989987
2025-10-05 16:13:52.317569971,4.397233119992615,0.124989987
2025-10-05 16:13:52.442559958,6.604810127152708,0.124989987
2025-10-05 16:13:52.567559958,8.44770539651952,0.124989987
2025-10-05 16:13:52.692450047,8.944807163798389,0.124989987
2025-10-05 16:13:52.817539930,7.715957924810179,0.124989987
2025-10-05 16:13:52.942430019,5.2948930903972915,0.124989987
2025-10-05 16:13:53.067430019,3.7643519734153457,0.124989987
2025-10-05 16:13:53.192320108,4.74334445946897,0.124989987
2025-10-05 16:13:53.317409992,5.2690994740997255,0.124989987
2025-10-05 16:13:53.442300081,7.841417872577319,0.124989987
2025-10-05 16:13:53.567399979,15.08518000238055,0.124989987
2025-10-05 16:13:53.692290068,22.074078430160764,0.124989987
2025-10-05 16:13:53.817480087,23.819839046274204,0.124989987
2025-10-05 16:13:53.942369938,17.998585194662244,0.124989987
2025-10-05 16:13:54.067359924,7.5162475465298515,0.124989987
2025-10-05 16:13:54.192260027,12.220162205701735,0.124989987
2025-10-05 16:13:54.317349911,23.12170957943752,0.124989987
2025-10-05 16:13:54.442240000,27.759555204844155,0.124989987
2025-10-05 16:13:54.567329884,25.344865723692106,0.124989987
2025-10-05 16:13:54.692229986,18.571412759900603,0.124989987
2025-10-05 16:13:54.817219973,11.268923070861696,0.124989987
2025-10-05 16:13:54.942110062,6.127968935919307,0.124989987
2025-10-05 16:13:55.067199945,4.5727118136284295,0.124989987
2025-10-05 16:13:55.192100048,7.346686848318838,0.124989987
2025-10-05 16:13:55.317189932,11.334427864905667,0.124989987
2025-10-05 16:13:55.442080021,14.467155702224087,0.124989987
2025-10-05 16:13:55.567070007,14.748541187791863,0.124989987
2025-10-05 16:13:55.692070007,11.176543635639153,0.124989987
2025-10-05 16:13:55.816960096,6.740387407213474,0.124989987
2025-10-05 16:13:55.941849947,10.543278865700792,0.124989987
2025-10-05 16:13:56.066839933,16.396364319784553,0.124989987
2025-10-05 16:13:56.191740036,18.183629572459154,0.124989987
2025-10-05 16:13:56.316829920,15.378712723416319,0.124989987
2025-10-05 16:13:56.441720009,10.33371574074021,0.124989987
2025-10-05 16:13:56.566809893,6.95856743750278,0.124989987
2025-10-05 16:13:56.691800117,7.197799957448593,0.124989987
2025-10-05 16:13:56.816800117,8.38219766410015,0.124989987
2025-10-05 16:13:56.941790104,9.242848259176174,0.124989987
2025-10-05 16:13:57.066780090,9.854549507790399,0.124989987
2025-10-05 16:13:57.191669941,9.40103189444643,0.124989987
2025-10-05 16:13:57.316669941,7.19172570249881,0.124989987
2025-10-05 16:13:57.441659927,4.85076376919728,0.124989987
2025-10-05 16:13:57.566649914,6.845797792811734,0.124989987
2025-10-05 16:13:57.691639900,10.008927410344576,0.124989987
2025-10-05 16:13:57.816639900,11.014986253228873,0.124989987
2025-10-05 16:13:57.941629887,9.232549244401353,0.124989987
2025-10-05 16:13:58.066720009,6.219328809740564,0.124989987
2025-10-05 16:13:58.191610098,6.395008401902535,0.124989987
2025-10-05 16:13:58.316709995,8.350088784242535,0.124989987
2025-10-05 16:13:58.441699982,8.430675631710189,0.124989987
2025-10-05 16:13:58.566689968,7.384119382016857,0.124989987
2025-10-05 16:13:58.691679955,7.777198944073373,0.124989987
2025-10-05 16:13:58.816679955,9.479044398246323,0.124989987
2025-10-05 16:13:58.941669941,10.668360004889504,0.124989987
2025-10-05 16:13:59.066760062,11.456926507626424,0.124989987
2025-10-05 16:13:59.191750050,13.667455554476334,0.124989987
2025-10-05 16:13:59.316740036,17.64701735633832,0.124989987
2025-10-05 16:13:59.441639900,21.24279305420542,0.124989987
2025-10-05 16:13:59.566730022,21.611221251257277,0.124989987
2025-10-05 16:13:59.691720009,16.86247245326654,0.124989987
2025-10-05 16:13:59.816709995,7.902774388134271,0.124989987
2025-10-05 16:13:59.941610098,7.111959770939719,0.124989987
2025-10-05 16:14:00.066699982,16.416199386238798,0.124989987
2025-10-05 16:14:00.191689968,21.984539854625638,0.124989987
2025-10-05 16:14:00.316580057,22.51462739904909,0.124989987
2025-10-05 16:14:00.441580057,19.507777015627333,0.124989987
2025-10-05 16:14:00.566669941,15.479245508568109,0.124989987
2025-10-05 16:14:00.691659927,11.821971673334993,0.124989987
2025-10-05 16:14:00.816550016,8.492747990706484,0.124989987
2025-10-05 16:14:00.941550016,6.492603957054366,0.124989987
2025-10-05 16:14:01.066639900,7.226570830886875,0.124989987
2025-10-05 16:14:01.191529989,8.29375338142948,0.124989987
2025-10-05 16:14:01.316620111,7.345256001839895,0.124989987
2025-10-05 16:14:01.441420078,4.376701586772053,0.124989987
2025-10-05 16:14:01.566509962,4.295204230566342,0.124989987
2025-10-05 16:14:01.691600084,9.196513888669553,0.124989987
2025-10-05 16:14:01.816590071,13.886167458081296,0.124989987
2025-10-05 16:14:01.941580057,17.17719952646167,0.124989987
2025-10-05 16:14:02.066580057,19.204750108358713,0.124989987
2025-10-05 16:14:02.191370010,20.375450416365716,0.124989987
2025-10-05 16:14:02.316459894,20.5168790472163,0.124989987
2025-10-05 16:14:02.441349983,19.127491001608934,0.124989987
2025-10-05 16:14:02.566550016,15.904531918464375,0.124989987
2025-10-05 16:14:02.691440105,11.27168944377723,0.124989987
2025-10-05 16:14:02.816629887,7.715377432271542,0.124989987
2025-10-05 16:14:02.941519976,9.927762984163703,0.124989987
2025-10-05 16:14:03.066620110,15.45496199877276,0.124989987
2025-10-05 16:14:03.191410065,20.388306527825847,0.124989987
2025-10-05 16:14:03.316600084,23.002861221773482,0.124989987
2025-10-05 16:14:03.441790104,22.535282291595262,0.124989987
2025-10-05 16:14:03.566590071,19.38792076951497,0.124989987
2025-10-05 16:14:03.691380024,14.989077677962912,0.124989987
2025-10-05 16:14:03.816469908,10.640221442591505,0.124989987
2025-10-05 16:14:03.941359997,6.879865164743492,0.124989987
2025-10-05 16:14:04.066550016,4.034939732443968,0.124989987
2025-10-05 16:14:04.191450119,4.209720386735561,0.124989987
2025-10-05 16:14:04.316639900,7.20260891881185,0.124989987
2025-10-05 16:14:04.441529989,10.327149146285388,0.124989987
2025-10-05 16:14:04.566620111,12.371605807228098,0.124989987
2025-10-05 16:14:04.691420078,12.557994122241416,0.124989987
2025-10-05 16:14:04.816509962,10.847904673575954,0.124989987
2025-10-05 16:14:04.941400051,8.762854400365102,0.124989987
2025-10-05 16:14:05.066489935,8.454161599877423,0.124989987
2025-10-05 16:14:05.191390038,9.46454556459284,0.124989987
2025-10-05 16:14:05.316479921,10.148981682244283,0.124989987
2025-10-05 16:14:05.441370010,10.308144993926696,0.124989987
2025-10-05 16:14:05.566459894,11.537707848829244,0.124989987
2025-10-05 16:14:05.691359997,14.800454687924288,0.124989987
2025-10-05 16:14:05.816450119,17.970969774923667,0.124989987
2025-10-05 16:14:05.941440105,18.545960429794544,0.124989987
2025-10-05 16:14:06.066430091,16.37913775909095,0.124989987
2025-10-05 16:14:06.191329956,12.964767751216684,0.124989987
2025-10-05 16:14:06.316519976,10.41513059477667,0.124989987
2025-10-05 16:14:06.441410065,10.17584331504038,0.124989987
2025-10-05 16:14:06.566400051,10.56396187535789,0.124989987
2025-10-05 16:14:06.691289902,10.239214554900782,0.124989987
2025-10-05 16:14:06.816289902,9.428940340421187,0.124989987
2025-10-05 16:14:06.941179991,9.05595710035168,0.124989987
2025-10-05 16:14:07.066169977,10.073201413291951,0.124989987
2025-10-05 16:14:07.191060066,12.18601109061115,0.124989987
2025-10-05 16:14:07.316159964,13.714826895779108,0.124989987
2025-10-05 16:14:07.441050053,13.027058357843227,0.124989987
2025-10-05 16:14:07.566040039,9.970304233594979,0.124989987
2025-10-05 16:14:07.691030025,6.770887989682965,0.124989987
2025-10-05 16:14:07.816030025,5.960190036912664,0.124989987
2025-10-05 16:14:07.940920115,6.070142118310245,0.124989987
2025-10-05 16:14:08.066009998,5.978610145246888,0.124989987
2025-10-05 16:14:08.190999985,6.8421271504437104,0.124989987
2025-10-05 16:14:08.315999985,7.781156380867051,0.124989987
2025-10-05 16:14:08.440989971,7.075861840280871,0.124989987
2025-10-05 16:14:08.566179991,5.439522546116986,0.124989987
2025-10-05 16:14:08.691070080,5.557110937840363,0.124989987
2025-10-05 16:14:08.816060066,6.941074766529242,0.124989987
2025-10-05 16:14:08.940959930,7.414265294324179,0.124989987
2025-10-05 16:14:09.066149950,7.150348359609131,0.124989987
2025-10-05 16:14:09.191040039,6.827715953944335,0.124989987
2025-10-05 16:14:09.316129923,6.70754938583869,0.124989987
2025-10-05 16:14:09.440929890,7.783800115787597,0.124989987
2025-10-05 16:14:09.566020012,10.26608279700339,0.124989987
2025-10-05 16:14:09.691009998,11.886661329065534,0.124989987
2025-10-05 16:14:09.815999985,11.671622533691835,0.124989987
2025-10-05 16:14:09.940999985,10.564303079811275,0.124989987
2025-10-05 16:14:10.065989970,9.934383556484368,0.124989987
2025-10-05 16:14:10.190979958,10.446424672682083,0.124989987
2025-10-05 16:14:10.315969944,11.407510029537999,0.124989987
2025-10-05 16:14:10.440969944,11.628771795481155,0.124989987
2025-10-05 16:14:10.566159964,10.612352796761094,0.124989987
2025-10-05 16:14:10.691050053,8.943301196113213,0.124989987
2025-10-05 16:14:10.816040039,9.327699914000075,0.124989987
2025-10-05 16:14:10.941040039,11.624056066598827,0.124989987
2025-10-05 16:14:11.066030025,12.697498458496188,0.124989987
2025-10-05 16:14:11.191020012,11.370021014569453,0.124989987
2025-10-05 16:14:11.315910101,9.11703179747614,0.124989987
2025-10-05 16:14:11.440999985,8.23611309999019,0.124989987
2025-10-05 16:14:11.565999985,7.916907561502597,0.124989987
2025-10-05 16:14:11.690989971,6.618345912277402,0.124989987
2025-10-05 16:14:11.815979958,5.023093314120294,0.124989987
2025-10-05 16:14:11.940969944,4.362107173183047,0.124989987
2025-10-05 16:14:12.065969944,4.323735582668187,0.124989987
2025-10-05 16:14:12.190959930,4.75871808573349,0.124989987
2025-10-05 16:14:12.315949917,6.505275781040416,0.124989987
2025-10-05 16:14:12.440939903,8.329416692759944,0.124989987
2025-10-05 16:14:12.565939903,8.956212900236572,0.124989987
2025-10-05 16:14:12.691030025,7.967626761764824,0.124989987
2025-10-05 16:14:12.815920115,5.787659306849618,0.124989987
2025-10-05 16:14:12.940910101,4.290029794943154,0.124989987
2025-10-05 16:14:13.065910101,5.796755109994557,0.124989987
2025-10-05 16:14:13.190900087,7.353348832897022,0.124989987
2025-10-05 16:14:13.315989971,6.731691861398143,0.124989987
2025-10-05 16:14:13.440880060,4.6718810953894145,0.124989987
2025-10-05 16:14:13.565870047,4.129556777059495,0.124989987
2025-10-05 16:14:13.690769911,5.142598808433923,0.124989987
2025-10-05 16:14:13.815759897,5.027246466449501,0.124989987
2025-10-05 16:14:13.940649986,4.285274561129426,0.124989987
2025-10-05 16:14:14.065639973,5.090199632398124,0.124989987
2025-10-05 16:14:14.190540075,6.067464140409732,0.124989987
2025-10-05 16:14:14.315530062,5.333803303514388,0.124989987
2025-10-05 16:14:14.440419912,4.79838048161398,0.124989987
2025-10-05 16:14:14.565409899,6.7414346400132805,0.124989987
2025-10-05 16:14:14.690510035,8.085742461627875,0.124989987
2025-10-05 16:14:14.815500021,6.832014867346309,0.124989987
2025-10-05 16:14:14.940589905,4.12775004946908,0.124989987
2025-10-05 16:14:15.065579891,5.852590743574079,0.124989987
2025-10-05 16:14:15.190479994,9.791884416895504,0.124989987
2025-10-05 16:14:15.315570116,11.85184612291077,0.124989987
2025-10-05 16:14:15.440459967,11.395521567179582,0.124989987
2025-10-05 16:14:15.565550089,9.18794148455126,0.124989987
2025-10-05 16:14:15.690449953,6.624809573675004,0.124989987
2025-10-05 16:14:15.815439939,5.206944740031624,0.124989987
2025-10-05 16:14:15.940429926,5.302837525434757,0.124989987
2025-10-05 16:14:16.065419912,5.734065439064765,0.124989987
2025-10-05 16:14:16.190609932,5.51429089837814,0.124989987
2025-10-05 16:14:16.315609932,4.620777726401694,0.124989987
2025-10-05 16:14:16.440399885,3.9832242351165714,0.124989987
2025-10-05 16:14:16.565390110,4.473892644133406,0.124989987
2025-10-05 16:14:16.690380096,5.303860199439461,0.124989987
2025-10-05 16:14:16.815380096,5.283577103428888,0.124989987
2025-10-05 16:14:16.940469980,4.179678340335414,0.124989987
2025-10-05 16:14:17.065459966,4.217438660109594,0.124989987
2025-10-05 16:14:17.190449953,7.180905572466817,0.124989987
2025-10-05 16:14:17.315449953,10.030635220540969,0.124989987
2025-10-05 16:14:17.440439939,10.578484387717271,0.124989987
2025-10-05 16:14:17.565429926,8.499486639159214,0.124989987
2025-10-05 16:14:17.690419912,6.231095796932349,0.124989987
2025-10-05 16:14:17.815419912,7.637468692982054,0.124989987
2025-10-05 16:14:17.940310001,10.542656321040397,0.124989987
2025-10-05 16:14:18.065299988,11.902516278622725,0.124989987
2025-10-05 16:14:18.190390110,10.806868869753856,0.124989987
2025-10-05 16:14:18.315390110,9.634712546902268,0.124989987
2025-10-05 16:14:18.440279961,12.920592965838798,0.124989987
2025-10-05 16:14:18.565269947,18.252275156501092,0.124989987
2025-10-05 16:14:18.690360069,21.9360359870648,0.124989987
2025-10-05 16:14:18.815350056,22.33052937067256,0.124989987
2025-10-05 16:14:18.940350056,19.425608317323967,0.124989987
2025-10-05 16:14:19.065340042,14.234722482307623,0.124989987
2025-10-05 16:14:19.190330029,8.8675665021318,0.124989987
2025-10-05 16:14:19.315320015,7.443770984383925,0.124989987
2025-10-05 16:14:19.440320015,10.056333209786509,0.124989987
2025-10-05 16:14:19.565310001,12.979775561613227,0.124989987
2025-10-05 16:14:19.690399885,15.053765181530435,0.124989987
2025-10-05 16:14:19.815390110,15.871182348208276,0.124989987
2025-10-05 16:14:19.940390110,15.157084525301592,0.124989987
2025-10-05 16:14:20.065380096,12.780436369325033,0.124989987
2025-10-05 16:14:20.190370083,9.587508024491191,0.124989987
2025-10-05 16:14:20.315360069,6.846243561238747,0.124989987
2025-10-05 16:14:20.440360069,5.125434754832998,0.124989987
2025-10-05 16:14:20.565449953,5.372167081424033,0.124989987
2025-10-05 16:14:20.690439939,6.726793570439559,0.124989987
2025-10-05 16:14:20.815429926,7.565994265022741,0.124989987
2025-10-05 16:14:20.940419912,7.92233652580866,0.124989987
2025-10-05 16:14:21.065320014,8.3853682560404,0.124989987
2025-10-05 16:14:21.190310001,8.942577782793615,0.124989987
2025-10-05 16:14:21.315099955,9.390265610884871,0.124989987
2025-10-05 16:14:21.440089941,9.35877855899278,0.124989987
2025-10-05 16:14:21.565190077,8.417191519785622,0.124989987
2025-10-05 16:14:21.690180063,6.772238698886285,0.124989987
2025-10-05 16:14:21.814970016,5.4693930686891585,0.124989987
2025-10-05 16:14:21.939960003,5.7647466104007545,0.124989987
2025-10-05 16:14:22.064960003,7.379437146591195,0.124989987
2025-10-05 16:14:22.190049887,9.199202878634974,0.124989987
2025-10-05 16:14:22.315040112,10.302732398683228,0.124989987
2025-10-05 16:14:22.440030098,10.005327854149206,0.124989987
2025-10-05 16:14:22.565129995,8.502698381721299,0.124989987
2025-10-05 16:14:22.690220118,7.404266934234002,0.124989987
2025-10-05 16:14:22.815010071,8.473944166565238,0.124989987
2025-10-05 16:14:22.940000057,11.058352283829947,0.124989987
2025-10-05 16:14:23.064899921,13.177644827776852,0.124989987
2025-10-05 16:14:23.189889908,13.424977478663678,0.124989987
2025-10-05 16:14:23.314980030,11.585447296601027,0.124989987
2025-10-05 16:14:23.439970016,8.519433218473749,0.124989987
2025-10-05 16:14:23.564860106,5.542412906429293,0.124989987
2025-10-05 16:14:23.689860106,3.9618033284525875,0.124989987
2025-10-05 16:14:23.814949989,3.48501570466691,0.124989987
2025-10-05 16:14:23.939939976,3.240300180024684,0.124989987
2025-10-05 16:14:24.064830065,3.740638469803918,0.124989987
2025-10-05 16:14:24.189830065,4.9433744040893774,0.124989987
2025-10-05 16:14:24.314919949,5.79154640505349,0.124989987
2025-10-05 16:14:24.439909935,5.495058506954134,0.124989987
2025-10-05 16:14:24.564899921,4.10297345725207,0.124989987
2025-10-05 16:14:24.689899921,3.1245904053365137,0.124989987
2025-10-05 16:14:24.814790010,4.217805037418989,0.124989987
2025-10-05 16:14:24.939779997,5.662050953918553,0.124989987
2025-10-05 16:14:25.064769983,6.07569680828907,0.124989987
2025-10-05 16:14:25.189769983,5.474901142808333,0.124989987
2025-10-05 16:14:25.314759970,4.562270423927324,0.124989987
2025-10-05 16:14:25.439749956,4.676063786030939,0.124989987
2025-10-05 16:14:25.564840078,6.8367331909902695,0.124989987
2025-10-05 16:14:25.689840078,9.107374449889825,0.124989987
2025-10-05 16:14:25.814830065,9.718113175855537,0.124989987
2025-10-05 16:14:25.939820051,7.544562190278972,0.124989987
2025-10-05 16:14:26.064909935,3.4385827223851986,0.124989987
2025-10-05 16:14:26.189899921,4.358423693859401,0.124989987
2025-10-05 16:14:26.314800024,8.356731605814021,0.124989987
2025-10-05 16:14:26.439790010,10.015914101435223,0.124989987
2025-10-05 16:14:26.564879894,9.270534513295715,0.124989987
2025-10-05 16:14:26.689870119,7.8004563127709385,0.124989987
2025-10-05 16:14:26.814670086,6.965194536717191,0.124989987
2025-10-05 16:14:26.939660072,6.288223067076024,0.124989987
2025-10-05 16:14:27.064650058,4.799409669474153,0.124989987
2025-10-05 16:14:27.189640045,3.170002878658473,0.124989987
2025-10-05 16:14:27.314640045,3.0418500858992044,0.124989987
2025-10-05 16:14:27.439630032,3.8217435577492647,0.124989987
2025-10-05 16:14:27.564620018,3.933562244872578,0.124989987
2025-10-05 16:14:27.689610004,3.071224046342761,0.124989987
2025-10-05 16:14:27.814610004,3.2283874280412803,0.124989987
2025-10-05 16:14:27.939599991,5.541786357228597,0.124989987
2025-10-05 16:14:28.064589977,8.021359988356588,0.124989987
2025-10-05 16:14:28.189579964,9.578412156392623,0.124989987
2025-10-05 16:14:28.314579964,9.589260029184837,0.124989987
2025-10-05 16:14:28.439569950,7.957520856273204,0.124989987
2025-10-05 16:14:28.564559937,5.587817068788491,0.124989987
2025-10-05 16:14:28.689549923,5.6594324635142526,0.124989987
2025-10-05 16:14:28.814640045,8.566913147725906,0.124989987
2025-10-05 16:14:28.939640045,10.638233302789097,0.124989987
2025-10-05 16:14:29.064630032,10.115764978626084,0.124989987
2025-10-05 16:14:29.189719915,8.657704377371289,0.124989987
2025-10-05 16:14:29.314510107,9.705763839402854,0.124989987
2025-10-05 16:14:29.439610004,11.974650417795878,0.124989987
2025-10-05 16:14:29.564599991,12.022613693582066,0.124989987
2025-10-05 16:14:29.689490080,9.646692538911875,0.124989987
2025-10-05 16:14:29.814579964,8.260022235393013,0.124989987
2025-10-05 16:14:29.939480066,10.184964222378937,0.124989987
2025-10-05 16:14:30.064470053,12.311930801893624,0.124989987
2025-10-05 16:14:30.189460039,12.322982442506806,0.124989987
2025-10-05 16:14:30.314450026,10.666421734409202,0.124989987
2025-10-05 16:14:30.439349890,9.245017433651707,0.124989987
2025-10-05 16:14:30.564340115,8.821104702128528,0.124989987
2025-10-05 16:14:30.689330101,8.079201349403357,0.124989987
2025-10-05 16:14:30.814320087,6.480231684435133,0.124989987
2025-10-05 16:14:30.939219952,5.0671014059539,0.124989987
2025-10-05 16:14:31.064209937,5.2818040669898965,0.124989987
2025-10-05 16:14:31.189100027,5.9584015955472465,0.124989987
2025-10-05 16:14:31.314090014,6.171023102727539,0.124989987
2025-10-05 16:14:31.439080000,6.009466470769097,0.124989987
2025-10-05 16:14:31.564080000,5.643350669071345,0.124989987
2025-10-05 16:14:31.689069986,6.189398692645836,0.124989987
2025-10-05 16:14:31.814059973,7.811423859056108,0.124989987
2025-10-05 16:14:31.939150095,8.66536586153216,0.124989987
2025-10-05 16:14:32.064150095,7.377714444528535,0.124989987
2025-10-05 16:14:32.189140081,4.5364074157132315,0.124989987
2025-10-05 16:14:32.314229965,4.1905616036743805,0.124989987
2025-10-05 16:14:32.439219952,6.452797541502137,0.124989987
2025-10-05 16:14:32.564219952,7.424091810474397,0.124989987
2025-10-05 16:14:32.689110041,6.816576669592516,0.124989987
2025-10-05 16:14:32.814100027,6.157197937602624,0.124989987
2025-10-05 16:14:32.939090014,6.963739885004106,0.124989987
2025-10-05 16:14:33.064090014,8.32050661369192,0.124989987
2025-10-05 16:14:33.189179897,10.741757011215066,0.124989987
2025-10-05 16:14:33.314169884,14.144153892267152,0.124989987
2025-10-05 16:14:33.439260006,16.03966812037503,0.124989987
2025-10-05 16:14:33.564249992,13.713613159163854,0.124989987
2025-10-05 16:14:33.689249992,7.117915947373708,0.124989987
2025-10-05 16:14:33.814239979,3.9639104184127323,0.124989987
2025-10-05 16:14:33.939130068,10.964202755057158,0.124989987
2025-10-05 16:14:34.064120053,15.024263799730488,0.124989987
2025-10-05 16:14:34.189120054,14.441094352262398,0.124989987
2025-10-05 16:14:34.314110041,10.703331984943938,0.124989987
2025-10-05 16:14:34.439100027,5.906468200593737,0.124989987
2025-10-05 16:14:34.564090014,2.9701724617114413,0.124989987
2025-10-05 16:14:34.689090014,2.266465890688187,0.124989987
2025-10-05 16:14:34.814080000,2.699886786746808,0.124989987
2025-10-05 16:14:34.939169884,3.530653013685853,0.124989987
2025-10-05 16:14:35.064160109,4.642169666660515,0.124989987
2025-10-05 16:14:35.189160109,6.290971121633288,0.124989987
2025-10-05 16:14:35.314150095,8.121696025303644,0.124989987
2025-10-05 16:14:35.439140081,9.629988342809353,0.124989987
2025-10-05 16:14:35.564130068,11.166085401748726,0.124989987
2025-10-05 16:14:35.689120054,13.082393749099513,0.124989987
2025-10-05 16:14:35.814120054,14.661966451429699,0.124989987
2025-10-05 16:14:35.939009905,14.409614597995393,0.124989987
2025-10-05 16:14:36.063999891,11.91996847164056,0.124989987
2025-10-05 16:14:36.188990116,9.01635296243104,0.124989987
2025-10-05 16:14:36.313990116,8.518508380152008,0.124989987
2025-10-05 16:14:36.438980103,9.24873333289424,0.124989987
2025-10-05 16:14:36.563970089,8.607195598386154,0.124989987
2025-10-05 16:14:36.689059973,8.057557070689791,0.124989987
2025-10-05 16:14:36.814059973,9.844528428207871,0.124989987
2025-10-05 16:14:36.939049959,11.05846074611779,0.124989987
2025-10-05 16:14:37.063940048,9.097773527987933,0.124989987
2025-10-05 16:14:37.188930035,5.029513173330695,0.124989987
2025-10-05 16:14:37.313829899,6.054658750192944,0.124989987
2025-10-05 16:14:37.438819885,10.227389385571078,0.124989987
2025-10-05 16:14:37.563709974,11.539860357831243,0.124989987
2025-10-05 16:14:37.688800097,9.875626301177006,0.124989987
2025-10-05 16:14:37.813699961,8.200153243156985,0.124989987
2025-10-05 16:14:37.938689947,8.964214983793507,0.124989987
2025-10-05 16:14:38.063679933,10.049341388555222,0.124989987
2025-10-05 16:14:38.188869953,10.585094068377572,0.124989987
2025-10-05 16:14:38.313669920,11.542809591802767,0.124989987
2025-10-05 16:14:38.438760042,12.632057964016276,0.124989987
2025-10-05 16:14:38.563750029,12.225453184799122,0.124989987
2025-10-05 16:14:38.688740015,10.060725720398105,0.124989987
2025-10-05 16:14:38.813730001,9.301770624131462,0.124989987
2025-10-05 16:14:38.938829899,12.635582375481908,0.124989987
2025-10-05 16:14:39.063620090,15.522395853296715,0.124989987
2025-10-05 16:14:39.188709974,14.022311402462865,0.124989987
2025-10-05 16:14:39.313699961,8.130387185206125,0.124989987
2025-10-05 16:14:39.438600063,4.3435117369156515,0.124989987
2025-10-05 16:14:39.563689947,9.124592927356812,0.124989987
2025-10-05 16:14:39.688679934,11.689969997368943,0.124989987
2025-10-05 16:14:39.813669920,11.4329098845953,0.124989987
2025-10-05 16:14:39.938669920,11.507154704679738,0.124989987
2025-10-05 16:14:40.063659906,12.616429701009277,0.124989987
2025-10-05 16:14:40.188649893,12.331591792755225,0.124989987
2025-10-05 16:14:40.313640118,9.785600125909244,0.124989987
2025-10-05 16:14:40.438640118,6.774625018910049,0.124989987
2025-10-05 16:14:40.563630104,6.204159178049755,0.124989987
2025-10-05 16:14:40.688620090,6.7255677217779155,0.124989987
2025-10-05 16:14:40.813610077,6.409282498671595,0.124989987
2025-10-05 16:14:40.938600063,5.837648804829131,0.124989987
2025-10-05 16:14:41.063699961,5.08912270394014,0.124989987
2025-10-05 16:14:41.188590050,4.758953036033765,0.124989987
2025-10-05 16:14:41.313479900,7.722902865971513,0.124989987
2025-10-05 16:14:41.438570023,12.292256608250211,0.124989987
2025-10-05 16:14:41.563570023,15.120982121538798,0.124989987
2025-10-05 16:14:41.688760042,14.511234267737978,0.124989987
2025-10-05 16:14:41.813549995,11.782091060553006,0.124989987
2025-10-05 16:14:41.938740015,10.607251575898866,0.124989987
2025-10-05 16:14:42.063640117,11.229898281330247,0.124989987
2025-10-05 16:14:42.188730001,10.858434961442788,0.124989987
2025-10-05 16:14:42.313620090,9.670710252071718,0.124989987
2025-10-05 16:14:42.438709974,9.303823972859062,0.124989987
2025-10-05 16:14:42.563610077,8.907637151946863,0.124989987
2025-10-05 16:14:42.688600063,7.345352634040316,0.124989987
2025-10-05 16:14:42.813689947,6.795041726988068,0.124989987
2025-10-05 16:14:42.938580036,8.771617396424732,0.124989987
2025-10-05 16:14:43.063469887,10.250145559487924,0.124989987
2025-10-05 16:14:43.188469887,9.565633945702501,0.124989987
2025-10-05 16:14:43.313359976,7.26292414337648,0.124989987
2025-10-05 16:14:43.438450098,5.276413957938573,0.124989987
2025-10-05 16:14:43.563339949,4.903080854673007,0.124989987
2025-10-05 16:14:43.688440084,5.162392456232963,0.124989987
2025-10-05 16:14:43.813329935,6.222686737884046,0.124989987
2025-10-05 16:14:43.938319921,8.64115176705241,0.124989987
2025-10-05 16:14:44.063210011,11.560326145608352,0.124989987
2025-10-05 16:14:44.188210011,14.20685891033845,0.124989987
2025-10-05 16:14:44.313100100,16.161405750603475,0.124989987
2025-10-05 16:14:44.438189983,16.706967371628192,0.124989987
2025-10-05 16:14:44.563179970,15.432281276327684,0.124989987
2025-10-05 16:14:44.688179970,12.604614731002052,0.124989987
2025-10-05 16:14:44.813070059,9.993698021484441,0.124989987
2025-10-05 16:14:44.938060045,10.645251796593211,0.124989987
2025-10-05 16:14:45.063050032,12.676413456060477,0.124989987
2025-10-05 16:14:45.188050032,12.217773957396208,0.124989987
2025-10-05 16:14:45.313040018,10.247565311584745,0.124989987
2025-10-05 16:14:45.438129902,12.013611412207782,0.124989987
2025-10-05 16:14:45.563119888,16.769701429100554,0.124989987
2025-10-05 16:14:45.688110113,19.918887553550825,0.124989987
2025-10-05 16:14:45.813009977,19.37138147378578,0.124989987
2025-10-05 16:14:45.938100100,15.294968902809247,0.124989987
2025-10-05 16:14:46.063189983,9.460255412330314,0.124989987
2025-10-05 16:14:46.188080072,7.047220354194553,0.124989987
2025-10-05 16:14:46.312979937,11.714477456875146,0.124989987
2025-10-05 16:14:46.438070059,15.395922598350024,0.124989987
2025-10-05 16:14:46.563159943,14.896694710321142,0.124989987
2025-10-05 16:14:46.688250065,11.965382544606003,0.124989987
2025-10-05 16:14:46.813050032,12.862593430545841,0.124989987
2025-10-05 16:14:46.938040018,17.324894796601622,0.124989987
2025-10-05 16:14:47.063030005,18.849269444631243,0.124989987
2025-10-05 16:14:47.188119888,15.49740055181168,0.124989987
2025-10-05 16:14:47.313119888,11.584275406834127,0.124989987
2025-10-05 16:14:47.438210011,14.417747061452044,0.124989987
2025-10-05 16:14:47.563100100,19.132821191219445,0.124989987
2025-10-05 16:14:47.688189983,20.104354549747352,0.124989987
2025-10-05 16:14:47.813090086,17.697257598737323,0.124989987
2025-10-05 16:14:47.938179970,15.477830987150005,0.124989987
2025-10-05 16:14:48.062969923,15.012747326884911,0.124989987
2025-10-05 16:14:48.188060045,14.158322806445684,0.124989987
2025-10-05 16:14:48.312849998,13.008350013593535,0.124989987
2025-10-05 16:14:48.437949896,13.357518455088954,0.124989987
2025-10-05 16:14:48.562839985,13.871702196052944,0.124989987
2025-10-05 16:14:48.687930107,12.329187934490738,0.124989987
2025-10-05 16:14:48.812920094,9.35639475065284,0.124989987
2025-10-05 16:14:48.938119888,8.343497650985165,0.124989987
2025-10-05 16:14:49.062809944,9.972245018846557,0.124989987
2025-10-05 16:14:49.187900066,11.218135591181852,0.124989987
2025-10-05 16:14:49.312890053,10.929605734031673,0.124989987
2025-10-05 16:14:49.437989950,10.042854203087785,0.124989987
2025-10-05 16:14:49.562880039,9.524245217248083,0.124989987
2025-10-05 16:14:49.687969923,8.74703941665973,0.124989987
2025-10-05 16:14:49.812860012,7.333125108428398,0.124989987
2025-10-05 16:14:49.937959909,6.721184163845386,0.124989987
2025-10-05 16:14:50.062849998,8.101126924223443,0.124989987
2025-10-05 16:14:50.188040018,10.188706993694735,0.124989987
2025-10-05 16:14:50.312930107,11.47031281958548,0.124989987
2025-10-05 16:14:50.438019991,11.403837829148616,0.124989987
2025-10-05 16:14:50.562920094,11.191837385597056,0.124989987
2025-10-05 16:14:50.688009977,12.914229546932676,0.124989987
2025-10-05 16:14:50.812900066,16.44421795077884,0.124989987
2025-10-05 16:14:50.937989950,19.213865975937633,0.124989987
2025-10-05 16:14:51.062890053,19.065871010197043,0.124989987
2025-10-05 16:14:51.187979937,16.262619517096716,0.124989987
2025-10-05 16:14:51.312969923,13.623663373791574,0.124989987
2025-10-05 16:14:51.438060045,14.4855126928078,0.124989987
2025-10-05 16:14:51.562860012,16.923300058878763,0.124989987
2025-10-05 16:14:51.687949896,17.235995520245535,0.124989987
2025-10-05 16:14:51.812740088,15.55666775326747,0.124989987
2025-10-05 16:14:51.937829971,13.690081151590299,0.124989987
2025-10-05 16:14:52.062629937,12.815970180260914,0.124989987
2025-10-05 16:14:52.187819958,11.653340431542494,0.124989987
2025-10-05 16:14:52.312609911,9.936565114761036,0.124989987
2025-10-05 16:14:52.437700033,9.551184708314828,0.124989987
2025-10-05 16:14:52.562500000,10.474754447906355,0.124989987
2025-10-05 16:14:52.687589884,10.879957722584036,0.124989987
2025-10-05 16:14:52.812380075,11.268759758156085,0.124989987
2025-10-05 16:14:52.937469959,13.069880163493199,0.124989987
2025-10-05 16:14:53.062469959,15.208573483415199,0.124989987
2025-10-05 16:14:53.187560081,15.545732539598804,0.124989987
2025-10-05 16:14:53.312350035,13.167629927091816,0.124989987
2025-10-05 16:14:53.437540054,9.085473546691608,0.124989987
2025-10-05 16:14:53.562330008,5.438372655767901,0.124989987
2025-10-05 16:14:53.687530041,4.465568500867611,0.124989987
2025-10-05 16:14:53.812319994,5.444318931252743,0.124989987
2025-10-05 16:14:53.937410116,6.589768562674717,0.124989987
2025-10-05 16:14:54.062299967,7.518971436792334,0.124989987
2025-10-05 16:14:54.187500000,7.440813751387949,0.124989987
2025-10-05 16:14:54.312289953,5.960351544220692,0.124989987
2025-10-05 16:14:54.437479973,4.351191966542846,0.124989987
2025-10-05 16:14:54.562269926,4.975816357583145,0.124989987
2025-10-05 16:14:54.687370062,6.533674654930025,0.124989987
2025-10-05 16:14:54.812259912,7.091775773802074,0.124989987
2025-10-05 16:14:54.937150002,6.360918867777672,0.124989987
2025-10-05 16:14:55.062040091,5.022981123833238,0.124989987
2025-10-05 16:14:55.187439919,4.1917654194963,0.124989987
2025-10-05 16:14:55.312330008,4.5973000139850555,0.124989987
2025-10-05 16:14:55.437419891,5.732134779296193,0.124989987
2025-10-05 16:14:55.562210083,6.705001912370197,0.124989987
2025-10-05 16:14:55.687400103,6.774766415163331,0.124989987
2025-10-05 16:14:55.812299967,5.7522756760963745,0.124989987
2025-10-05 16:14:55.937489986,4.161039723996516,0.124989987
2025-10-05 16:14:56.062380075,2.7734268396813717,0.124989987
2025-10-05 16:14:56.187370062,2.0119740007169575,0.124989987
2025-10-05 16:14:56.312469959,1.7158487032133691,0.124989987
2025-10-05 16:14:56.437259912,1.8067510798889814,0.124989987
2025-10-05 16:14:56.562150002,2.273841655768932,0.124989987
2025-10-05 16:14:56.687340021,2.9374049384058374,0.124989987
2025-10-05 16:14:56.812340021,3.4203438919931726,0.124989987
2025-10-05 16:14:56.937330008,3.490752832441449,0.124989987
2025-10-05 16:14:57.062220097,3.2406801606261606,0.124989987
2025-10-05 16:14:57.187410116,2.945006255938856,0.124989987
2025-10-05 16:14:57.312309980,2.821496506612227,0.124989987
2025-10-05 16:14:57.437400103,2.860314313594399,0.124989987
2025-10-05 16:14:57.562489986,2.819647811518488,0.124989987
2025-10-05 16:14:57.687380075,3.3085492518785324,0.124989987
2025-10-05 16:14:57.812279940,5.125211563386432,0.124989987
2025-10-05 16:14:57.937370062,7.206856493837796,0.124989987
2025-10-05 16:14:58.062259912,8.581364661075591,0.124989987
2025-10-05 16:14:58.187350035,8.693890478188116,0.124989987
2025-10-05 16:14:58.312239885,7.779203072757776,0.124989987
2025-10-05 16:14:58.437340021,6.020364934818984,0.124989987
2025-10-05 16:14:58.562230110,5.989896855432406,0.124989987
2025-10-05 16:14:58.687319994,8.101515311525246,0.124989987
2025-10-05 16:14:58.812210083,11.524655001661351,0.124989987
2025-10-05 16:14:58.937309980,14.101652125527103,0.124989987
2025-10-05 16:14:59.062200069,13.837143365126163,0.124989987
2025-10-05 16:14:59.187289953,10.130898675300823,0.124989987
2025-10-05 16:14:59.312180042,6.092494104568344,0.124989987
2025-10-05 16:14:59.437279940,8.959858919994218,0.124989987
2025-10-05 16:14:59.562170029,13.148060052174845,0.124989987
2025-10-05 16:14:59.687259912,14.194308829840677,0.124989987
2025-10-05 16:14:59.812249899,11.890841828740848,0.124989987
2025-10-05 16:14:59.937249899,7.822829314492487,0.124989987
2025-10-05 16:15:00.062139988,5.787377158540386,0.124989987
2025-10-05 16:15:00.187129974,7.606761624508357,0.124989987
2025-10-05 16:15:00.312020063,9.686767717200098,0.124989987
2025-10-05 16:15:00.437109947,10.572126335863992,0.124989987
2025-10-05 16:15:00.562010050,11.386578152340938,0.124989987
2025-10-05 16:15:00.687099934,13.940488986314579,0.124989987
2025-10-05 16:15:00.811990023,17.8376181695147,0.124989987
2025-10-05 16:15:00.936980009,20.660249835568056,0.124989987
2025-10-05 16:15:01.061880112,20.385156632979182,0.124989987
